mode,N,density,seed,t,event_type,level_resolved,n_altered_plan,n_altered_path,n_delayed_only,n_altered_naive,added_delay_total,messages,pocl_nodes,st_astar_calls,cpu_ms,success
global,5,0.05,0,22,emergency,R2_restart,4,4,0,4,44,0,1420,35,253.49026900039462,True
global,5,0.05,0,23,emergency,R2_restart,4,4,0,4,3,0,1409,35,154.4866690001072,True
global,5,0.05,0,26,blockage,R2_restart,3,3,0,3,13,0,1731,35,187.45037900043826,True
global,5,0.05,0,30,accident,R2_restart,4,4,0,4,2,0,1378,35,68.39373500042711,True
global,5,0.05,0,48,breakdown,R2_restart,4,5,0,5,4,0,984,31,60.62263700005133,True
global,5,0.05,1,5,emergency,R2_restart,2,2,0,2,22,0,1849,35,246.0482079986832,True
global,5,0.05,1,24,accident,R2_restart,4,4,0,4,4,0,1681,35,92.61474900085886,True
global,5,0.05,1,45,emergency,R2_restart,3,3,0,3,2,0,1508,25,77.72356200075592,True
global,5,0.05,1,49,breakdown,R2_restart,5,5,0,5,3,0,1515,25,77.05157000054896,True
global,5,0.05,2,10,emergency,R2_restart,3,3,0,3,1,0,1879,35,261.2202820000675,True
global,5,0.05,2,27,accident,R2_restart,5,5,0,5,7,0,1738,35,65.77166500028397,True
global,5,0.05,2,30,emergency,R2_restart,5,5,0,5,3,0,1681,33,81.3381380012288,True
global,5,0.05,2,32,accident,R2_restart,5,5,0,5,5,0,1678,33,68.32764000137104,True
global,5,0.05,3,8,accident,R2_restart,3,3,0,3,40,0,1783,35,193.24974199844291,True
global,5,0.05,3,11,emergency,R2_restart,3,4,0,4,3,0,1716,35,80.54701999935787,True
global,5,0.05,3,17,accident,R2_restart,4,5,0,5,4,0,1664,35,74.6914530009235,True
global,5,0.05,3,38,emergency,R2_restart,5,5,0,5,4,0,1429,31,61.933803001011256,True
global,5,0.05,4,19,blockage,R2_restart,4,4,0,4,18,0,1938,35,194.27088299926254,True
global,5,0.05,4,35,emergency,R2_restart,2,2,0,2,2,0,1721,29,66.11688100019819,True
global,5,0.05,4,44,emergency,R2_restart,5,5,0,5,5,0,1542,29,60.00435500027379,True
global,5,0.05,4,49,accident,R2_restart,4,5,0,5,3,0,1380,27,57.54442300167284,True
global,5,0.05,4,61,accident,R2_restart,5,5,0,5,5,0,1237,27,55.03863499870931,True
global,5,0.05,5,11,accident,R2_restart,4,4,0,4,23,0,1550,35,358.50068900072074,True
global,5,0.05,5,20,emergency,R2_restart,2,3,0,3,4,0,1500,33,52.4075070006802,True
global,5,0.05,5,35,emergency,R2_restart,5,5,0,5,5,0,1426,29,50.626099000510294,True
global,5,0.05,5,42,breakdown,R2_restart,3,4,0,4,3,0,1353,29,49.28462499992747,True
global,5,0.05,6,1,blockage,R2_restart,3,3,0,3,64,0,1835,35,172.10910200083163,True
global,5,0.05,6,3,accident,R2_restart,1,1,0,1,0,0,1806,35,151.2348629985354,True
global,5,0.05,6,27,emergency,R2_restart,5,5,0,5,5,0,1551,35,75.9947149999789,True
global,5,0.05,6,40,emergency,R2_restart,4,4,0,4,3,0,1392,31,143.75534200007678,True
global,5,0.05,6,45,accident,R2_restart,3,4,0,4,14,0,1728,31,216.35873999912292,True
global,5,0.05,6,78,blockage,R2_restart,3,3,0,3,3,0,922,21,87.25542899992433,True
global,5,0.05,7,8,emergency,R2_restart,3,4,0,4,24,0,1914,35,282.32309200029704,True
global,5,0.05,7,15,emergency,R2_restart,4,4,0,4,3,0,1831,35,77.39154699993378,True
global,5,0.05,7,17,blockage,R2_restart,4,4,0,4,4,0,1790,35,76.31045099878975,True
global,5,0.05,7,19,accident,R2_restart,5,5,0,5,4,0,1778,35,97.47425000023213,True
global,5,0.05,7,33,accident,R2_restart,4,5,0,5,6,0,1444,31,114.08910200043465,True
global,5,0.05,7,41,blockage,R2_restart,3,4,0,4,3,0,1349,29,107.51757000070938,True
global,5,0.05,7,54,blockage,R2_restart,4,4,0,4,5,0,1260,23,66.87387199963268,True
global,5,0.05,7,64,blockage,R2_restart,3,3,0,3,3,0,1155,21,73.19301200004702,True
global,5,0.05,8,2,emergency,R2_restart,4,4,0,4,30,0,2349,35,137.49377800013463,True
global,5,0.05,8,3,accident,R2_restart,1,1,0,1,0,0,2306,35,83.01337100056116,True
global,5,0.05,8,13,emergency,R2_restart,2,3,0,3,1,0,2177,35,82.76080299947353,True
global,5,0.05,8,56,accident,R2_restart,3,3,0,3,1,0,1508,25,53.39002099935897,True
global,5,0.05,8,62,blockage,R2_restart,3,4,0,4,1,0,1400,25,47.811993999857805,True
global,5,0.05,9,8,accident,R2_restart,4,4,0,4,80,0,1546,35,283.3647250008653,True
global,5,0.05,9,15,accident,R2_restart,2,3,0,3,1,0,1468,35,69.40213300003961,True
global,5,0.05,9,18,emergency,R2_restart,2,3,0,3,1,0,1435,35,53.3879380000144,True
global,5,0.05,9,33,emergency,R2_restart,5,5,0,5,5,0,1264,35,43.39563800022006,True
global,5,0.05,9,67,blockage,R2_restart,2,3,0,3,1,0,771,21,25.47582999977749,True
global,10,0.05,0,2,accident,R2_restart,7,9,0,9,7,0,3866,70,495.01363699891954,True
global,10,0.05,0,15,blockage,R2_restart,6,6,0,6,4,0,3393,70,171.2519640004757,True
global,10,0.05,0,16,emergency,R2_restart,7,7,0,7,15,0,3833,70,179.00101499981247,True
global,10,0.05,0,17,breakdown,R2_restart,8,8,0,8,4,0,3564,70,287.05157399963355,True
global,10,0.05,0,19,blockage,R2_restart,7,8,0,8,5,0,3157,70,194.803440999749,True
global,10,0.05,0,30,emergency,R2_restart,5,6,0,6,7,0,2807,62,140.78128800065315,True
global,10,0.05,0,49,blockage,R2_restart,6,6,0,6,6,0,2323,54,86.7837559999316,True
global,10,0.05,0,58,blockage,R2_restart,6,7,0,7,5,0,2283,50,115.28016400006891,True
global,10,0.05,0,81,blockage,R2_restart,7,7,0,7,7,0,1568,38,92.26419100014027,True
global,10,0.05,1,6,emergency,R2_restart,8,9,0,9,12,0,3657,70,232.31120700074825,True
global,10,0.05,1,16,blockage,R2_restart,7,7,0,7,10,0,3419,70,113.20272800003295,True
global,10,0.05,1,26,blockage,R2_restart,8,8,0,8,8,0,3022,70,128.5088429995085,True
global,10,0.05,1,30,emergency,R2_restart,8,8,0,8,8,0,2957,68,157.87885399913648,True
global,10,0.05,1,34,blockage,R2_restart,7,7,0,7,11,0,3067,64,286.1355929999263,True
global,10,0.05,1,39,breakdown,R2_restart,6,6,0,6,5,0,2901,60,156.42404400023224,True
global,10,0.05,1,44,blockage,R2_restart,9,9,0,9,7,0,2687,60,255.27731900001527,True
global,10,0.05,1,56,accident,R2_restart,8,8,0,8,6,0,2361,54,243.8885339997796,True
global,10,0.05,1,56,conflict,R2_restart,1,1,0,1,0,0,2361,54,101.4035040007002,True
global,10,0.05,1,56,conflict,R2_restart,1,1,0,1,0,0,2361,54,99.28237299936882,True
global,10,0.05,1,56,conflict,R2_restart,1,1,0,1,0,0,2361,54,109.36608700103534,True
global,10,0.05,1,56,conflict,R2_restart,1,1,0,1,0,0,2361,54,98.41237300133798,True
global,10,0.05,1,56,conflict,R2_restart,1,1,0,1,0,0,2361,54,114.76740299985977,True
global,10,0.05,1,56,conflict,R2_restart,1,1,0,1,0,0,2361,54,106.98274199967273,True
global,10,0.05,1,56,conflict,R2_restart,1,1,0,1,0,0,2361,54,119.11821799913014,True
global,10,0.05,1,56,conflict,R2_restart,1,1,0,1,0,0,2361,54,84.29974499995296,True
global,10,0.05,1,56,conflict,R2_restart,1,1,0,1,0,0,2361,54,80.85676299924671,True
global,10,0.05,1,56,conflict,R2_restart,1,1,0,1,0,0,2361,54,81.37813100074709,True
global,10,0.05,1,56,conflict,R2_restart,1,1,0,1,0,0,2361,54,106.74014300093404,True
global,10,0.05,1,56,conflict,R2_restart,1,1,0,1,0,0,2361,54,129.80731400057266,True
global,10,0.05,1,56,conflict,R2_restart,1,1,0,1,0,0,2361,54,100.95952499978011,True
global,10,0.05,1,56,conflict,R2_restart,1,1,0,1,0,0,2361,54,98.16432099978556,True
global,10,0.05,1,56,conflict,R2_restart,1,1,0,1,0,0,2361,54,121.45623400101613,True
global,10,0.05,1,56,conflict,R2_restart,1,1,0,1,0,0,2361,54,247.1551630005706,True
global,10,0.05,1,56,conflict,R2_restart,1,1,0,1,0,0,2361,54,186.6049469990685,True
global,10,0.05,1,56,conflict,R2_restart,1,1,0,1,0,0,2361,54,106.8298739992315,True
global,10,0.05,1,56,conflict,R2_restart,1,1,0,1,0,0,2361,54,82.73172300141596,True
global,10,0.05,1,56,conflict,R2_restart,1,1,0,1,0,0,2361,54,94.30649200112384,True
global,10,0.05,1,56,conflict,R2_restart,1,1,0,1,0,0,2361,54,86.48227900084748,True
global,10,0.05,1,56,conflict,R2_restart,1,1,0,1,0,0,2361,54,74.81731300140382,True
global,10,0.05,1,56,conflict,R2_restart,1,1,0,1,0,0,2361,54,76.22052599981544,True
global,10,0.05,1,56,conflict,R2_restart,1,1,0,1,0,0,2361,54,75.19305799905851,True
global,10,0.05,1,56,conflict,R2_restart,1,1,0,1,0,0,2361,54,81.87042300050962,True
global,10,0.05,1,56,conflict,R2_restart,1,1,0,1,0,0,2361,54,87.8627130005043,True
global,10,0.05,1,56,conflict,R2_restart,1,1,0,1,0,0,2361,54,91.68869399945834,True
global,10,0.05,1,56,conflict,R2_restart,1,1,0,1,0,0,2361,54,82.26889800062054,True
global,10,0.05,1,56,conflict,R2_restart,1,1,0,1,0,0,2361,54,84.0351990009367,True
global,10,0.05,1,56,conflict,R2_restart,1,1,0,1,0,0,2361,54,89.18290800102113,True
global,10,0.05,1,56,conflict,R2_restart,1,1,0,1,0,0,2361,54,95.81252899988613,True
global,10,0.05,1,56,conflict,R2_restart,1,1,0,1,0,0,2361,54,91.21070500077622,True
global,10,0.05,1,56,conflict,R2_restart,1,1,0,1,0,0,2361,54,102.07611199984967,True
global,10,0.05,1,56,conflict,R2_restart,1,1,0,1,0,0,2361,54,117.28662099994835,True
global,10,0.05,1,56,conflict,R2_restart,1,1,0,1,0,0,2361,54,94.06320199923357,True
global,10,0.05,1,56,conflict,R2_restart,1,1,0,1,0,0,2361,54,88.9068540000153,True
global,10,0.05,1,56,conflict,R2_restart,1,1,0,1,0,0,2361,54,84.01100599985512,True
global,10,0.05,1,56,conflict,R2_restart,1,1,0,1,0,0,2361,54,75.73858099931385,True
global,10,0.05,1,56,conflict,R2_restart,1,1,0,1,0,0,2361,54,213.8300459992024,True
global,10,0.05,1,56,conflict,R2_restart,1,1,0,1,0,0,2361,54,129.7419929996977,True
global,10,0.05,1,56,conflict,R2_restart,1,1,0,1,0,0,2361,54,197.23435999912908,True
global,10,0.05,1,56,conflict,R2_restart,1,1,0,1,0,0,2361,54,125.64684800054238,True
global,10,0.05,1,56,conflict,R2_restart,1,1,0,1,0,0,2361,54,141.65542999944591,True
global,10,0.05,1,56,conflict,R2_restart,1,1,0,1,0,0,2361,54,143.63539700025285,True
global,10,0.05,1,56,conflict,R2_restart,1,1,0,1,0,0,2361,54,143.2861920002324,True
global,10,0.05,1,56,conflict,R2_restart,1,1,0,1,0,0,2361,54,112.82372900132032,True
global,10,0.05,1,56,conflict,R2_restart,1,1,0,1,0,0,2361,54,121.25680400095007,True
global,10,0.05,1,56,conflict,R2_restart,1,1,0,1,0,0,2361,54,110.36185899865814,True
global,10,0.05,1,56,conflict,R2_restart,1,1,0,1,0,0,2361,54,148.61894199930248,True
global,10,0.05,1,56,conflict,R2_restart,1,1,0,1,0,0,2361,54,108.73355100011395,True
global,10,0.05,1,56,conflict,R2_restart,1,1,0,1,0,0,2361,54,111.24518099859415,True
global,10,0.05,1,56,conflict,R2_restart,1,1,0,1,0,0,2361,54,105.59016700062784,True
global,10,0.05,1,56,conflict,R2_restart,1,1,0,1,0,0,2361,54,105.93180000068969,True
global,10,0.05,1,56,conflict,R2_restart,1,1,0,1,0,0,2361,54,102.3690619986155,True
global,10,0.05,1,56,conflict,R2_restart,1,1,0,1,0,0,2361,54,103.8223020004807,True
global,10,0.05,1,56,conflict,R2_restart,1,1,0,1,0,0,2361,54,107.18086000088078,True
global,10,0.05,1,56,conflict,R2_restart,1,1,0,1,0,0,2361,54,137.6187870009744,True
global,10,0.05,1,56,conflict,R2_restart,1,1,0,1,0,0,2361,54,239.4603789998655,True
global,10,0.05,1,56,conflict,R2_restart,1,1,0,1,0,0,2361,54,99.335016000623,True
global,10,0.05,1,56,conflict,R2_restart,1,1,0,1,0,0,2361,54,108.97702399961418,True
global,10,0.05,1,56,conflict,R2_restart,1,1,0,1,0,0,2361,54,134.99649000004865,True
global,10,0.05,1,56,conflict,R2_restart,1,1,0,1,0,0,2361,54,117.41169900051318,True
global,10,0.05,1,56,conflict,R2_restart,1,1,0,1,0,0,2361,54,473.54418199938664,True
global,10,0.05,1,56,conflict,R2_restart,1,1,0,1,0,0,2361,54,97.31320699938806,True
global,10,0.05,1,56,conflict,R2_restart,1,1,0,1,0,0,2361,54,108.15824599922053,True
global,10,0.05,1,56,conflict,R2_restart,1,1,0,1,0,0,2361,54,141.39329899990116,True
global,10,0.05,1,56,conflict,R2_restart,1,1,0,1,0,0,2361,54,124.54738099950191,True
global,10,0.05,1,56,conflict,R2_restart,1,1,0,1,0,0,2361,54,218.96906599977228,True
global,10,0.05,1,56,conflict,R2_restart,1,1,0,1,0,0,2361,54,128.33391200001643,True
global,10,0.05,1,56,conflict,R2_restart,1,1,0,1,0,0,2361,54,95.42745100043248,True
global,10,0.05,1,56,conflict,R2_restart,1,1,0,1,0,0,2361,54,87.20448799977021,True
global,10,0.05,1,56,conflict,R2_restart,1,1,0,1,0,0,2361,54,121.20503699952678,True
global,10,0.05,1,56,conflict,R2_restart,1,1,0,1,0,0,2361,54,105.38714799986337,True
global,10,0.05,1,56,conflict,R2_restart,1,1,0,1,0,0,2361,54,145.4762400007894,True
global,10,0.05,1,56,conflict,R2_restart,1,1,0,1,0,0,2361,54,110.64803100089193,True
global,10,0.05,1,56,conflict,R2_restart,1,1,0,1,0,0,2361,54,122.20101000093564,True
global,10,0.05,1,56,conflict,R2_restart,1,1,0,1,0,0,2361,54,113.36418699829665,True
global,10,0.05,1,56,conflict,R2_restart,1,1,0,1,0,0,2361,54,232.55855099887413,True
global,10,0.05,1,56,conflict,R2_restart,1,1,0,1,0,0,2361,54,145.47583800049324,True
global,10,0.05,1,56,conflict,R2_restart,1,1,0,1,0,0,2361,54,132.1630560014455,True
global,10,0.05,1,56,conflict,R2_restart,5,5,0,5,0,0,2361,54,140.72796900109097,True
global,10,0.05,1,56,conflict,R2_restart,1,1,0,1,0,0,2361,54,123.21637599961832,True
global,10,0.05,1,56,conflict,R2_restart,1,1,0,1,0,0,2361,54,120.85561599997163,True
global,10,0.05,1,56,conflict,R2_restart,1,1,0,1,0,0,2361,54,124.1274540006998,True
global,10,0.05,1,56,conflict,R2_restart,1,1,0,1,0,0,2361,54,122.30139799976314,True
global,10,0.05,1,56,conflict,R2_restart,1,1,0,1,0,0,2361,54,114.15716100054851,True
global,10,0.05,1,56,conflict,R2_restart,1,1,0,1,0,0,2361,54,105.73152200049662,True
global,10,0.05,1,56,conflict,R2_restart,1,1,0,1,0,0,2361,54,96.81270200053405,True
global,10,0.05,1,56,conflict,R2_restart,1,1,0,1,0,0,2361,54,101.61661100028141,True
global,10,0.05,1,56,conflict,R2_restart,1,1,0,1,0,0,2361,54,102.62497199983045,True
global,10,0.05,1,56,conflict,R2_restart,1,1,0,1,0,0,2361,54,106.68563000035647,True
global,10,0.05,1,56,conflict,R2_restart,1,1,0,1,0,0,2361,54,100.03109599892923,True
global,10,0.05,1,56,conflict,R2_restart,1,1,0,1,0,0,2361,54,102.84214800049085,True
global,10,0.05,1,56,conflict,R2_restart,1,1,0,1,0,0,2361,54,95.84842999902321,True
global,10,0.05,1,56,conflict,R2_restart,1,1,0,1,0,0,2361,54,122.2234489996481,True
global,10,0.05,1,56,conflict,R2_restart,1,1,0,1,0,0,2361,54,98.05055200013157,True
global,10,0.05,1,56,conflict,R2_restart,1,1,0,1,0,0,2361,54,102.87844599952223,True
global,10,0.05,1,56,conflict,R2_restart,1,1,0,1,0,0,2361,54,149.33837900025537,True
global,10,0.05,1,56,conflict,R2_restart,1,1,0,1,0,0,2361,54,128.92797799941036,True
global,10,0.05,1,56,conflict,R2_restart,1,1,0,1,0,0,2361,54,155.5815880001319,True
global,10,0.05,1,56,conflict,R2_restart,1,1,0,1,0,0,2361,54,128.40313000015158,True
global,10,0.05,1,56,conflict,R2_restart,1,1,0,1,0,0,2361,54,103.13528499864333,True
global,10,0.05,1,56,conflict,R2_restart,1,1,0,1,0,0,2361,54,100.71044100004656,True
global,10,0.05,1,56,conflict,R2_restart,1,1,0,1,0,0,2361,54,166.38250700088975,True
global,10,0.05,1,56,conflict,R2_restart,1,1,0,1,0,0,2361,54,115.51756299923,True
global,10,0.05,1,56,conflict,R2_restart,1,1,0,1,0,0,2361,54,126.82289000076707,True
global,10,0.05,1,56,conflict,R2_restart,1,1,0,1,0,0,2361,54,120.84773999958998,True
global,10,0.05,1,56,conflict,R2_restart,1,1,0,1,0,0,2361,54,129.21553399974073,True
global,10,0.05,1,56,conflict,R2_restart,1,1,0,1,0,0,2361,54,153.67963800053985,True
global,10,0.05,1,56,conflict,R2_restart,1,1,0,1,0,0,2361,54,189.33641200055717,True
global,10,0.05,1,56,conflict,R2_restart,1,1,0,1,0,0,2361,54,109.06459299985727,True
global,10,0.05,1,56,conflict,R2_restart,1,1,0,1,0,0,2361,54,93.5166389990627,True
global,10,0.05,1,56,conflict,R2_restart,1,1,0,1,0,0,2361,54,106.17238499980886,True
global,10,0.05,1,56,conflict,R2_restart,1,1,0,1,0,0,2361,54,123.07738900017284,True
global,10,0.05,1,56,conflict,R2_restart,1,1,0,1,0,0,2361,54,108.57466500056034,True
global,10,0.05,1,56,conflict,R2_restart,1,1,0,1,0,0,2361,54,99.58971100058989,True
global,10,0.05,1,56,conflict,R2_restart,1,1,0,1,0,0,2361,54,104.35881900048116,True
global,10,0.05,1,56,conflict,R2_restart,1,1,0,1,0,0,2361,54,116.24327600111428,True
global,10,0.05,1,56,conflict,R2_restart,1,1,0,1,0,0,2361,54,123.46278199947847,True
global,10,0.05,1,56,conflict,R2_restart,1,1,0,1,0,0,2361,54,123.07028100076423,True
global,10,0.05,1,56,conflict,R2_restart,1,1,0,1,0,0,2361,54,119.07951200009848,True
global,10,0.05,1,56,conflict,R2_restart,1,1,0,1,0,0,2361,54,233.40445999929216,True
global,10,0.05,1,56,conflict,R2_restart,1,1,0,1,0,0,2361,54,215.96268600114854,True
global,10,0.05,1,56,conflict,R2_restart,1,1,0,1,0,0,2361,54,223.45023900015804,True
global,10,0.05,1,56,conflict,R2_restart,1,1,0,1,0,0,2361,54,170.70260400032566,True
global,10,0.05,1,56,conflict,R2_restart,1,1,0,1,0,0,2361,54,218.05804200084822,True
global,10,0.05,1,56,conflict,R2_restart,1,1,0,1,0,0,2361,54,122.09723500018299,True
global,10,0.05,1,56,conflict,R2_restart,1,1,0,1,0,0,2361,54,102.1544819996052,True
global,10,0.05,1,56,conflict,R2_restart,1,1,0,1,0,0,2361,54,108.81145900020783,True
global,10,0.05,1,56,conflict,R2_restart,1,1,0,1,0,0,2361,54,162.56342200176732,True
global,10,0.05,1,56,conflict,R2_restart,1,1,0,1,0,0,2361,54,102.64391899909242,True
global,10,0.05,1,56,conflict,R2_restart,1,1,0,1,0,0,2361,54,209.60491100049694,True
global,10,0.05,1,56,conflict,R2_restart,1,1,0,1,0,0,2361,54,195.46112500029267,True
global,10,0.05,1,56,conflict,R2_restart,1,1,0,1,0,0,2361,54,116.38262999986182,True
global,10,0.05,1,56,conflict,R2_restart,1,1,0,1,0,0,2361,54,182.79188700034865,True
global,10,0.05,1,56,conflict,R2_restart,1,1,0,1,0,0,2361,54,217.2058249998372,True
global,10,0.05,1,56,conflict,R2_restart,1,1,0,1,0,0,2361,54,184.79852999917057,True
global,10,0.05,1,56,conflict,R2_restart,1,1,0,1,0,0,2361,54,130.34969700129295,True
global,10,0.05,1,56,conflict,R2_restart,1,1,0,1,0,0,2361,54,124.45340900012525,True
global,10,0.05,1,56,conflict,R2_restart,1,1,0,1,0,0,2361,54,148.16879300087749,True
global,10,0.05,1,56,conflict,R2_restart,1,1,0,1,0,0,2361,54,169.11621799954446,True
global,10,0.05,1,56,conflict,R2_restart,1,1,0,1,0,0,2361,54,199.10934399922553,True
global,10,0.05,1,56,conflict,R2_restart,1,1,0,1,0,0,2361,54,121.40203399940219,True
global,10,0.05,1,56,conflict,R2_restart,1,1,0,1,0,0,2361,54,119.69790599869157,True
global,10,0.05,1,56,conflict,R2_restart,1,1,0,1,0,0,2361,54,120.00888799957465,True
global,10,0.05,1,56,conflict,R2_restart,1,1,0,1,0,0,2361,54,115.08170499837433,True
global,10,0.05,1,56,conflict,R2_restart,1,1,0,1,0,0,2361,54,139.1236689996731,True
global,10,0.05,1,56,conflict,R2_restart,1,1,0,1,0,0,2361,54,153.50606399988465,True
global,10,0.05,1,56,conflict,R2_restart,1,1,0,1,0,0,2361,54,125.51588300084404,True
global,10,0.05,1,56,conflict,R2_restart,1,1,0,1,0,0,2361,54,104.63701099979517,True
global,10,0.05,1,56,conflict,R2_restart,1,1,0,1,0,0,2361,54,138.42619199931505,True
global,10,0.05,1,56,conflict,R2_restart,1,1,0,1,0,0,2361,54,196.82549299977836,True
global,10,0.05,1,56,conflict,R2_restart,1,1,0,1,0,0,2361,54,89.1116119983053,True
global,10,0.05,1,56,conflict,R2_restart,1,1,0,1,0,0,2361,54,81.98633900065033,True
global,10,0.05,1,56,conflict,R2_restart,1,1,0,1,0,0,2361,54,81.4844960004848,True
global,10,0.05,1,56,conflict,R2_restart,1,1,0,1,0,0,2361,54,80.78992899936566,True
global,10,0.05,1,56,conflict,R2_restart,1,1,0,1,0,0,2361,54,101.97659600089537,True
global,10,0.05,1,56,conflict,R2_restart,1,1,0,1,0,0,2361,54,91.44245099923864,True
global,10,0.05,1,56,conflict,R2_restart,1,1,0,1,0,0,2361,54,117.06018400036555,True
global,10,0.05,1,56,conflict,R2_restart,1,1,0,1,0,0,2361,54,145.15109099920664,True
global,10,0.05,1,56,conflict,R2_restart,4,4,0,4,0,0,2361,54,73.23686400013685,True
global,10,0.05,1,56,conflict,R2_restart,1,1,0,1,0,0,2361,54,74.88558699878922,True
global,10,0.05,1,56,conflict,R2_restart,1,1,0,1,0,0,2361,54,84.46483300031105,True
global,10,0.05,1,56,conflict,R2_restart,1,1,0,1,0,0,2361,54,75.68325499960338,True
global,10,0.05,1,56,conflict,R2_restart,1,1,0,1,0,0,2361,54,94.03587599990715,True
global,10,0.05,1,56,conflict,R2_restart,1,1,0,1,0,0,2361,54,83.15763999962655,True
global,10,0.05,1,56,conflict,R2_restart,1,1,0,1,0,0,2361,54,81.19185699979425,True
global,10,0.05,1,56,conflict,R2_restart,1,1,0,1,0,0,2361,54,143.82810499955667,True
global,10,0.05,1,56,conflict,R2_restart,1,1,0,1,0,0,2361,54,102.85304799981532,True
global,10,0.05,1,56,conflict,R2_restart,1,1,0,1,0,0,2361,54,100.28763999980583,True
global,10,0.05,1,56,conflict,R2_restart,1,1,0,1,0,0,2361,54,102.28918800021347,True
global,10,0.05,1,56,conflict,R2_restart,1,1,0,1,0,0,2361,54,104.65000600015628,True
global,10,0.05,1,56,conflict,R2_restart,1,1,0,1,0,0,2361,54,99.07201199894189,True
global,10,0.05,1,56,conflict,R2_restart,1,1,0,1,0,0,2361,54,91.56086999973923,True
global,10,0.05,1,56,conflict,R2_restart,1,1,0,1,0,0,2361,54,105.81185199953325,True
global,10,0.05,1,56,conflict,R2_restart,1,1,0,1,0,0,2361,54,130.5592569988221,True
global,10,0.05,1,56,conflict,R2_restart,1,1,0,1,0,0,2361,54,102.46486399955756,True
global,10,0.05,1,56,conflict,R2_restart,1,1,0,1,0,0,2361,54,88.59799799938628,True
global,10,0.05,1,56,conflict,R2_restart,1,1,0,1,0,0,2361,54,80.77492300071754,True
global,10,0.05,1,56,conflict,R2_restart,1,1,0,1,0,0,2361,54,102.75129699948593,True
global,10,0.05,1,56,conflict,R2_restart,1,1,0,1,0,0,2361,54,98.33031900052447,True
global,10,0.05,1,56,conflict,R2_restart,1,1,0,1,0,0,2361,54,95.18071400088957,True
global,10,0.05,1,56,conflict,R2_restart,1,1,0,1,0,0,2361,54,96.65994600072736,True
global,10,0.05,1,56,conflict,R2_restart,1,1,0,1,0,0,2361,54,101.85705699950631,True
global,10,0.05,1,56,conflict,R2_restart,1,1,0,1,0,0,2361,54,89.16070300074352,True
global,10,0.05,1,56,conflict,R2_restart,1,1,0,1,0,0,2361,54,81.48126600099204,True
global,10,0.05,1,56,conflict,R2_restart,1,1,0,1,0,0,2361,54,82.18449400010286,True
global,10,0.05,1,56,conflict,R2_restart,1,1,0,1,0,0,2361,54,87.51031899919326,True
global,10,0.05,1,56,conflict,R2_restart,1,1,0,1,0,0,2361,54,92.21970399994461,True
global,10,0.05,1,56,conflict,R2_restart,1,1,0,1,0,0,2361,54,184.60235800012015,True
global,10,0.05,1,56,conflict,R2_restart,1,1,0,1,0,0,2361,54,120.03387799995835,True
global,10,0.05,1,56,conflict,R2_restart,1,1,0,1,0,0,2361,54,93.04629299913358,True
global,10,0.05,1,56,conflict,R2_restart,1,1,0,1,0,0,2361,54,102.78823299995565,True
global,10,0.05,1,56,conflict,R2_restart,1,1,0,1,0,0,2361,54,124.45558500076004,True
global,10,0.05,1,56,conflict,R2_restart,1,1,0,1,0,0,2361,54,115.10597500091535,True
global,10,0.05,1,56,conflict,R2_restart,1,1,0,1,0,0,2361,54,113.60161299853644,True
global,10,0.05,1,56,conflict,R2_restart,1,1,0,1,0,0,2361,54,114.27590099992813,True
global,10,0.05,1,56,conflict,R2_restart,1,1,0,1,0,0,2361,54,103.93491800095944,True
global,10,0.05,1,56,conflict,R2_restart,1,1,0,1,0,0,2361,54,113.89775099996768,True
global,10,0.05,1,56,conflict,R2_restart,1,1,0,1,0,0,2361,54,107.81100799977139,True
global,10,0.05,1,56,conflict,R2_restart,1,1,0,1,0,0,2361,54,147.12234300168348,True
global,10,0.05,1,56,conflict,R2_restart,1,1,0,1,0,0,2361,54,112.40664800061495,True
global,10,0.05,1,56,conflict,R2_restart,1,1,0,1,0,0,2361,54,97.49497800112294,True
global,10,0.05,1,56,conflict,R2_restart,1,1,0,1,0,0,2361,54,95.12693599936028,True
global,10,0.05,1,56,conflict,R2_restart,1,1,0,1,0,0,2361,54,92.85994499987282,True
global,10,0.05,1,56,conflict,R2_restart,1,1,0,1,0,0,2361,54,150.31011499922897,True
global,10,0.05,1,56,conflict,R2_restart,1,1,0,1,0,0,2361,54,146.31823399940913,True
global,10,0.05,1,56,conflict,R2_restart,1,1,0,1,0,0,2361,54,97.53150599863147,True
global,10,0.05,1,56,conflict,R2_restart,1,1,0,1,0,0,2361,54,96.12640099840064,True
global,10,0.05,1,56,conflict,R2_restart,1,1,0,1,0,0,2361,54,86.809323000125,True
global,10,0.05,1,56,conflict,R2_restart,1,1,0,1,0,0,2361,54,95.17058299934433,True
global,10,0.05,1,56,conflict,R2_restart,1,1,0,1,0,0,2361,54,100.78367200003413,True
global,10,0.05,1,56,conflict,R2_restart,1,1,0,1,0,0,2361,54,92.51871899869002,True
global,10,0.05,1,56,conflict,R2_restart,1,1,0,1,0,0,2361,54,100.01761799867381,True
global,10,0.05,1,56,conflict,R2_restart,1,1,0,1,0,0,2361,54,102.64948999974877,True
global,10,0.05,1,56,conflict,R2_restart,1,1,0,1,0,0,2361,54,112.04833400006464,True
global,10,0.05,1,56,conflict,R2_restart,1,1,0,1,0,0,2361,54,95.90164799919876,True
global,10,0.05,1,56,conflict,R2_restart,1,1,0,1,0,0,2361,54,126.27823699949658,True
global,10,0.05,1,56,conflict,R2_restart,1,1,0,1,0,0,2361,54,81.26870099840744,True
global,10,0.05,1,56,conflict,R2_restart,1,1,0,1,0,0,2361,54,81.12866199917335,True
global,10,0.05,1,56,conflict,R2_restart,1,1,0,1,0,0,2361,54,94.69251900009112,True
global,10,0.05,1,56,conflict,R2_restart,1,1,0,1,0,0,2361,54,93.94819200133497,True
global,10,0.05,1,56,conflict,R2_restart,1,1,0,1,0,0,2361,54,109.45807099960803,True
global,10,0.05,1,56,conflict,R2_restart,1,1,0,1,0,0,2361,54,113.84964100034267,True
global,10,0.05,1,56,conflict,R2_restart,1,1,0,1,0,0,2361,54,127.37677199947939,True
global,10,0.05,1,56,conflict,R2_restart,1,1,0,1,0,0,2361,54,112.84887400142907,True
global,10,0.05,1,56,conflict,R2_restart,1,1,0,1,0,0,2361,54,100.9071499993297,True
global,10,0.05,1,56,conflict,R2_restart,1,1,0,1,0,0,2361,54,87.21835899996222,True
global,10,0.05,1,56,conflict,R2_restart,1,1,0,1,0,0,2361,54,98.51877800065267,True
global,10,0.05,1,56,conflict,R2_restart,1,1,0,1,0,0,2361,54,101.88957699938328,True
global,10,0.05,1,56,conflict,R2_restart,1,1,0,1,0,0,2361,54,106.70939200099383,True
global,10,0.05,1,56,conflict,R2_restart,1,1,0,1,0,0,2361,54,93.61609400002635,True
global,10,0.05,1,56,conflict,R2_restart,1,1,0,1,0,0,2361,54,169.1137500001787,True
global,10,0.05,1,56,conflict,R2_restart,1,1,0,1,0,0,2361,54,91.04707400001644,True
global,10,0.05,1,56,conflict,R2_restart,1,1,0,1,0,0,2361,54,91.4324180012045,True
global,10,0.05,1,56,conflict,R2_restart,1,1,0,1,0,0,2361,54,94.6944169991184,True
global,10,0.05,1,56,conflict,R2_restart,1,1,0,1,0,0,2361,54,89.54774900121265,True
global,10,0.05,1,56,conflict,R2_restart,1,1,0,1,0,0,2361,54,87.85524099948816,True
global,10,0.05,1,56,conflict,R2_restart,1,1,0,1,0,0,2361,54,78.160361999835,True
global,10,0.05,1,56,conflict,R2_restart,1,1,0,1,0,0,2361,54,84.1591160005919,True
global,10,0.05,1,56,conflict,R2_restart,4,4,0,4,0,0,2361,54,102.96841799936374,True
global,10,0.05,1,56,conflict,R2_restart,1,1,0,1,0,0,2361,54,96.7290620010317,True
global,10,0.05,1,56,conflict,R2_restart,1,1,0,1,0,0,2361,54,95.01334400010819,True
global,10,0.05,1,56,conflict,R2_restart,1,1,0,1,0,0,2361,54,95.1686360003805,True
global,10,0.05,1,56,conflict,R2_restart,1,1,0,1,0,0,2361,54,89.66662300008466,True
global,10,0.05,1,56,conflict,R2_restart,1,1,0,1,0,0,2361,54,98.75033000025724,True
global,10,0.05,1,56,conflict,R2_restart,1,1,0,1,0,0,2361,54,91.4485280009103,True
global,10,0.05,1,56,conflict,R2_restart,1,1,0,1,0,0,2361,54,91.13323499877879,True
global,10,0.05,1,56,conflict,R2_restart,1,1,0,1,0,0,2361,54,92.3845640008949,True
global,10,0.05,1,56,conflict,R2_restart,1,1,0,1,0,0,2361,54,83.2470449986431,True
global,10,0.05,1,56,conflict,R2_restart,1,1,0,1,0,0,2361,54,99.56104699995194,True
global,10,0.05,1,56,conflict,R2_restart,1,1,0,1,0,0,2361,54,106.17439199995715,True
global,10,0.05,1,56,conflict,R2_restart,1,1,0,1,0,0,2361,54,83.78980999987107,True
global,10,0.05,1,56,conflict,R2_restart,1,1,0,1,0,0,2361,54,95.93471399966802,True
global,10,0.05,1,56,conflict,R2_restart,1,1,0,1,0,0,2361,54,102.56377999940014,True
global,10,0.05,1,56,conflict,R2_restart,1,1,0,1,0,0,2361,54,84.77949500047544,True
global,10,0.05,1,56,conflict,R2_restart,1,1,0,1,0,0,2361,54,95.89211399907072,True
global,10,0.05,1,56,conflict,R2_restart,1,1,0,1,0,0,2361,54,112.93996699896525,True
global,10,0.05,1,56,conflict,R2_restart,1,1,0,1,0,0,2361,54,92.90182100085076,True
global,10,0.05,1,56,conflict,R2_restart,1,1,0,1,0,0,2361,54,103.61601799922937,True
global,10,0.05,1,56,conflict,R2_restart,1,1,0,1,0,0,2361,54,103.21141200074635,True
global,10,0.05,1,56,conflict,R2_restart,1,1,0,1,0,0,2361,54,83.80789799957711,True
global,10,0.05,1,56,conflict,R2_restart,1,1,0,1,0,0,2361,54,189.74211599925184,True
global,10,0.05,1,56,conflict,R2_restart,1,1,0,1,0,0,2361,54,247.06190600045375,True
global,10,0.05,1,56,conflict,R2_restart,1,1,0,1,0,0,2361,54,103.38563900040754,True
global,10,0.05,1,56,conflict,R2_restart,1,1,0,1,0,0,2361,54,121.71550799939723,True
global,10,0.05,1,56,conflict,R2_restart,1,1,0,1,0,0,2361,54,89.7375220010872,True
global,10,0.05,1,56,conflict,R2_restart,1,1,0,1,0,0,2361,54,261.08749599916337,True
global,10,0.05,1,56,conflict,R2_restart,1,1,0,1,0,0,2361,54,123.46239099861123,True
global,10,0.05,1,56,conflict,R2_restart,1,1,0,1,0,0,2361,54,227.3689989997365,True
global,10,0.05,1,56,conflict,R2_restart,1,1,0,1,0,0,2361,54,279.1280170004029,True
global,10,0.05,1,56,conflict,R2_restart,1,1,0,1,0,0,2361,54,204.65224600047804,True
global,10,0.05,1,56,conflict,R2_restart,1,1,0,1,0,0,2361,54,148.73701199940115,True
global,10,0.05,1,56,conflict,R2_restart,1,1,0,1,0,0,2361,54,153.70137500030978,True
global,10,0.05,1,56,conflict,R2_restart,1,1,0,1,0,0,2361,54,145.9147870009474,True
global,10,0.05,1,56,conflict,R2_restart,1,1,0,1,0,0,2361,54,73.28399299876764,True
global,10,0.05,1,56,conflict,R2_restart,1,1,0,1,0,0,2361,54,72.64524899983371,True
global,10,0.05,1,56,conflict,R2_restart,1,1,0,1,0,0,2361,54,72.63176500055124,True
global,10,0.05,1,56,conflict,R2_restart,1,1,0,1,0,0,2361,54,127.91420299981837,True
global,10,0.05,1,56,conflict,R2_restart,1,1,0,1,0,0,2361,54,160.16192799907003,True
global,10,0.05,1,56,conflict,R2_restart,1,1,0,1,0,0,2361,54,171.0607409986551,True
global,10,0.05,1,56,conflict,R2_restart,1,1,0,1,0,0,2361,54,142.70290400054364,True
global,10,0.05,1,56,conflict,R2_restart,1,1,0,1,0,0,2361,54,75.00066000102379,True
global,10,0.05,1,56,conflict,R2_restart,1,1,0,1,0,0,2361,54,75.1262770008907,True
global,10,0.05,1,56,conflict,R2_restart,1,1,0,1,0,0,2361,54,82.65412200125866,True
global,10,0.05,1,56,conflict,R2_restart,1,1,0,1,0,0,2361,54,77.95495700156607,True
global,10,0.05,1,56,conflict,R2_restart,1,1,0,1,0,0,2361,54,72.3024559993064,True
global,10,0.05,1,56,conflict,R2_restart,1,1,0,1,0,0,2361,54,75.4142440000578,True
global,10,0.05,1,56,conflict,R2_restart,1,1,0,1,0,0,2361,54,70.7394609999028,True
global,10,0.05,1,56,conflict,R2_restart,1,1,0,1,0,0,2361,54,71.06541999928595,True
global,10,0.05,1,56,conflict,R2_restart,1,1,0,1,0,0,2361,54,69.04080899948895,True
global,10,0.05,1,56,conflict,R2_restart,1,1,0,1,0,0,2361,54,68.25961699905747,True
global,10,0.05,1,56,conflict,R2_restart,1,1,0,1,0,0,2361,54,76.14664300126606,True
global,10,0.05,1,56,conflict,R2_restart,1,1,0,1,0,0,2361,54,93.77250100078527,True
global,10,0.05,1,56,conflict,R2_restart,1,1,0,1,0,0,2361,54,85.23620999949344,True
global,10,0.05,1,56,conflict,R2_restart,1,1,0,1,0,0,2361,54,83.16563300104463,True
global,10,0.05,1,56,conflict,R2_restart,1,1,0,1,0,0,2361,54,111.37049599892634,True
global,10,0.05,1,56,conflict,R2_restart,1,1,0,1,0,0,2361,54,72.25625700084493,True
global,10,0.05,1,56,conflict,R2_restart,1,1,0,1,0,0,2361,54,69.10031499864999,True
global,10,0.05,1,56,conflict,R2_restart,1,1,0,1,0,0,2361,54,68.99199200051953,True
global,10,0.05,1,56,conflict,R2_restart,1,1,0,1,0,0,2361,54,69.4838740000705,True
global,10,0.05,1,56,conflict,R2_restart,1,1,0,1,0,0,2361,54,68.41462599913939,True
global,10,0.05,1,56,conflict,R2_restart,1,1,0,1,0,0,2361,54,143.78286499959358,True
global,10,0.05,1,56,conflict,R2_restart,1,1,0,1,0,0,2361,54,67.48250400050892,True
global,10,0.05,1,56,conflict,R2_restart,1,1,0,1,0,0,2361,54,68.47225300043647,True
global,10,0.05,1,56,conflict,R2_restart,1,1,0,1,0,0,2361,54,70.08357399899978,True
global,10,0.05,1,56,conflict,R2_restart,1,1,0,1,0,0,2361,54,72.8247150000243,True
global,10,0.05,1,56,conflict,R2_restart,1,1,0,1,0,0,2361,54,71.92059599947243,True
global,10,0.05,1,56,conflict,R2_restart,1,1,0,1,0,0,2361,54,70.08110199967632,True
global,10,0.05,1,56,conflict,R2_restart,1,1,0,1,0,0,2361,54,72.50947400098084,True
global,10,0.05,1,56,conflict,R2_restart,1,1,0,1,0,0,2361,54,69.0941800003202,True
global,10,0.05,1,56,conflict,R2_restart,1,1,0,1,0,0,2361,54,69.16048300081457,True
global,10,0.05,1,56,conflict,R2_restart,1,1,0,1,0,0,2361,54,74.29360700007237,True
global,10,0.05,1,56,conflict,R2_restart,1,1,0,1,0,0,2361,54,67.68083200040564,True
global,10,0.05,1,56,conflict,R2_restart,1,1,0,1,0,0,2361,54,67.88150499960466,True
global,10,0.05,1,56,conflict,R2_restart,1,1,0,1,0,0,2361,54,69.93553899883409,True
global,10,0.05,1,56,conflict,R2_restart,1,1,0,1,0,0,2361,54,77.34170099865878,True
global,10,0.05,1,56,conflict,R2_restart,1,1,0,1,0,0,2361,54,71.85941799980355,True
global,10,0.05,1,56,conflict,R2_restart,1,1,0,1,0,0,2361,54,71.17293299961602,True
global,10,0.05,1,56,conflict,R2_restart,1,1,0,1,0,0,2361,54,87.0325710002362,True
global,10,0.05,1,56,conflict,R2_restart,3,3,0,3,0,0,2361,54,128.68730800073536,True
global,10,0.05,1,56,conflict,R2_restart,1,1,0,1,0,0,2361,54,78.89946499926737,True
global,10,0.05,1,56,conflict,R2_restart,1,1,0,1,0,0,2361,54,74.69605700134707,True
global,10,0.05,1,56,conflict,R2_restart,1,1,0,1,0,0,2361,54,71.27012700038904,True
global,10,0.05,1,56,conflict,R2_restart,1,1,0,1,0,0,2361,54,72.74110300022585,True
global,10,0.05,1,56,conflict,R2_restart,1,1,0,1,0,0,2361,54,72.53940299960959,True
global,10,0.05,1,56,conflict,R2_restart,1,1,0,1,0,0,2361,54,70.44435900024837,True
global,10,0.05,1,56,conflict,R2_restart,1,1,0,1,0,0,2361,54,74.61712999975134,True
global,10,0.05,1,56,conflict,R2_restart,1,1,0,1,0,0,2361,54,112.27594199954183,True
global,10,0.05,1,56,conflict,R2_restart,1,1,0,1,0,0,2361,54,68.5834319992864,True
global,10,0.05,1,56,conflict,R2_restart,1,1,0,1,0,0,2361,54,71.97925299988128,True
global,10,0.05,1,56,conflict,R2_restart,1,1,0,1,0,0,2361,54,78.99550000001909,True
global,10,0.05,1,56,conflict,R2_restart,1,1,0,1,0,0,2361,54,167.90850600045815,True
global,10,0.05,1,56,conflict,R2_restart,1,1,0,1,0,0,2361,54,180.18265799946676,True
global,10,0.05,1,56,conflict,R2_restart,1,1,0,1,0,0,2361,54,93.56507299889927,True
global,10,0.05,1,56,conflict,R2_restart,1,1,0,1,0,0,2361,54,82.1598990005441,True
global,10,0.05,1,56,conflict,R2_restart,1,1,0,1,0,0,2361,54,115.71009300132573,True
global,10,0.05,1,56,conflict,R2_restart,1,1,0,1,0,0,2361,54,173.91335100001015,True
global,10,0.05,1,56,conflict,R2_restart,1,1,0,1,0,0,2361,54,103.93368400036707,True
global,10,0.05,1,56,conflict,R2_restart,1,1,0,1,0,0,2361,54,82.71974400122417,True
global,10,0.05,1,56,conflict,R2_restart,1,1,0,1,0,0,2361,54,81.51322800040361,True
global,10,0.05,1,56,conflict,R2_restart,1,1,0,1,0,0,2361,54,112.04325700055051,True
global,10,0.05,1,56,conflict,R2_restart,1,1,0,1,0,0,2361,54,96.08159299932595,True
global,10,0.05,1,56,conflict,R2_restart,1,1,0,1,0,0,2361,54,84.55291099926399,True
global,10,0.05,1,56,conflict,R2_restart,1,1,0,1,0,0,2361,54,77.18688200111501,True
global,10,0.05,1,56,conflict,R2_restart,1,1,0,1,0,0,2361,54,80.06925500012585,True
global,10,0.05,1,56,conflict,R2_restart,1,1,0,1,0,0,2361,54,79.07485999930941,True
global,10,0.05,1,56,conflict,R2_restart,1,1,0,1,0,0,2361,54,78.48718599962012,True
global,10,0.05,1,56,conflict,R2_restart,1,1,0,1,0,0,2361,54,79.12291200045729,True
global,10,0.05,1,56,conflict,R2_restart,1,1,0,1,0,0,2361,54,78.06541400168499,True
global,10,0.05,1,56,conflict,R2_restart,1,1,0,1,0,0,2361,54,77.99352899928635,True
global,10,0.05,1,56,conflict,R2_restart,1,1,0,1,0,0,2361,54,79.46274999994785,True
global,10,0.05,1,56,conflict,R2_restart,1,1,0,1,0,0,2361,54,78.48249199923885,True
global,10,0.05,1,56,conflict,R2_restart,1,1,0,1,0,0,2361,54,78.0661169992527,True
global,10,0.05,1,56,conflict,R2_restart,1,1,0,1,0,0,2361,54,79.54725799936568,True
global,10,0.05,1,56,conflict,R2_restart,1,1,0,1,0,0,2361,54,78.33213199955935,True
global,10,0.05,1,56,conflict,R2_restart,1,1,0,1,0,0,2361,54,83.66082799875585,True
global,10,0.05,1,56,conflict,R2_restart,1,1,0,1,0,0,2361,54,81.63421400058724,True
global,10,0.05,1,56,conflict,R2_restart,1,1,0,1,0,0,2361,54,77.71725699967647,True
global,10,0.05,1,56,conflict,R2_restart,1,1,0,1,0,0,2361,54,77.99965800040809,True
global,10,0.05,1,56,conflict,R2_restart,1,1,0,1,0,0,2361,54,109.69376100001682,True
global,10,0.05,1,56,conflict,R2_restart,1,1,0,1,0,0,2361,54,80.83919099954073,True
global,10,0.05,1,56,conflict,R2_restart,1,1,0,1,0,0,2361,54,87.83761499944376,True
global,10,0.05,1,56,conflict,R2_restart,1,1,0,1,0,0,2361,54,79.84536000003573,True
global,10,0.05,1,56,conflict,R2_restart,1,1,0,1,0,0,2361,54,78.26822899914987,True
global,10,0.05,1,56,conflict,R2_restart,1,1,0,1,0,0,2361,54,77.88208700003452,True
global,10,0.05,1,56,conflict,R2_restart,1,1,0,1,0,0,2361,54,78.49351899858448,True
global,10,0.05,1,56,conflict,R2_restart,1,1,0,1,0,0,2361,54,178.0459060009889,True
global,10,0.05,1,56,conflict,R2_restart,1,1,0,1,0,0,2361,54,160.12285200122278,True
global,10,0.05,1,56,conflict,R2_restart,1,1,0,1,0,0,2361,54,139.43998700051452,True
global,10,0.05,1,56,conflict,R2_restart,1,1,0,1,0,0,2361,54,259.64116899922374,True
global,10,0.05,1,56,conflict,R2_restart,1,1,0,1,0,0,2361,54,215.3204040005221,True
global,10,0.05,1,56,conflict,R2_restart,1,1,0,1,0,0,2361,54,112.99880300066434,True
global,10,0.05,1,56,conflict,R2_restart,1,1,0,1,0,0,2361,54,131.56940000044415,True
global,10,0.05,1,56,conflict,R2_restart,1,1,0,1,0,0,2361,54,128.77232199934951,True
global,10,0.05,1,56,conflict,R2_restart,1,1,0,1,0,0,2361,54,112.411885000256,True
global,10,0.05,1,56,conflict,R2_restart,1,1,0,1,0,0,2361,54,96.57498500018846,True
global,10,0.05,1,56,conflict,R2_restart,1,1,0,1,0,0,2361,54,84.39837399964745,True
global,10,0.05,1,56,conflict,R2_restart,1,1,0,1,0,0,2361,54,81.6336030002276,True
global,10,0.05,1,56,conflict,R2_restart,1,1,0,1,0,0,2361,54,80.03617599933932,True
global,10,0.05,1,56,conflict,R2_restart,1,1,0,1,0,0,2361,54,79.79750900085492,True
global,10,0.05,1,56,conflict,R2_restart,1,1,0,1,0,0,2361,54,80.54404200083809,True
global,10,0.05,1,56,conflict,R2_restart,1,1,0,1,0,0,2361,54,80.79025899860426,True
global,10,0.05,1,56,conflict,R2_restart,1,1,0,1,0,0,2361,54,80.57248200020695,True
global,10,0.05,1,56,conflict,R2_restart,1,1,0,1,0,0,2361,54,90.82351799952448,True
global,10,0.05,1,56,conflict,R2_restart,1,1,0,1,0,0,2361,54,159.51833600047394,True
global,10,0.05,1,56,conflict,R2_restart,1,1,0,1,0,0,2361,54,109.23282600015227,True
global,10,0.05,1,56,conflict,R2_restart,1,1,0,1,0,0,2361,54,106.09151899916469,True
global,10,0.05,1,56,conflict,R2_restart,1,1,0,1,0,0,2361,54,107.52152100030798,True
global,10,0.05,1,56,conflict,R2_restart,1,1,0,1,0,0,2361,54,85.2191470003163,True
global,10,0.05,1,56,conflict,R2_restart,1,1,0,1,0,0,2361,54,76.99747700098669,True
global,10,0.05,1,56,conflict,R2_restart,1,1,0,1,0,0,2361,54,96.9266609990882,True
global,10,0.05,1,56,conflict,R2_restart,1,1,0,1,0,0,2361,54,126.40823699985049,True
global,10,0.05,1,56,conflict,R2_restart,1,1,0,1,0,0,2361,54,103.815943999507,True
global,10,0.05,1,56,conflict,R2_restart,1,1,0,1,0,0,2361,54,69.51604799905908,True
global,10,0.05,1,56,conflict,R2_restart,1,1,0,1,0,0,2361,54,69.60878599966236,True
global,10,0.05,1,56,conflict,R2_restart,1,1,0,1,0,0,2361,54,77.76052400004119,True
global,10,0.05,1,56,conflict,R2_restart,1,1,0,1,0,0,2361,54,73.32416300050681,True
global,10,0.05,1,56,conflict,R2_restart,1,1,0,1,0,0,2361,54,78.61879000120098,True
global,10,0.05,1,56,conflict,R2_restart,1,1,0,1,0,0,2361,54,70.75221999912173,True
global,10,0.05,1,56,conflict,R2_restart,1,1,0,1,0,0,2361,54,66.83408199933183,True
global,10,0.05,1,56,conflict,R2_restart,1,1,0,1,0,0,2361,54,77.02306900137046,True
global,10,0.05,1,56,conflict,R2_restart,1,1,0,1,0,0,2361,54,123.40178699923854,True
global,10,0.05,1,56,conflict,R2_restart,1,1,0,1,0,0,2361,54,69.97019600021304,True
global,10,0.05,1,56,conflict,R2_restart,1,1,0,1,0,0,2361,54,67.3709089987824,True
global,10,0.05,1,56,conflict,R2_restart,1,1,0,1,0,0,2361,54,66.48950999988301,True
global,10,0.05,1,56,conflict,R2_restart,1,1,0,1,0,0,2361,54,66.99371800095832,True
global,10,0.05,1,56,conflict,R2_restart,1,1,0,1,0,0,2361,54,94.23343700109399,True
global,10,0.05,1,56,conflict,R2_restart,1,1,0,1,0,0,2361,54,97.09468899927742,True
global,10,0.05,1,56,conflict,R2_restart,1,1,0,1,0,0,2361,54,90.72735100016871,True
global,10,0.05,1,56,conflict,R2_restart,1,1,0,1,0,0,2361,54,87.5047910012654,True
global,10,0.05,1,56,conflict,R2_restart,1,1,0,1,0,0,2361,54,101.2973899996723,True
global,10,0.05,1,56,conflict,R2_restart,1,1,0,1,0,0,2361,54,82.17084799980512,True
global,10,0.05,1,56,conflict,R2_restart,1,1,0,1,0,0,2361,54,95.39469500123232,True
global,10,0.05,1,56,conflict,R2_restart,1,1,0,1,0,0,2361,54,112.73059799896146,True
global,10,0.05,1,56,conflict,R2_restart,1,1,0,1,0,0,2361,54,125.68878000092809,True
global,10,0.05,1,56,conflict,R2_restart,1,1,0,1,0,0,2361,54,105.54448800030514,True
global,10,0.05,1,56,conflict,R2_restart,1,1,0,1,0,0,2361,54,220.4300930006866,True
global,10,0.05,1,56,conflict,R2_restart,1,1,0,1,0,0,2361,54,108.647397999448,True
global,10,0.05,1,56,conflict,R2_restart,1,1,0,1,0,0,2361,54,96.73779900003865,True
global,10,0.05,1,56,conflict,R2_restart,1,1,0,1,0,0,2361,54,100.61163599857537,True
global,10,0.05,1,56,conflict,R2_restart,1,1,0,1,0,0,2361,54,74.54872000016621,True
global,10,0.05,1,56,conflict,R2_restart,1,1,0,1,0,0,2361,54,71.06358700002602,True
global,10,0.05,1,56,conflict,R2_restart,1,1,0,1,0,0,2361,54,70.1651370000036,True
global,10,0.05,1,56,conflict,R2_restart,1,1,0,1,0,0,2361,54,72.54577599996992,True
global,10,0.05,1,56,conflict,R2_restart,1,1,0,1,0,0,2361,54,78.91591699990386,True
global,10,0.05,1,56,conflict,R2_restart,1,1,0,1,0,0,2361,54,168.49836300025345,True
global,10,0.05,1,56,conflict,R2_restart,1,1,0,1,0,0,2361,54,66.87614600014058,True
global,10,0.05,1,56,conflict,R2_restart,1,1,0,1,0,0,2361,54,116.87042400080827,True
global,10,0.05,1,56,conflict,R2_restart,1,1,0,1,0,0,2361,54,149.59502700003213,True
global,10,0.05,1,56,conflict,R2_restart,1,1,0,1,0,0,2361,54,70.57367800007341,True
global,10,0.05,1,56,conflict,R2_restart,1,1,0,1,0,0,2361,54,67.11947300027532,True
global,10,0.05,1,56,conflict,R2_restart,1,1,0,1,0,0,2361,54,66.43042799987597,True
global,10,0.05,1,56,conflict,R2_restart,1,1,0,1,0,0,2361,54,74.08480400044937,True
global,10,0.05,1,56,conflict,R2_restart,1,1,0,1,0,0,2361,54,126.04462499984947,True
global,10,0.05,1,56,conflict,R2_restart,1,1,0,1,0,0,2361,54,94.82264300095267,True
global,10,0.05,1,56,conflict,R2_restart,1,1,0,1,0,0,2361,54,111.30308999963745,True
global,10,0.05,1,56,conflict,R2_restart,1,1,0,1,0,0,2361,54,110.44583599868929,True
global,10,0.05,1,56,conflict,R2_restart,1,1,0,1,0,0,2361,54,102.22813899963512,True
global,10,0.05,1,56,conflict,R2_restart,1,1,0,1,0,0,2361,54,141.77200199992512,True
global,10,0.05,1,56,conflict,R2_restart,1,1,0,1,0,0,2361,54,251.2042050002492,True
global,10,0.05,1,56,conflict,R2_restart,1,1,0,1,0,0,2361,54,289.6243710001727,True
global,10,0.05,1,56,conflict,R2_restart,1,1,0,1,0,0,2361,54,325.77171599950816,True
global,10,0.05,1,56,conflict,R2_restart,1,1,0,1,0,0,2361,54,185.7531959994958,True
global,10,0.05,1,56,conflict,R2_restart,1,1,0,1,0,0,2361,54,185.58715499966638,True
global,10,0.05,1,56,conflict,R2_restart,1,1,0,1,0,0,2361,54,136.10289600001124,True
global,10,0.05,1,56,conflict,R2_restart,1,1,0,1,0,0,2361,54,85.38686500105541,True
global,10,0.05,1,56,conflict,R2_restart,1,1,0,1,0,0,2361,54,95.27105699999083,True
global,10,0.05,1,56,conflict,R2_restart,1,1,0,1,0,0,2361,54,121.01045099916519,True
global,10,0.05,1,56,conflict,R2_restart,1,1,0,1,0,0,2361,54,110.57588800031226,True
global,10,0.05,1,56,conflict,R2_restart,1,1,0,1,0,0,2361,54,122.04649500017695,True
global,10,0.05,1,56,conflict,R2_restart,1,1,0,1,0,0,2361,54,189.20962499942107,True
global,10,0.05,1,56,conflict,R2_restart,1,1,0,1,0,0,2361,54,119.69717800093349,True
global,10,0.05,1,56,conflict,R2_restart,1,1,0,1,0,0,2361,54,96.39248299936298,True
global,10,0.05,1,56,conflict,R2_restart,1,1,0,1,0,0,2361,54,98.41026200047054,True
global,10,0.05,1,56,conflict,R2_restart,1,1,0,1,0,0,2361,54,112.46134500106564,True
global,10,0.05,1,56,conflict,R2_restart,1,1,0,1,0,0,2361,54,173.92947999906028,True
global,10,0.05,1,56,conflict,R2_restart,1,1,0,1,0,0,2361,54,84.25839000119595,True
global,10,0.05,1,56,conflict,R2_restart,1,1,0,1,0,0,2361,54,131.6948540006706,True
global,10,0.05,1,56,conflict,R2_restart,1,1,0,1,0,0,2361,54,112.84898600024462,True
global,10,0.05,1,56,conflict,R2_restart,1,1,0,1,0,0,2361,54,120.29986499874212,True
global,10,0.05,1,56,conflict,R2_restart,1,1,0,1,0,0,2361,54,101.07743099979416,True
global,10,0.05,1,56,conflict,R2_restart,1,1,0,1,0,0,2361,54,83.13298900066002,True
global,10,0.05,1,56,conflict,R2_restart,1,1,0,1,0,0,2361,54,95.90410300006624,True
global,10,0.05,1,56,conflict,R2_restart,1,1,0,1,0,0,2361,54,109.5941870007664,True
global,10,0.05,1,56,conflict,R2_restart,1,1,0,1,0,0,2361,54,100.36826099894824,True
global,10,0.05,1,56,conflict,R2_restart,1,1,0,1,0,0,2361,54,100.57619500003057,True
global,10,0.05,1,56,conflict,R2_restart,1,1,0,1,0,0,2361,54,99.85557700019854,True
global,10,0.05,1,56,conflict,R2_restart,1,1,0,1,0,0,2361,54,102.79360700042162,True
global,10,0.05,1,56,conflict,R2_restart,1,1,0,1,0,0,2361,54,93.45574299914006,True
global,10,0.05,1,56,conflict,R2_restart,1,1,0,1,0,0,2361,54,93.82737499981886,True
global,10,0.05,1,56,conflict,R2_restart,1,1,0,1,0,0,2361,54,99.09623800012923,True
global,10,0.05,1,56,conflict,R2_restart,1,1,0,1,0,0,2361,54,99.52967099889065,True
global,10,0.05,1,56,conflict,R2_restart,1,1,0,1,0,0,2361,54,207.68379900073342,True
global,10,0.05,1,56,conflict,R2_restart,1,1,0,1,0,0,2361,54,198.57904200034682,True
global,10,0.05,1,56,conflict,R2_restart,1,1,0,1,0,0,2361,54,194.1773890011973,True
global,10,0.05,1,56,conflict,R2_restart,1,1,0,1,0,0,2361,54,128.46136299958744,True
global,10,0.05,1,56,conflict,R2_restart,1,1,0,1,0,0,2361,54,96.62879499956034,True
global,10,0.05,1,56,conflict,R2_restart,1,1,0,1,0,0,2361,54,78.67724199968507,True
global,10,0.05,1,56,conflict,R2_restart,1,1,0,1,0,0,2361,54,84.37237900034233,True
global,10,0.05,1,71,blockage,R2_restart,5,5,0,5,3,0,1912,42,125.16766900080256,True
global,10,0.05,1,96,blockage,R2_restart,4,4,0,4,4,0,1369,32,55.86803799997142,True
global,10,0.05,1,99,blockage,R2_restart,4,4,0,4,4,0,1291,32,63.653410999904736,True
global,10,0.05,1,103,blockage,R2_restart,4,4,0,4,3,0,1221,30,123.53334699946572,True
global,10,0.05,2,6,emergency,R2_restart,8,9,0,9,87,0,3733,70,283.85343699847,True
global,10,0.05,2,12,accident,R2_restart,2,2,0,2,1,0,3634,68,178.6594340010197,True
global,10,0.05,2,14,emergency,R2_restart,2,3,0,3,1,0,3612,68,120.43653599903337,True
global,10,0.05,2,25,accident,R2_restart,8,9,0,9,8,0,3340,66,140.30336100040586,True
global,10,0.05,2,54,blockage,R2_restart,7,7,0,7,7,0,2595,50,177.64836099922832,True
global,10,0.05,2,62,blockage,R2_restart,7,7,0,7,4,0,2272,44,160.9467450016382,True
global,10,0.05,2,67,blockage,R2_restart,7,8,0,8,8,0,2189,44,99.63976199833269,True
global,10,0.05,3,11,emergency,R2_restart,9,10,0,10,41,0,3316,70,239.78671599979862,True
global,10,0.05,3,14,breakdown,R2_restart,5,6,0,6,3,0,3272,70,192.3562360007054,True
global,10,0.05,3,29,emergency,R2_restart,9,9,0,9,9,0,2920,68,182.99164899872267,True
global,10,0.05,3,39,blockage,R2_restart,9,9,0,9,13,0,2646,64,89.8778670016327,True
global,10,0.05,3,41,blockage,R2_restart,8,8,0,8,6,0,2564,62,84.95083999878261,True
global,10,0.05,3,46,blockage+breakdown,R2_restart,8,8,0,8,17,0,3751,60,115.95961800048826,True
global,10,0.05,3,46,conflict,R2_restart,1,1,0,1,0,0,3751,60,143.84896000046865,True
global,10,0.05,3,46,conflict,R2_restart,1,1,0,1,0,0,3751,60,181.47991600017122,True
global,10,0.05,3,46,conflict,R2_restart,1,1,0,1,0,0,3751,60,113.74649699973816,True
global,10,0.05,3,46,conflict,R2_restart,1,1,0,1,0,0,3751,60,116.22734699994908,True
global,10,0.05,3,46,conflict,R2_restart,1,1,0,1,0,0,3751,60,97.66425499947218,True
global,10,0.05,3,46,conflict,R2_restart,1,1,0,1,0,0,3751,60,116.16993399911735,True
global,10,0.05,3,46,conflict,R2_restart,1,1,0,1,0,0,3751,60,148.2121629996982,True
global,10,0.05,3,46,conflict,R2_restart,1,1,0,1,0,0,3751,60,108.89419600061956,True
global,10,0.05,3,46,conflict,R2_restart,1,1,0,1,0,0,3751,60,155.87198799948965,True
global,10,0.05,3,46,conflict,R2_restart,1,1,0,1,0,0,3751,60,113.06561600031273,True
global,10,0.05,3,46,conflict,R2_restart,1,1,0,1,0,0,3751,60,152.73143200101913,True
global,10,0.05,3,46,conflict,R2_restart,1,1,0,1,0,0,3751,60,175.18892499901995,True
global,10,0.05,3,46,conflict,R2_restart,1,1,0,1,0,0,3751,60,103.84803700071643,True
global,10,0.05,3,46,conflict,R2_restart,1,1,0,1,0,0,3751,60,99.42643100112036,True
global,10,0.05,3,46,conflict,R2_restart,1,1,0,1,0,0,3751,60,104.72225299963611,True
global,10,0.05,3,46,conflict,R2_restart,1,1,0,1,0,0,3751,60,126.98925099903136,True
global,10,0.05,3,46,conflict,R2_restart,1,1,0,1,0,0,3751,60,100.69604599993909,True
global,10,0.05,3,46,conflict,R2_restart,1,1,0,1,0,0,3751,60,103.60850100005337,True
global,10,0.05,3,46,conflict,R2_restart,1,1,0,1,0,0,3751,60,103.59194400007254,True
global,10,0.05,3,46,conflict,R2_restart,1,1,0,1,0,0,3751,60,210.60280999881797,True
global,10,0.05,3,46,conflict,R2_restart,1,1,0,1,0,0,3751,60,109.27702600019984,True
global,10,0.05,3,46,conflict,R2_restart,1,1,0,1,0,0,3751,60,222.51728999981424,True
global,10,0.05,3,46,conflict,R2_restart,1,1,0,1,0,0,3751,60,129.72283999988576,True
global,10,0.05,3,46,conflict,R2_restart,1,1,0,1,0,0,3751,60,131.21248499919602,True
global,10,0.05,3,46,conflict,R2_restart,1,1,0,1,0,0,3751,60,107.86002600070788,True
global,10,0.05,3,46,conflict,R2_restart,1,1,0,1,0,0,3751,60,329.3872920003196,True
global,10,0.05,3,46,conflict,R2_restart,1,1,0,1,0,0,3751,60,226.65383000094153,True
global,10,0.05,3,46,conflict,R2_restart,1,1,0,1,0,0,3751,60,152.8008220011543,True
global,10,0.05,3,46,conflict,R2_restart,1,1,0,1,0,0,3751,60,196.8927049983904,True
global,10,0.05,3,46,conflict,R2_restart,1,1,0,1,0,0,3751,60,338.9985539997724,True
global,10,0.05,3,46,conflict,R2_restart,1,1,0,1,0,0,3751,60,278.681243000392,True
global,10,0.05,3,46,conflict,R2_restart,1,1,0,1,0,0,3751,60,251.44662200000312,True
global,10,0.05,3,46,conflict,R2_restart,1,1,0,1,0,0,3751,60,298.3518410001125,True
global,10,0.05,3,46,conflict,R2_restart,1,1,0,1,0,0,3751,60,419.07745999924373,True
global,10,0.05,3,46,conflict,R2_restart,1,1,0,1,0,0,3751,60,233.35548700015352,True
global,10,0.05,3,46,conflict,R2_restart,1,1,0,1,0,0,3751,60,128.4915340002044,True
global,10,0.05,3,46,conflict,R2_restart,1,1,0,1,0,0,3751,60,114.77126799945836,True
global,10,0.05,3,46,conflict,R2_restart,1,1,0,1,0,0,3751,60,130.9018539996032,True
global,10,0.05,3,46,conflict,R2_restart,1,1,0,1,0,0,3751,60,116.06580300031055,True
global,10,0.05,3,46,conflict,R2_restart,1,1,0,1,0,0,3751,60,110.87750799924834,True
global,10,0.05,3,46,conflict,R2_restart,1,1,0,1,0,0,3751,60,196.65735099988524,True
global,10,0.05,3,46,conflict,R2_restart,1,1,0,1,0,0,3751,60,138.72966799863207,True
global,10,0.05,3,46,conflict,R2_restart,1,1,0,1,0,0,3751,60,174.85737099923426,True
global,10,0.05,3,46,conflict,R2_restart,1,1,0,1,0,0,3751,60,265.49196199994185,True
global,10,0.05,3,46,conflict,R2_restart,1,1,0,1,0,0,3751,60,203.4772500010149,True
global,10,0.05,3,46,conflict,R2_restart,1,1,0,1,0,0,3751,60,157.301469000231,True
global,10,0.05,3,46,conflict,R2_restart,1,1,0,1,0,0,3751,60,168.9983359992766,True
global,10,0.05,3,46,conflict,R2_restart,1,1,0,1,0,0,3751,60,192.7604180000344,True
global,10,0.05,3,46,conflict,R2_restart,1,1,0,1,0,0,3751,60,310.2907780012174,True
global,10,0.05,3,46,conflict,R2_restart,1,1,0,1,0,0,3751,60,178.48530799892615,True
global,10,0.05,3,46,conflict,R2_restart,1,1,0,1,0,0,3751,60,142.56542600014654,True
global,10,0.05,3,46,conflict,R2_restart,1,1,0,1,0,0,3751,60,165.088323999953,True
global,10,0.05,3,46,conflict,R2_restart,1,1,0,1,0,0,3751,60,162.4829820011655,True
global,10,0.05,3,46,conflict,R2_restart,1,1,0,1,0,0,3751,60,363.87968999952136,True
global,10,0.05,3,46,conflict,R2_restart,1,1,0,1,0,0,3751,60,160.2154479987803,True
global,10,0.05,3,46,conflict,R2_restart,1,1,0,1,0,0,3751,60,123.66715400094108,True
global,10,0.05,3,46,conflict,R2_restart,1,1,0,1,0,0,3751,60,135.2128559992707,True
global,10,0.05,3,46,conflict,R2_restart,1,1,0,1,0,0,3751,60,212.7530379984819,True
global,10,0.05,3,46,conflict,R2_restart,1,1,0,1,0,0,3751,60,138.94750000144995,True
global,10,0.05,3,46,conflict,R2_restart,1,1,0,1,0,0,3751,60,140.91397899937874,True
global,10,0.05,3,46,conflict,R2_restart,1,1,0,1,0,0,3751,60,151.92614600164234,True
global,10,0.05,3,46,conflict,R2_restart,1,1,0,1,0,0,3751,60,334.1191039999103,True
global,10,0.05,3,46,conflict,R2_restart,1,1,0,1,0,0,3751,60,296.4154920009605,True
global,10,0.05,3,46,conflict,R2_restart,1,1,0,1,0,0,3751,60,225.41765800087887,True
global,10,0.05,3,46,conflict,R2_restart,1,1,0,1,0,0,3751,60,315.56307500068215,True
global,10,0.05,3,46,conflict,R2_restart,1,1,0,1,0,0,3751,60,374.69217800025945,True
global,10,0.05,3,46,conflict,R2_restart,1,1,0,1,0,0,3751,60,344.49722899989865,True
global,10,0.05,3,46,conflict,R2_restart,1,1,0,1,0,0,3751,60,404.12999000000127,True
global,10,0.05,3,46,conflict,R2_restart,1,1,0,1,0,0,3751,60,332.3792629998934,True
global,10,0.05,3,46,conflict,R2_restart,1,1,0,1,0,0,3751,60,291.0377009993681,True
global,10,0.05,3,46,conflict,R2_restart,1,1,0,1,0,0,3751,60,165.20400999979756,True
global,10,0.05,3,46,conflict,R2_restart,1,1,0,1,0,0,3751,60,174.77470800076844,True
global,10,0.05,3,46,conflict,R2_restart,1,1,0,1,0,0,3751,60,197.2113409992744,True
global,10,0.05,3,46,conflict,R2_restart,1,1,0,1,0,0,3751,60,184.2239489997155,True
global,10,0.05,3,46,conflict,R2_restart,1,1,0,1,0,0,3751,60,143.01695700123673,True
global,10,0.05,3,46,conflict,R2_restart,1,1,0,1,0,0,3751,60,174.84716400031175,True
global,10,0.05,3,46,conflict,R2_restart,1,1,0,1,0,0,3751,60,201.54945200010843,True
global,10,0.05,3,46,conflict,R2_restart,1,1,0,1,0,0,3751,60,176.51017099888122,True
global,10,0.05,3,46,conflict,R2_restart,1,1,0,1,0,0,3751,60,175.79478599873255,True
global,10,0.05,3,46,conflict,R2_restart,1,1,0,1,0,0,3751,60,167.1285690008517,True
global,10,0.05,3,46,conflict,R2_restart,8,8,0,8,1,0,3751,60,147.6866209995933,True
global,10,0.05,3,46,conflict,R2_restart,1,1,0,1,0,0,3751,60,210.6313959993713,True
global,10,0.05,3,46,conflict,R2_restart,1,1,0,1,0,0,3751,60,143.49639299871342,True
global,10,0.05,3,46,conflict,R2_restart,1,1,0,1,0,0,3751,60,304.8611800004437,True
global,10,0.05,3,46,conflict,R2_restart,1,1,0,1,0,0,3751,60,147.75976300006732,True
global,10,0.05,3,46,conflict,R2_restart,1,1,0,1,0,0,3751,60,148.16914699986228,True
global,10,0.05,3,46,conflict,R2_restart,1,1,0,1,0,0,3751,60,140.55152099899715,True
global,10,0.05,3,46,conflict,R2_restart,1,1,0,1,0,0,3751,60,151.8091909983923,True
global,10,0.05,3,46,conflict,R2_restart,1,1,0,1,0,0,3751,60,238.57475799923122,True
global,10,0.05,3,46,conflict,R2_restart,1,1,0,1,0,0,3751,60,330.23750400025165,True
global,10,0.05,3,46,conflict,R2_restart,1,1,0,1,0,0,3751,60,157.28425000088464,True
global,10,0.05,3,46,conflict,R2_restart,1,1,0,1,0,0,3751,60,166.73583899864752,True
global,10,0.05,3,46,conflict,R2_restart,1,1,0,1,0,0,3751,60,184.36602000110724,True
global,10,0.05,3,46,conflict,R2_restart,1,1,0,1,0,0,3751,60,408.95046700097737,True
global,10,0.05,3,46,conflict,R2_restart,1,1,0,1,0,0,3751,60,119.43046700071136,True
global,10,0.05,3,46,conflict,R2_restart,1,1,0,1,0,0,3751,60,117.76879599892709,True
global,10,0.05,3,46,conflict,R2_restart,1,1,0,1,0,0,3751,60,116.80884500128741,True
global,10,0.05,3,46,conflict,R2_restart,1,1,0,1,0,0,3751,60,124.89258300047368,True
global,10,0.05,3,46,conflict,R2_restart,1,1,0,1,0,0,3751,60,130.93612699958612,True
global,10,0.05,3,46,conflict,R2_restart,1,1,0,1,0,0,3751,60,133.37969900021562,True
global,10,0.05,3,46,conflict,R2_restart,1,1,0,1,0,0,3751,60,154.20332400026382,True
global,10,0.05,3,46,conflict,R2_restart,1,1,0,1,0,0,3751,60,122.21435600076802,True
global,10,0.05,3,46,conflict,R2_restart,1,1,0,1,0,0,3751,60,133.80073000007542,True
global,10,0.05,3,46,conflict,R2_restart,1,1,0,1,0,0,3751,60,164.14986000017961,True
global,10,0.05,3,46,conflict,R2_restart,1,1,0,1,0,0,3751,60,180.66276999888942,True
global,10,0.05,3,46,conflict,R2_restart,1,1,0,1,0,0,3751,60,125.24848600151017,True
global,10,0.05,3,46,conflict,R2_restart,1,1,0,1,0,0,3751,60,212.59088999977394,True
global,10,0.05,3,46,conflict,R2_restart,1,1,0,1,0,0,3751,60,123.71894200077804,True
global,10,0.05,3,46,conflict,R2_restart,1,1,0,1,0,0,3751,60,122.34720999913407,True
global,10,0.05,3,46,conflict,R2_restart,1,1,0,1,0,0,3751,60,197.3731050002243,True
global,10,0.05,3,46,conflict,R2_restart,1,1,0,1,0,0,3751,60,122.25175200001104,True
global,10,0.05,3,46,conflict,R2_restart,1,1,0,1,0,0,3751,60,130.58009599990328,True
global,10,0.05,3,46,conflict,R2_restart,1,1,0,1,0,0,3751,60,149.46164899993164,True
global,10,0.05,3,46,conflict,R2_restart,1,1,0,1,0,0,3751,60,116.77026600045792,True
global,10,0.05,3,46,conflict,R2_restart,1,1,0,1,0,0,3751,60,113.19494900089921,True
global,10,0.05,3,46,conflict,R2_restart,1,1,0,1,0,0,3751,60,114.03460300061852,True
global,10,0.05,3,46,conflict,R2_restart,1,1,0,1,0,0,3751,60,166.8853549999767,True
global,10,0.05,3,46,conflict,R2_restart,1,1,0,1,0,0,3751,60,172.6003439998749,True
global,10,0.05,3,46,conflict,R2_restart,1,1,0,1,0,0,3751,60,183.57717800063256,True
global,10,0.05,3,46,conflict,R2_restart,1,1,0,1,0,0,3751,60,384.3978109998716,True
global,10,0.05,3,46,conflict,R2_restart,1,1,0,1,0,0,3751,60,284.1749269991851,True
global,10,0.05,3,46,conflict,R2_restart,1,1,0,1,0,0,3751,60,246.91437899855373,True
global,10,0.05,3,46,conflict,R2_restart,1,1,0,1,0,0,3751,60,128.82130999969377,True
global,10,0.05,3,46,conflict,R2_restart,1,1,0,1,0,0,3751,60,124.64952699883725,True
global,10,0.05,3,46,conflict,R2_restart,1,1,0,1,0,0,3751,60,126.83337699854746,True
global,10,0.05,3,46,conflict,R2_restart,1,1,0,1,0,0,3751,60,125.1384480001434,True
global,10,0.05,3,46,conflict,R2_restart,1,1,0,1,0,0,3751,60,158.13645900016127,True
global,10,0.05,3,46,conflict,R2_restart,1,1,0,1,0,0,3751,60,141.5714750000916,True
global,10,0.05,3,46,conflict,R2_restart,1,1,0,1,0,0,3751,60,163.94433999994362,True
global,10,0.05,3,46,conflict,R2_restart,1,1,0,1,0,0,3751,60,132.81947000177752,True
global,10,0.05,3,46,conflict,R2_restart,1,1,0,1,0,0,3751,60,134.23037600114185,True
global,10,0.05,3,46,conflict,R2_restart,1,1,0,1,0,0,3751,60,125.10518099952606,True
global,10,0.05,3,46,conflict,R2_restart,1,1,0,1,0,0,3751,60,126.55625400111603,True
global,10,0.05,3,46,conflict,R2_restart,1,1,0,1,0,0,3751,60,128.84278099954827,True
global,10,0.05,3,46,conflict,R2_restart,1,1,0,1,0,0,3751,60,125.04933399941365,True
global,10,0.05,3,46,conflict,R2_restart,1,1,0,1,0,0,3751,60,124.45120299889822,True
global,10,0.05,3,46,conflict,R2_restart,1,1,0,1,0,0,3751,60,137.95156800006225,True
global,10,0.05,3,46,conflict,R2_restart,1,1,0,1,0,0,3751,60,180.77582200021425,True
global,10,0.05,3,46,conflict,R2_restart,1,1,0,1,0,0,3751,60,192.96332500016433,True
global,10,0.05,3,46,conflict,R2_restart,1,1,0,1,0,0,3751,60,183.02711400065164,True
global,10,0.05,3,46,conflict,R2_restart,1,1,0,1,0,0,3751,60,173.1683170000906,True
global,10,0.05,3,46,conflict,R2_restart,1,1,0,1,0,0,3751,60,133.44974000028742,True
global,10,0.05,3,46,conflict,R2_restart,1,1,0,1,0,0,3751,60,122.37256499975047,True
global,10,0.05,3,46,conflict,R2_restart,1,1,0,1,0,0,3751,60,135.38574700032768,True
global,10,0.05,3,46,conflict,R2_restart,1,1,0,1,0,0,3751,60,133.7412470002164,True
global,10,0.05,3,46,conflict,R2_restart,1,1,0,1,0,0,3751,60,126.44971999907284,True
global,10,0.05,3,46,conflict,R2_restart,1,1,0,1,0,0,3751,60,122.90112599839631,True
global,10,0.05,3,46,conflict,R2_restart,1,1,0,1,0,0,3751,60,174.67595400012215,True
global,10,0.05,3,46,conflict,R2_restart,1,1,0,1,0,0,3751,60,149.64790099838865,True
global,10,0.05,3,46,conflict,R2_restart,1,1,0,1,0,0,3751,60,216.49082700059807,True
global,10,0.05,3,46,conflict,R2_restart,1,1,0,1,0,0,3751,60,259.5753759997024,True
global,10,0.05,3,46,conflict,R2_restart,1,1,0,1,0,0,3751,60,230.495558000257,True
global,10,0.05,3,46,conflict,R2_restart,1,1,0,1,0,0,3751,60,121.89239900180837,True
global,10,0.05,3,46,conflict,R2_restart,1,1,0,1,0,0,3751,60,127.53359800080943,True
global,10,0.05,3,46,conflict,R2_restart,1,1,0,1,0,0,3751,60,125.93491100051324,True
global,10,0.05,3,46,conflict,R2_restart,1,1,0,1,0,0,3751,60,123.93262900150148,True
global,10,0.05,3,46,conflict,R2_restart,1,1,0,1,0,0,3751,60,123.89283300035459,True
global,10,0.05,3,46,conflict,R2_restart,1,1,0,1,0,0,3751,60,152.3880350014224,True
global,10,0.05,3,46,conflict,R2_restart,1,1,0,1,0,0,3751,60,123.49858300149208,True
global,10,0.05,3,46,conflict,R2_restart,1,1,0,1,0,0,3751,60,124.24636400101008,True
global,10,0.05,3,46,conflict,R2_restart,1,1,0,1,0,0,3751,60,124.092563000886,True
global,10,0.05,3,46,conflict,R2_restart,1,1,0,1,0,0,3751,60,131.27480699949956,True
global,10,0.05,3,46,conflict,R2_restart,1,1,0,1,0,0,3751,60,144.58161600123276,True
global,10,0.05,3,46,conflict,R2_restart,1,1,0,1,0,0,3751,60,122.99082199933764,True
global,10,0.05,3,46,conflict,R2_restart,1,1,0,1,0,0,3751,60,126.00998699963384,True
global,10,0.05,3,46,conflict,R2_restart,1,1,0,1,0,0,3751,60,122.41687899950193,True
global,10,0.05,3,46,conflict,R2_restart,1,1,0,1,0,0,3751,60,169.32848100077535,True
global,10,0.05,3,46,conflict,R2_restart,1,1,0,1,0,0,3751,60,160.7071989983524,True
global,10,0.05,3,46,conflict,R2_restart,1,1,0,1,0,0,3751,60,173.96092600029078,True
global,10,0.05,3,46,conflict,R2_restart,1,1,0,1,0,0,3751,60,172.94043999936548,True
global,10,0.05,3,46,conflict,R2_restart,1,1,0,1,0,0,3751,60,147.0674379997945,True
global,10,0.05,3,46,conflict,R2_restart,1,1,0,1,0,0,3751,60,152.24884999952337,True
global,10,0.05,3,46,conflict,R2_restart,1,1,0,1,0,0,3751,60,125.51820400040015,True
global,10,0.05,3,46,conflict,R2_restart,1,1,0,1,0,0,3751,60,119.5255200000247,True
global,10,0.05,3,46,conflict,R2_restart,1,1,0,1,0,0,3751,60,110.31325600015407,True
global,10,0.05,3,46,conflict,R2_restart,1,1,0,1,0,0,3751,60,121.66485200032184,True
global,10,0.05,3,46,conflict,R2_restart,1,1,0,1,0,0,3751,60,154.65937799854146,True
global,10,0.05,3,46,conflict,R2_restart,1,1,0,1,0,0,3751,60,121.70850199981942,True
global,10,0.05,3,46,conflict,R2_restart,1,1,0,1,0,0,3751,60,119.8504479998519,True
global,10,0.05,3,46,conflict,R2_restart,1,1,0,1,0,0,3751,60,124.76222599980247,True
global,10,0.05,3,46,conflict,R2_restart,1,1,0,1,0,0,3751,60,137.4397780000436,True
global,10,0.05,3,46,conflict,R2_restart,1,1,0,1,0,0,3751,60,269.53529700040235,True
global,10,0.05,3,46,conflict,R2_restart,1,1,0,1,0,0,3751,60,294.8220810012572,True
global,10,0.05,3,46,conflict,R2_restart,1,1,0,1,0,0,3751,60,160.47942800105375,True
global,10,0.05,3,46,conflict,R2_restart,1,1,0,1,0,0,3751,60,195.30040600147913,True
global,10,0.05,3,46,conflict,R2_restart,1,1,0,1,0,0,3751,60,369.2326359996514,True
global,10,0.05,3,46,conflict,R2_restart,1,1,0,1,0,0,3751,60,178.85252800078888,True
global,10,0.05,3,46,conflict,R2_restart,1,1,0,1,0,0,3751,60,197.90553700113378,True
global,10,0.05,3,46,conflict,R2_restart,1,1,0,1,0,0,3751,60,245.38747499900637,True
global,10,0.05,3,46,conflict,R2_restart,1,1,0,1,0,0,3751,60,264.7399759989639,True
global,10,0.05,3,46,conflict,R2_restart,1,1,0,1,0,0,3751,60,146.80773500003852,True
global,10,0.05,3,46,conflict,R2_restart,1,1,0,1,0,0,3751,60,168.602825000562,True
global,10,0.05,3,46,conflict,R2_restart,1,1,0,1,0,0,3751,60,175.69494800045504,True
global,10,0.05,3,46,conflict,R2_restart,1,1,0,1,0,0,3751,60,180.01559200092743,True
global,10,0.05,3,46,conflict,R2_restart,1,1,0,1,0,0,3751,60,156.93773999919358,True
global,10,0.05,3,46,conflict,R2_restart,1,1,0,1,0,0,3751,60,204.52763699904608,True
global,10,0.05,3,46,conflict,R2_restart,1,1,0,1,0,0,3751,60,167.2759800003405,True
global,10,0.05,3,46,conflict,R2_restart,1,1,0,1,0,0,3751,60,228.7582979988656,True
global,10,0.05,3,46,conflict,R2_restart,1,1,0,1,0,0,3751,60,312.90029199954006,True
global,10,0.05,3,46,conflict,R2_restart,1,1,0,1,0,0,3751,60,185.07573300121294,True
global,10,0.05,3,46,conflict,R2_restart,1,1,0,1,0,0,3751,60,159.84106699943368,True
global,10,0.05,3,46,conflict,R2_restart,1,1,0,1,0,0,3751,60,156.25618299964117,True
global,10,0.05,3,46,conflict,R2_restart,1,1,0,1,0,0,3751,60,192.1279889993457,True
global,10,0.05,3,46,conflict,R2_restart,1,1,0,1,0,0,3751,60,200.7045680002193,True
global,10,0.05,3,46,conflict,R2_restart,1,1,0,1,0,0,3751,60,242.2023060007632,True
global,10,0.05,3,46,conflict,R2_restart,1,1,0,1,0,0,3751,60,129.29847200030054,True
global,10,0.05,3,46,conflict,R2_restart,1,1,0,1,0,0,3751,60,122.44455700056278,True
global,10,0.05,3,46,conflict,R2_restart,1,1,0,1,0,0,3751,60,143.687146000957,True
global,10,0.05,3,46,conflict,R2_restart,1,1,0,1,0,0,3751,60,151.06502500020724,True
global,10,0.05,3,46,conflict,R2_restart,1,1,0,1,0,0,3751,60,122.11735500022769,True
global,10,0.05,3,46,conflict,R2_restart,1,1,0,1,0,0,3751,60,163.21097500076576,True
global,10,0.05,3,46,conflict,R2_restart,1,1,0,1,0,0,3751,60,126.64533300085168,True
global,10,0.05,3,46,conflict,R2_restart,1,1,0,1,0,0,3751,60,166.39769900029933,True
global,10,0.05,3,46,conflict,R2_restart,1,1,0,1,0,0,3751,60,210.77119599976868,True
global,10,0.05,3,46,conflict,R2_restart,1,1,0,1,0,0,3751,60,177.45086600007198,True
global,10,0.05,3,46,conflict,R2_restart,1,1,0,1,0,0,3751,60,132.6199760005693,True
global,10,0.05,3,46,conflict,R2_restart,1,1,0,1,0,0,3751,60,196.7568679992837,True
global,10,0.05,3,46,conflict,R2_restart,1,1,0,1,0,0,3751,60,270.9433599993645,True
global,10,0.05,3,46,conflict,R2_restart,1,1,0,1,0,0,3751,60,156.3447630014707,True
global,10,0.05,3,46,conflict,R2_restart,1,1,0,1,0,0,3751,60,138.44159799918998,True
global,10,0.05,3,46,conflict,R2_restart,1,1,0,1,0,0,3751,60,136.52363300025172,True
global,10,0.05,3,46,conflict,R2_restart,1,1,0,1,0,0,3751,60,158.44489200026146,True
global,10,0.05,3,46,conflict,R2_restart,1,1,0,1,0,0,3751,60,163.57875500034424,True
global,10,0.05,3,46,conflict,R2_restart,1,1,0,1,0,0,3751,60,181.78924399944663,True
global,10,0.05,3,46,conflict,R2_restart,1,1,0,1,0,0,3751,60,204.8538600010943,True
global,10,0.05,3,46,conflict,R2_restart,1,1,0,1,0,0,3751,60,392.0467970001482,True
global,10,0.05,3,46,conflict,R2_restart,1,1,0,1,0,0,3751,60,321.7157250001037,True
global,10,0.05,3,46,conflict,R2_restart,1,1,0,1,0,0,3751,60,258.1352009983675,True
global,10,0.05,3,46,conflict,R2_restart,1,1,0,1,0,0,3751,60,146.58304499971564,True
global,10,0.05,3,46,conflict,R2_restart,1,1,0,1,0,0,3751,60,164.0826940001716,True
global,10,0.05,3,46,conflict,R2_restart,1,1,0,1,0,0,3751,60,146.56115599973418,True
global,10,0.05,3,46,conflict,R2_restart,1,1,0,1,0,0,3751,60,146.74985600140644,True
global,10,0.05,3,46,conflict,R2_restart,1,1,0,1,0,0,3751,60,225.97075500016217,True
global,10,0.05,3,46,conflict,R2_restart,1,1,0,1,0,0,3751,60,434.9369330011541,True
global,10,0.05,3,46,conflict,R2_restart,1,1,0,1,0,0,3751,60,150.78814099979354,True
global,10,0.05,3,46,conflict,R2_restart,1,1,0,1,0,0,3751,60,127.81275100132916,True
global,10,0.05,3,46,conflict,R2_restart,1,1,0,1,0,0,3751,60,122.52113999966241,True
global,10,0.05,3,46,conflict,R2_restart,1,1,0,1,0,0,3751,60,152.36937699955888,True
global,10,0.05,3,46,conflict,R2_restart,1,1,0,1,0,0,3751,60,271.95089099950565,True
global,10,0.05,3,46,conflict,R2_restart,1,1,0,1,0,0,3751,60,182.91019500065886,True
global,10,0.05,3,65,blockage,R2_restart,9,9,0,9,6,0,2179,48,120.70563899942499,True
global,10,0.05,4,31,blockage+emergency,R2_restart,9,9,0,9,18,0,3306,66,482.13499800112913,True
global,10,0.05,4,37,accident,R2_restart,8,9,0,9,15,0,2898,62,138.62291900113632,True
global,10,0.05,4,38,blockage+emergency,R2_restart,7,8,0,8,5,0,2753,62,106.83381799935887,True
global,10,0.05,4,39,blockage,R2_restart,7,8,0,8,8,0,2766,62,88.98892700017313,True
global,10,0.05,4,48,accident,R2_restart,6,8,0,8,12,0,2696,56,202.4499229992216,True
global,10,0.05,4,57,blockage,R2_restart,5,7,0,7,5,0,2706,48,141.40464500087546,True
global,10,0.05,5,9,emergency,R2_restart,9,10,0,10,100,0,4834,70,370.58925700148393,True
global,10,0.05,5,24,blockage,R2_restart,7,8,0,8,6,0,3797,66,119.22143399897323,True
global,10,0.05,5,26,emergency,R2_restart,6,6,0,6,8,0,3683,66,136.6262449992064,True
global,10,0.05,5,33,blockage,R2_restart,7,8,0,8,7,0,3449,62,132.96934599929955,True
global,10,0.05,5,42,breakdown,R2_restart,9,9,0,9,8,0,3090,60,159.88040999945952,True
global,10,0.05,5,61,blockage,R2_restart,7,8,0,8,6,0,2637,48,109.5649319995573,True
global,10,0.05,5,73,accident,R2_restart,5,5,0,5,4,0,2390,42,91.4244769992365,True
global,10,0.05,5,86,blockage,R2_restart,6,8,0,8,20,0,2825,34,132.99699799972586,True
global,10,0.05,5,95,blockage,R2_restart,7,8,0,8,4,0,2382,32,116.91898600111017,True
global,10,0.05,6,2,blockage,R2_restart,8,9,0,9,72,0,61077,70,3239.91982500047,True
global,10,0.05,6,27,blockage,R2_restart,10,10,0,10,10,0,60680,68,2221.834793999733,True
global,10,0.05,6,33,emergency,R2_restart,8,8,0,8,3,0,60184,60,2626.9728310016944,True
global,10,0.05,6,40,accident,R2_restart,8,8,0,8,5,0,59327,58,2771.8004639991705,True
global,10,0.05,6,46,emergency,R2_restart,8,8,0,8,5,0,57704,56,2446.4244179998786,True
global,10,0.05,6,58,blockage,R2_restart,7,7,0,7,12,0,59887,50,2582.605268999032,True
global,10,0.05,6,62,blockage,R2_restart,8,8,0,8,7,0,59796,48,2157.836950998899,True
global,10,0.05,6,64,accident,R2_restart,7,7,0,7,7,0,59771,48,2499.077398000736,True
global,10,0.05,7,5,breakdown,R2_restart,7,8,0,8,132,0,11322,70,669.318871001451,True
global,10,0.05,7,7,accident,R2_restart,1,3,0,3,0,0,11292,70,515.2719649995561,True
global,10,0.05,7,27,emergency,R2_restart,6,6,0,6,9,0,12710,60,567.591070999697,True
global,10,0.05,7,33,emergency,R2_restart,7,7,0,7,6,0,12265,58,428.46306300089054,True
global,10,0.05,7,54,blockage,R2_restart,9,10,0,10,9,0,12543,50,374.37697099994693,True
global,10,0.05,8,2,accident,R2_restart,8,9,0,9,92,0,4170,70,355.23067400026775,True
global,10,0.05,8,10,emergency,R2_restart,1,2,0,2,1,0,3931,70,129.01651699939976,True
global,10,0.05,8,25,blockage,R2_restart,9,10,0,10,9,0,3610,70,390.10701900042477,True
global,10,0.05,8,29,emergency,R2_restart,10,10,0,10,10,0,3561,70,166.92289899947355,True
global,10,0.05,8,42,accident,R2_restart,5,5,0,5,5,0,3425,58,154.00834100000793,True
global,10,0.05,9,19,emergency,R2_restart,7,7,0,7,72,0,2780,70,622.7726659999462,True
global,10,0.05,9,24,emergency,R2_restart,7,7,0,7,5,0,2653,68,198.86789500014856,True
global,10,0.05,9,27,accident,R2_restart,7,7,0,7,6,0,2499,64,563.8275759993121,True
global,10,0.05,9,29,blockage,R2_restart,7,9,0,9,6,0,2463,64,599.662010999964,True
global,10,0.05,9,46,accident,R2_restart,9,10,0,10,11,0,2005,58,126.21757200031425,True
global,10,0.05,9,48,blockage,R2_restart,10,10,0,10,7,0,1931,58,107.48523999973258,True
global,10,0.05,9,67,blockage,R2_restart,6,7,0,7,5,0,1558,44,80.6373760005954,True
global,20,0.05,0,24,emergency,R2_restart,18,20,0,20,134,0,39223,140,3028.110220999224,True
global,20,0.05,0,25,emergency,R2_restart,19,19,0,19,16,0,40097,140,2324.620932000471,True
global,20,0.05,0,30,blockage,R2_restart,20,20,0,20,18,0,38806,138,1522.7624210001522,True
global,20,0.05,0,33,accident,R2_restart,19,20,0,20,23,0,38662,136,1727.3835390005843,True
global,20,0.05,0,38,blockage,R2_restart,17,18,0,18,28,0,39478,128,1227.0854550006334,True
global,20,0.05,0,50,blockage,R2_restart,14,14,0,14,14,0,38661,118,1432.380310001463,True
global,20,0.05,0,52,breakdown,R2_restart,15,17,0,17,22,0,41518,114,1926.8915880002169,True
global,20,0.05,0,54,blockage,R2_restart,15,16,0,16,12,0,43896,112,1371.9740670003375,True
global,20,0.05,0,67,blockage,R2_restart,16,17,0,17,11,0,42379,98,2337.1141490006266,True
global,20,0.05,0,77,blockage,R2_restart,14,14,1,15,12,0,41785,88,2426.1859500002174,True
global,20,0.05,2,9,accident,R2_restart,15,19,1,20,64,0,13447,140,643.1200850001915,True
global,20,0.05,2,10,accident,R2_restart,4,7,0,7,1,0,15489,140,499.96589699912874,True
global,20,0.05,2,16,emergency,R2_restart,15,16,0,16,8,0,15778,140,543.8556620010786,True
global,20,0.05,2,19,blockage,R2_restart,15,19,0,19,15,0,15658,140,643.6591190013132,True
global,20,0.05,2,22,emergency,R2_restart,18,19,0,19,14,0,15390,140,617.9364920008084,True
global,20,0.05,2,44,blockage,R2_restart,16,16,0,16,14,0,13500,120,552.4102420004056,True
global,20,0.05,2,51,blockage,R2_restart,12,14,0,14,7,0,12690,110,679.5319970005949,True
global,20,0.05,2,61,blockage,R2_restart,15,16,0,16,14,0,12278,98,428.88316999960807,True
global,20,0.05,2,63,blockage,R2_restart,15,15,0,15,14,0,13013,96,672.1260129997972,True
global,20,0.05,2,70,blockage,R2_restart,13,14,0,14,12,0,13253,90,547.0121560010739,True
global,20,0.05,2,84,blockage,R2_restart,10,14,1,15,16,0,11722,74,585.0211340002716,True
global,20,0.05,2,90,blockage,R2_restart,10,15,1,16,14,0,11944,64,691.1486270000751,True
global,20,0.05,3,2,blockage,R2_restart,17,18,0,18,113,0,43962,140,2327.719837998302,True
global,20,0.05,3,7,emergency,R2_restart,2,2,0,2,0,0,43384,140,1796.1987090002367,True
global,20,0.05,3,8,accident,R2_restart,3,3,0,3,1,0,41957,140,1544.8280709988467,True
global,20,0.05,3,27,blockage,R2_restart,19,19,0,19,17,0,40920,134,1958.0036110000947,True
global,20,0.05,3,36,emergency,R2_restart,15,17,0,17,15,0,41108,124,1716.6917410013411,True
global,20,0.05,3,39,blockage,R2_restart,18,18,0,18,15,0,41643,124,1676.9264150007075,True
global,20,0.05,3,43,blockage,R2_restart,14,17,0,17,10,0,40439,116,1587.1561280000606,True
global,20,0.05,3,48,accident,R2_restart,13,15,0,15,12,0,39248,112,2578.2926390002103,True
global,20,0.05,3,72,blockage,R2_restart,15,15,0,15,14,0,38864,88,2670.5862800008617,True
global,20,0.05,3,74,blockage,R2_restart,16,17,0,17,20,0,39939,88,1789.3926429987914,True
global,20,0.05,3,77,blockage,R2_restart,17,18,0,18,17,0,40793,88,1724.3085069985682,True
global,20,0.05,4,16,blockage,R2_restart,19,19,0,19,119,0,7449,140,1158.6211570011073,True
global,20,0.05,4,17,emergency,R2_restart,10,12,0,12,4,0,7205,140,234.99894400083576,True
global,20,0.05,4,35,accident,R2_restart,19,20,0,20,28,0,6313,128,333.61325999976543,True
global,20,0.05,4,38,accident,R2_restart,18,19,0,19,25,0,6034,128,230.55687000123726,True
global,20,0.05,4,41,emergency,R2_restart,15,17,0,17,18,0,6233,126,231.58381099892722,True
global,20,0.05,4,60,blockage,R2_restart,17,19,0,19,26,0,6921,102,547.458123000979,True
global,20,0.05,4,79,blockage,R2_restart,13,14,0,14,10,0,4115,80,277.855628000907,True
global,20,0.05,5,16,blockage,R2_restart,19,20,0,20,375,0,61489,140,3335.2279239989,True
global,20,0.05,5,19,emergency,R2_restart,17,17,0,17,19,0,63870,138,2946.953102999032,True
global,20,0.05,5,25,blockage,R2_restart,16,16,0,16,8,0,64607,136,3431.8195739997464,True
global,20,0.05,5,31,blockage,R2_restart,15,16,0,16,18,0,63928,126,3561.9088069997815,True
global,20,0.05,5,33,blockage,R2_restart,15,17,0,17,16,0,63608,126,2710.7559369997034,True
global,20,0.05,5,41,emergency,R2_restart,18,20,0,20,28,0,63475,122,2604.4164819995785,True
global,20,0.05,5,50,accident,R2_restart,17,17,0,17,16,0,63664,114,2580.2225269999326,True
global,20,0.05,5,52,accident,R2_restart,17,18,0,18,14,0,63752,114,2448.4765929992136,True
global,20,0.05,5,57,blockage,R2_restart,13,13,0,13,9,0,64443,100,2973.561480999706,True
global,20,0.05,5,66,blockage,R2_restart,12,12,1,13,7,0,62628,94,2788.0992840000545,True
global,20,0.05,5,70,blockage,R2_restart,10,12,0,12,8,0,61655,90,2641.7925850000756,True
global,20,0.05,5,87,blockage,R2_restart,17,18,0,18,17,0,61639,86,3453.0188699991413,True
global,20,0.05,5,94,blockage,R2_restart,18,19,0,19,19,0,60575,74,3462.6081050009816,True
global,20,0.05,6,3,accident,R2_restart,17,18,0,18,199,0,59140,140,3947.028949000014,True
global,20,0.05,6,4,blockage,R2_restart,1,3,0,3,0,0,59065,140,3514.728489000845,True
global,20,0.05,6,12,blockage,R2_restart,5,7,0,7,4,0,58176,140,2727.384952999273,True
global,20,0.05,6,19,blockage,R2_restart,13,14,0,14,8,0,56087,138,2423.5343229993305,True
global,20,0.05,6,26,blockage,R2_restart,15,16,0,16,9,0,55255,138,1643.2666860000609,True
global,20,0.05,6,30,emergency,R2_restart,17,18,0,18,17,0,55071,138,2124.8899120000715,True
global,20,0.05,6,44,emergency,R2_restart,10,11,0,11,12,0,54814,114,2194.08240499979,True
global,20,0.05,6,50,accident,R2_restart,15,16,0,16,22,0,54859,110,2002.62303800082,True
global,20,0.05,6,54,blockage,R2_restart,15,15,0,15,10,0,54583,108,3483.2045449984435,True
global,20,0.05,6,69,blockage,R2_restart,15,15,0,15,17,0,54200,94,2769.9727210001583,True
global,20,0.05,6,78,blockage,R2_restart,13,13,0,13,11,0,53920,84,2642.2097020004003,True
global,20,0.05,7,10,emergency,R2_restart,18,19,0,19,325,0,106577,140,4509.51287800126,True
global,20,0.05,7,14,blockage,R2_restart,9,13,0,13,4,0,105744,140,3369.133062000401,True
global,20,0.05,7,17,blockage,R2_restart,15,18,0,18,10,0,102275,140,4602.299405998565,True
global,20,0.05,7,19,emergency,R2_restart,13,18,0,18,8,0,100936,140,4945.504432000234,True
global,20,0.05,7,21,blockage,R2_restart,16,19,0,19,22,0,99793,140,3574.7550890009734,True
global,20,0.05,7,23,accident,R2_restart,16,17,0,17,12,0,96283,138,3812.6934730007633,True
global,20,0.05,7,41,accident,R2_restart,16,17,0,17,26,0,97589,118,2586.1988159995235,True
global,20,0.05,7,45,blockage,R2_restart,17,18,0,18,14,0,99371,116,3471.443264001209,True
global,20,0.05,7,70,blockage,R2_restart,11,13,1,14,20,0,102031,90,4793.183980000322,True
global,20,0.05,7,73,blockage,R2_restart,12,14,1,15,9,0,101947,86,4584.623755999928,True
global,20,0.05,7,92,blockage,R2_restart,15,18,0,18,23,0,93740,72,4032.2280250002223,True
global,20,0.05,8,18,accident,R2_restart,17,18,0,18,34,0,64247,140,3122.9554419987835,True
global,20,0.05,8,27,blockage,R2_restart,20,20,0,20,19,0,63904,134,3313.3016109986784,True
global,20,0.05,8,34,blockage,R2_restart,18,18,0,18,8,0,61426,126,2833.092109000063,True
global,20,0.05,8,35,emergency,R2_restart,19,19,0,19,25,0,62147,126,4395.375124000566,True
global,20,0.05,8,41,accident,R2_restart,19,19,0,19,16,0,62248,122,3097.5689940005395,True
global,20,0.05,8,42,emergency,R2_restart,19,19,0,19,20,0,63934,122,2910.8842269997695,True
global,20,0.05,8,77,blockage,R2_restart,12,13,1,14,13,0,62275,80,2475.4703620001237,True
global,20,0.05,9,16,conflict,R2_restart,16,17,0,17,14,0,7294,136,213.35480400011875,True
global,20,0.05,9,22,emergency,R2_restart,16,19,0,19,156,0,8847,134,497.2485369999049,True
global,20,0.05,9,28,emergency,R2_restart,14,18,0,18,15,0,7125,128,281.5904990002309,True
global,20,0.05,9,31,accident,R2_restart,17,18,0,18,23,0,7151,128,466.5992209993419,True
global,20,0.05,9,40,blockage,R2_restart,16,16,0,16,18,0,6727,122,364.389830001528,True
global,20,0.05,9,47,blockage,R2_restart,16,16,0,16,44,0,5978,112,332.0316730005288,True
global,20,0.05,9,53,accident,R2_restart,15,16,0,16,13,0,5352,108,220.91249100049026,True
global,20,0.05,9,57,blockage,R2_restart,13,14,0,14,15,0,5236,106,220.9488499993313,True
global,20,0.05,9,78,blockage,R2_restart,13,15,0,15,9,0,4147,84,162.00026300066384,True
global,20,0.05,9,88,blockage,R2_restart,12,15,0,15,20,0,4178,72,165.4241100004583,True
global,30,0.05,0,11,emergency,R2_restart,24,28,0,28,201,0,36947,210,2352.669545000026,True
global,30,0.05,0,30,blockage,R2_restart,28,29,0,29,25,0,35035,196,1471.6565679991618,True
global,30,0.05,0,33,accident,R2_restart,27,29,0,29,30,0,31971,192,2043.2121670000924,True
global,30,0.05,0,34,accident,R2_restart,28,29,0,29,23,0,31785,192,1797.565423999913,True
global,30,0.05,0,40,emergency,R2_restart,26,29,0,29,19,0,31667,188,1458.7896349985385,True
global,30,0.05,0,45,blockage,R2_restart,21,22,0,22,26,0,31689,178,1332.2205580006994,True
global,30,0.05,0,53,blockage,R2_restart,22,24,0,24,22,0,28926,166,1959.745968999414,True
global,30,0.05,0,56,blockage,R2_restart,25,26,0,26,67,0,33000,160,2935.165295000843,True
global,30,0.05,0,66,blockage,R2_restart,25,26,0,26,13,0,27246,146,1327.3043530007271,True
global,30,0.05,0,67,blockage,R2_restart,22,24,0,24,18,0,25904,146,1779.497260999051,True
global,30,0.05,1,13,blockage,R2_restart,27,29,0,29,199,0,41712,210,2478.568890999668,True
global,30,0.05,1,20,blockage,R2_restart,22,26,0,26,10,0,39064,211,1256.7882580005971,False
global,30,0.05,1,34,conflict,R2_restart,26,27,0,27,79,0,42890,196,1735.2764530005516,True
global,30,0.05,1,40,blockage,R2_restart,27,27,0,27,44,0,43908,186,1161.3884110010986,True
global,30,0.05,1,41,emergency,R2_restart,28,28,0,28,34,0,41792,186,1272.3878500000865,True
global,30,0.05,1,46,blockage,R2_restart,28,28,0,28,29,0,41900,184,1460.747169001479,True
global,30,0.05,1,50,blockage,R2_restart,23,26,1,27,15,0,42070,172,1982.162143000096,True
global,30,0.05,1,52,accident,R2_restart,24,28,1,29,45,0,42933,172,2067.2513589997834,True
global,30,0.05,1,56,blockage,R2_restart,23,26,1,27,25,0,39528,170,1987.4018720001914,True
global,30,0.05,1,57,accident,R2_restart,24,26,0,26,19,0,38980,170,1695.721539999795,True
global,30,0.05,1,61,blockage,R2_restart,23,25,0,25,13,0,37468,164,1593.0123819998698,True
global,30,0.05,2,5,accident,R2_restart,25,29,0,29,185,0,34441,210,2064.8940310002217,True
global,30,0.05,2,7,emergency,R2_restart,13,19,0,19,13,0,35624,210,1096.6151369993895,True
global,30,0.05,2,18,blockage,R2_restart,25,28,0,28,16,0,33752,210,1085.9658730005322,True
global,30,0.05,2,23,blockage,R2_restart,28,30,0,30,36,0,37072,204,1153.3272659999056,True
global,30,0.05,2,24,emergency,R2_restart,28,29,0,29,26,0,32111,204,1111.0087950000889,True
global,30,0.05,2,35,blockage,R2_restart,27,30,0,30,26,0,31350,190,1432.099419998849,True
global,30,0.05,2,40,accident,R2_restart,27,29,0,29,24,0,30242,184,1569.994614999814,True
global,30,0.05,2,47,blockage,R2_restart,25,25,0,25,26,0,29894,174,1730.3118689997063,True
global,30,0.05,2,50,blockage,R2_restart,25,29,0,29,21,0,28786,170,1249.7030189988436,True
global,30,0.05,2,67,blockage,R2_restart,19,22,0,22,11,0,26329,144,841.4006689999951,True
global,30,0.05,2,78,blockage,R2_restart,25,29,0,29,26,0,26503,132,1461.356957001044,True
global,30,0.05,2,90,blockage,R2_restart,13,16,0,16,8,0,25170,104,2274.7904469997593,True
global,30,0.05,4,5,emergency,R2_restart,29,29,0,29,361,0,58763,210,3522.4915630005853,True
global,30,0.05,4,10,blockage,R2_restart,9,9,0,9,10,0,61256,210,2352.671556000132,True
global,30,0.05,4,23,blockage,R2_restart,28,30,0,30,31,0,55963,204,1924.9337990004278,True
global,30,0.05,4,31,accident,R2_restart,29,30,0,30,36,0,54234,194,2273.75558499989,True
global,30,0.05,4,37,blockage,R2_restart,25,27,0,27,56,0,65914,184,3169.4821450000745,True
global,30,0.05,4,38,emergency,R2_restart,25,28,0,28,20,0,52706,184,2292.9501369999343,True
global,30,0.05,4,40,blockage,R2_restart,25,27,0,27,19,0,52495,184,2529.2316310005845,True
global,30,0.05,4,51,accident,R2_restart,27,28,0,28,24,0,49757,170,2589.1764299994975,True
global,30,0.05,4,61,blockage,R2_restart,25,28,0,28,27,0,50860,150,2437.0795499999076,True
global,30,0.05,4,68,blockage,R2_restart,21,26,0,26,20,0,49467,144,1902.5707079999847,True
global,30,0.05,4,80,blockage,R2_restart,26,28,0,28,23,0,50006,126,2319.353567998405,True
global,30,0.05,5,7,blockage,R2_restart,27,28,0,28,316,0,20056,203,1788.8443430001644,True
global,30,0.05,5,9,emergency,R2_restart,10,13,0,13,14,0,22001,203,1478.603909999947,True
global,30,0.05,5,20,accident,R2_restart,21,24,0,24,17,0,21410,199,1890.969774000041,True
global,30,0.05,5,21,blockage,R2_restart,24,25,0,25,27,0,23150,199,1534.234471999298,True
global,30,0.05,5,24,blockage,R2_restart,25,27,0,27,26,0,20250,199,861.5899999986141,True
global,30,0.05,5,33,blockage,R2_restart,28,28,0,28,22,0,17324,193,1116.9854660001874,True
global,30,0.05,5,36,emergency,R2_restart,25,27,0,27,69,0,20257,191,864.6275589999277,True
global,30,0.05,5,48,accident,R2_restart,23,28,0,28,26,0,18314,171,862.8500849990814,True
global,30,0.05,5,57,blockage,R2_restart,23,25,0,25,22,0,15984,153,544.5847709997906,True
global,30,0.05,5,62,blockage,R2_restart,20,22,0,22,19,0,17001,147,559.7469749991433,True
global,30,0.05,5,64,blockage,R2_restart,22,24,0,24,29,0,17521,147,557.8556759992352,True
global,30,0.05,5,66,blockage,R2_restart,24,25,0,25,19,0,15476,143,513.9835699992545,True
global,30,0.05,5,68,blockage,R2_restart,24,24,0,24,32,0,15121,141,631.502484999146,True
global,30,0.05,5,76,blockage,R2_restart,14,18,0,18,17,0,16021,129,624.4989410006383,True
global,30,0.05,5,76,conflict,R2_restart,1,1,0,1,0,0,16021,129,479.1817210007139,True
global,30,0.05,5,76,conflict,R2_restart,1,1,0,1,0,0,16021,129,504.82534099865006,True
global,30,0.05,5,76,conflict,R2_restart,1,1,0,1,0,0,16021,129,511.05046099837637,True
global,30,0.05,5,76,conflict,R2_restart,1,1,0,1,0,0,16021,129,514.1113699992275,True
global,30,0.05,5,76,conflict,R2_restart,1,1,0,1,0,0,16021,129,476.21966199949384,True
global,30,0.05,5,76,conflict,R2_restart,1,1,0,1,0,0,16021,129,630.520308000996,True
global,30,0.05,5,76,conflict,R2_restart,1,1,0,1,0,0,16021,129,1171.8496739995317,True
global,30,0.05,5,76,conflict,R2_restart,1,1,0,1,0,0,16021,129,925.5579679993389,True
global,30,0.05,5,76,conflict,R2_restart,1,1,0,1,0,0,16021,129,1173.395674000858,True
global,30,0.05,5,76,conflict,R2_restart,1,1,0,1,0,0,16021,129,864.5167590002529,True
global,30,0.05,5,76,conflict,R2_restart,1,1,0,1,0,0,16021,129,728.6403639991477,True
global,30,0.05,5,76,conflict,R2_restart,1,1,0,1,0,0,16021,129,1227.8240249997907,True
global,30,0.05,5,76,conflict,R2_restart,1,1,0,1,0,0,16021,129,1393.1086200009304,True
global,30,0.05,5,76,conflict,R2_restart,1,1,0,1,0,0,16021,129,844.3676120004966,True
global,30,0.05,5,76,conflict,R2_restart,1,1,0,1,0,0,16021,129,890.9899230002338,True
global,30,0.05,5,76,conflict,R2_restart,1,1,0,1,0,0,16021,129,773.4433819987316,True
global,30,0.05,5,76,conflict,R2_restart,1,1,0,1,0,0,16021,129,736.5063409997674,True
global,30,0.05,5,76,conflict,R2_restart,1,1,0,1,0,0,16021,129,913.8714780001465,True
global,30,0.05,5,76,conflict,R2_restart,1,1,0,1,0,0,16021,129,616.7155210005149,True
global,30,0.05,5,76,conflict,R2_restart,1,1,0,1,0,0,16021,129,579.9025950000214,True
global,30,0.05,5,76,conflict,R2_restart,1,1,0,1,0,0,16021,129,955.1845009991666,True
global,30,0.05,5,76,conflict,R2_restart,1,1,0,1,0,0,16021,129,856.9135279994953,True
global,30,0.05,5,76,conflict,R2_restart,1,1,0,1,0,0,16021,129,627.9352820001805,True
global,30,0.05,5,76,conflict,R2_restart,1,1,0,1,0,0,16021,129,637.770219000231,True
global,30,0.05,5,76,conflict,R2_restart,1,1,0,1,0,0,16021,129,815.0060799998755,True
global,30,0.05,5,76,conflict,R2_restart,1,1,0,1,0,0,16021,129,1132.3213389987359,True
global,30,0.05,5,76,conflict,R2_restart,1,1,0,1,0,0,16021,129,637.0742170001904,True
global,30,0.05,5,76,conflict,R2_restart,1,1,0,1,0,0,16021,129,729.4609429991397,True
global,30,0.05,5,76,conflict,R2_restart,1,1,0,1,0,0,16021,129,681.8974550005805,True
global,30,0.05,5,76,conflict,R2_restart,1,1,0,1,0,0,16021,129,921.4195519998611,True
global,30,0.05,5,76,conflict,R2_restart,1,1,0,1,0,0,16021,129,1130.9913589993812,True
global,30,0.05,5,76,conflict,R2_restart,1,1,0,1,0,0,16021,129,1089.9761770015175,True
global,30,0.05,5,76,conflict,R2_restart,1,1,0,1,0,0,16021,129,627.760216999377,True
global,30,0.05,5,76,conflict,R2_restart,1,1,0,1,0,0,16021,129,583.7125450016174,True
global,30,0.05,5,76,conflict,R2_restart,1,1,0,1,0,0,16021,129,845.2640390005399,True
global,30,0.05,5,76,conflict,R2_restart,1,1,0,1,0,0,16021,129,917.6893389994802,True
global,30,0.05,5,76,conflict,R2_restart,1,1,0,1,0,0,16021,129,900.4100339989236,True
global,30,0.05,5,76,conflict,R2_restart,1,1,0,1,0,0,16021,129,794.148810000479,True
global,30,0.05,5,76,conflict,R2_restart,1,1,0,1,0,0,16021,129,830.7768969989411,True
global,30,0.05,5,76,conflict,R2_restart,1,1,0,1,0,0,16021,129,940.9812260000763,True
global,30,0.05,5,76,conflict,R2_restart,1,1,0,1,0,0,16021,129,761.1577299994678,True
global,30,0.05,5,76,conflict,R2_restart,1,1,0,1,0,0,16021,129,807.6139429995237,True
global,30,0.05,5,76,conflict,R2_restart,1,1,0,1,0,0,16021,129,827.8338109994365,True
global,30,0.05,5,76,conflict,R2_restart,1,1,0,1,0,0,16021,129,774.351674999707,True
global,30,0.05,5,76,conflict,R2_restart,1,1,0,1,0,0,16021,129,845.4360689993337,True
global,30,0.05,5,76,conflict,R2_restart,1,1,0,1,0,0,16021,129,1155.940892000217,True
global,30,0.05,5,76,conflict,R2_restart,1,1,0,1,0,0,16021,129,657.9528319998644,True
global,30,0.05,5,76,conflict,R2_restart,1,1,0,1,0,0,16021,129,1146.3290030005737,True
global,30,0.05,5,76,conflict,R2_restart,1,1,0,1,0,0,16021,129,589.282180999362,True
global,30,0.05,5,76,conflict,R2_restart,1,1,0,1,0,0,16021,129,598.0749520003883,True
global,30,0.05,5,76,conflict,R2_restart,1,1,0,1,0,0,16021,129,911.2036400001671,True
global,30,0.05,5,76,conflict,R2_restart,1,1,0,1,0,0,16021,129,604.990825000641,True
global,30,0.05,5,76,conflict,R2_restart,1,1,0,1,0,0,16021,129,665.6795239996427,True
global,30,0.05,5,76,conflict,R2_restart,1,1,0,1,0,0,16021,129,562.9990310007997,True
global,30,0.05,5,76,conflict,R2_restart,1,1,0,1,0,0,16021,129,514.9825280004734,True
global,30,0.05,5,76,conflict,R2_restart,1,1,0,1,0,0,16021,129,612.727891000759,True
global,30,0.05,5,76,conflict,R2_restart,1,1,0,1,0,0,16021,129,881.8823660003545,True
global,30,0.05,5,76,conflict,R2_restart,1,1,0,1,0,0,16021,129,586.2409430010302,True
global,30,0.05,5,76,conflict,R2_restart,1,1,0,1,0,0,16021,129,787.3377779997099,True
global,30,0.05,5,76,conflict,R2_restart,1,1,0,1,0,0,16021,129,641.3400500005082,True
global,30,0.05,5,76,conflict,R2_restart,1,1,0,1,0,0,16021,129,971.6550089997327,True
global,30,0.05,5,76,conflict,R2_restart,1,1,0,1,0,0,16021,129,866.4886060014396,True
global,30,0.05,5,76,conflict,R2_restart,1,1,0,1,0,0,16021,129,914.777715001037,True
global,30,0.05,5,76,conflict,R2_restart,1,1,0,1,0,0,16021,129,1261.0762379990774,True
global,30,0.05,5,76,conflict,R2_restart,1,1,0,1,0,0,16021,129,821.7172080003365,True
global,30,0.05,5,76,conflict,R2_restart,1,1,0,1,0,0,16021,129,703.6773509989871,True
global,30,0.05,5,76,conflict,R2_restart,1,1,0,1,0,0,16021,129,807.5287930005288,True
global,30,0.05,5,76,conflict,R2_restart,1,1,0,1,0,0,16021,129,1019.034773000385,True
global,30,0.05,5,76,conflict,R2_restart,1,1,0,1,0,0,16021,129,887.8350399991177,True
global,30,0.05,5,76,conflict,R2_restart,1,1,0,1,0,0,16021,129,879.7937159997673,True
global,30,0.05,5,76,conflict,R2_restart,1,1,0,1,0,0,16021,129,960.976626000047,True
global,30,0.05,5,76,conflict,R2_restart,1,1,0,1,0,0,16021,129,834.2185290002817,True
global,30,0.05,5,76,conflict,R2_restart,1,1,0,1,0,0,16021,129,823.1179410013283,True
global,30,0.05,5,76,conflict,R2_restart,1,1,0,1,0,0,16021,129,819.333994999397,True
global,30,0.05,5,76,conflict,R2_restart,1,1,0,1,0,0,16021,129,1122.450974999083,True
global,30,0.05,5,76,conflict,R2_restart,1,1,0,1,0,0,16021,129,1275.213826000254,True
global,30,0.05,5,76,conflict,R2_restart,1,1,0,1,0,0,16021,129,915.5499730004522,True
global,30,0.05,5,76,conflict,R2_restart,1,1,0,1,0,0,16021,129,880.7066869994742,True
global,30,0.05,5,76,conflict,R2_restart,1,1,0,1,0,0,16021,129,854.4653400003881,True
global,30,0.05,5,76,conflict,R2_restart,1,1,0,1,0,0,16021,129,658.4144010012096,True
global,30,0.05,5,76,conflict,R2_restart,1,1,0,1,0,0,16021,129,827.2251870002947,True
global,30,0.05,5,76,conflict,R2_restart,1,1,0,1,0,0,16021,129,1276.5197979988443,True
global,30,0.05,5,76,conflict,R2_restart,1,1,0,1,0,0,16021,129,1020.1279740012978,True
global,30,0.05,5,76,conflict,R2_restart,1,1,0,1,0,0,16021,129,1276.5315109991207,True
global,30,0.05,5,76,conflict,R2_restart,1,1,0,1,0,0,16021,129,862.7617160000227,True
global,30,0.05,5,76,conflict,R2_restart,1,1,0,1,0,0,16021,129,816.6642140004114,True
global,30,0.05,5,76,conflict,R2_restart,1,1,0,1,0,0,16021,129,934.1820129993721,True
global,30,0.05,5,76,conflict,R2_restart,1,1,0,1,0,0,16021,129,1033.073839998906,True
global,30,0.05,5,76,conflict,R2_restart,1,1,0,1,0,0,16021,129,694.2589690006571,True
global,30,0.05,5,76,conflict,R2_restart,1,1,0,1,0,0,16021,129,1012.6112540001486,True
global,30,0.05,5,76,conflict,R2_restart,1,1,0,1,0,0,16021,129,857.8910239994002,True
global,30,0.05,5,76,conflict,R2_restart,1,1,0,1,0,0,16021,129,695.6900719997066,True
global,30,0.05,5,76,conflict,R2_restart,1,1,0,1,0,0,16021,129,522.5829899991368,True
global,30,0.05,5,76,conflict,R2_restart,1,1,0,1,0,0,16021,129,676.5913939998427,True
global,30,0.05,5,76,conflict,R2_restart,1,1,0,1,0,0,16021,129,651.9717089995538,True
global,30,0.05,5,76,conflict,R2_restart,1,1,0,1,0,0,16021,129,667.3613380007737,True
global,30,0.05,5,76,conflict,R2_restart,1,1,0,1,0,0,16021,129,545.9419510007137,True
global,30,0.05,5,76,conflict,R2_restart,1,1,0,1,0,0,16021,129,1055.2094289996603,True
global,30,0.05,5,76,conflict,R2_restart,1,1,0,1,0,0,16021,129,581.0375719993317,True
global,30,0.05,5,76,conflict,R2_restart,1,1,0,1,0,0,16021,129,834.0958730004786,True
global,30,0.05,5,76,conflict,R2_restart,1,1,0,1,0,0,16021,129,732.5673109990021,True
global,30,0.05,5,76,conflict,R2_restart,1,1,0,1,0,0,16021,129,691.7989049998141,True
global,30,0.05,5,76,conflict,R2_restart,1,1,0,1,0,0,16021,129,808.7673890004226,True
global,30,0.05,5,76,conflict,R2_restart,1,1,0,1,0,0,16021,129,580.6173179989855,True
global,30,0.05,5,76,conflict,R2_restart,1,1,0,1,0,0,16021,129,611.8814729998121,True
global,30,0.05,5,76,conflict,R2_restart,1,1,0,1,0,0,16021,129,722.3263739997492,True
global,30,0.05,5,76,conflict,R2_restart,1,1,0,1,0,0,16021,129,744.4734950004204,True
global,30,0.05,5,76,conflict,R2_restart,1,1,0,1,0,0,16021,129,955.1879660011764,True
global,30,0.05,5,76,conflict,R2_restart,1,1,0,1,0,0,16021,129,790.8351180012687,True
global,30,0.05,5,76,conflict,R2_restart,1,1,0,1,0,0,16021,129,775.2196940000431,True
global,30,0.05,5,76,conflict,R2_restart,1,1,0,1,0,0,16021,129,841.5368759997364,True
global,30,0.05,5,76,conflict,R2_restart,1,1,0,1,0,0,16021,129,699.7278500002722,True
global,30,0.05,5,76,conflict,R2_restart,1,1,0,1,0,0,16021,129,793.741408000642,True
global,30,0.05,5,76,conflict,R2_restart,1,1,0,1,0,0,16021,129,858.1879129997105,True
global,30,0.05,5,76,conflict,R2_restart,1,1,0,1,0,0,16021,129,1398.7686929995107,True
global,30,0.05,5,76,conflict,R2_restart,1,1,0,1,0,0,16021,129,741.7674349999288,True
global,30,0.05,5,76,conflict,R2_restart,1,1,0,1,0,0,16021,129,763.333278000573,True
global,30,0.05,5,76,conflict,R2_restart,1,1,0,1,0,0,16021,129,899.7239969994553,True
global,30,0.05,5,76,conflict,R2_restart,1,1,0,1,0,0,16021,129,1117.9609810005786,True
global,30,0.05,5,76,conflict,R2_restart,1,1,0,1,0,0,16021,129,597.610598000756,True
global,30,0.05,5,76,conflict,R2_restart,1,1,0,1,0,0,16021,129,785.7743219992699,True
global,30,0.05,5,76,conflict,R2_restart,1,1,0,1,0,0,16021,129,784.33586599931,True
global,30,0.05,5,76,conflict,R2_restart,1,1,0,1,0,0,16021,129,753.7200729984761,True
global,30,0.05,5,76,conflict,R2_restart,1,1,0,1,0,0,16021,129,837.1652900004847,True
global,30,0.05,5,76,conflict,R2_restart,1,1,0,1,0,0,16021,129,742.3549109989835,True
global,30,0.05,5,76,conflict,R2_restart,1,1,0,1,0,0,16021,129,769.9907429996529,True
global,30,0.05,5,76,conflict,R2_restart,1,1,0,1,0,0,16021,129,899.031090999415,True
global,30,0.05,5,76,conflict,R2_restart,1,1,0,1,0,0,16021,129,860.0204859994847,True
global,30,0.05,5,76,conflict,R2_restart,1,1,0,1,0,0,16021,129,914.1169480008102,True
global,30,0.05,5,76,conflict,R2_restart,1,1,0,1,0,0,16021,129,725.3294860001915,True
global,30,0.05,5,76,conflict,R2_restart,1,1,0,1,0,0,16021,129,803.6790659989492,True
global,30,0.05,5,76,conflict,R2_restart,1,1,0,1,0,0,16021,129,951.8930220001494,True
global,30,0.05,5,76,conflict,R2_restart,1,1,0,1,0,0,16021,129,801.3085540005704,True
global,30,0.05,5,76,conflict,R2_restart,1,1,0,1,0,0,16021,129,634.6481399996264,True
global,30,0.05,5,76,conflict,R2_restart,1,1,0,1,0,0,16021,129,773.0595749999338,True
global,30,0.05,5,76,conflict,R2_restart,1,1,0,1,0,0,16021,129,697.6692150001327,True
global,30,0.05,5,76,conflict,R2_restart,1,1,0,1,0,0,16021,129,679.6559439990233,True
global,30,0.05,5,76,conflict,R2_restart,1,1,0,1,0,0,16021,129,689.3558840001788,True
global,30,0.05,5,76,conflict,R2_restart,1,1,0,1,0,0,16021,129,687.7873110006476,True
global,30,0.05,5,76,conflict,R2_restart,1,1,0,1,0,0,16021,129,855.9902199995122,True
global,30,0.05,5,76,conflict,R2_restart,1,1,0,1,0,0,16021,129,665.2791159995104,True
global,30,0.05,5,76,conflict,R2_restart,1,1,0,1,0,0,16021,129,821.9794960004947,True
global,30,0.05,5,76,conflict,R2_restart,1,1,0,1,0,0,16021,129,1311.3493460004975,True
global,30,0.05,5,76,conflict,R2_restart,1,1,0,1,0,0,16021,129,1474.7181459988496,True
global,30,0.05,5,76,conflict,R2_restart,1,1,0,1,0,0,16021,129,1376.6882790005184,True
global,30,0.05,5,76,conflict,R2_restart,1,1,0,1,0,0,16021,129,1038.1165580001834,True
global,30,0.05,5,76,conflict,R2_restart,1,1,0,1,0,0,16021,129,1202.4309459993674,True
global,30,0.05,5,76,conflict,R2_restart,1,1,0,1,0,0,16021,129,953.2162909999897,True
global,30,0.05,5,76,conflict,R2_restart,1,1,0,1,0,0,16021,129,906.2551710012485,True
global,30,0.05,5,76,conflict,R2_restart,1,1,0,1,0,0,16021,129,672.5007149998419,True
global,30,0.05,5,76,conflict,R2_restart,1,1,0,1,0,0,16021,129,826.1675710000418,True
global,30,0.05,5,76,conflict,R2_restart,1,1,0,1,0,0,16021,129,795.4271050002717,True
global,30,0.05,5,76,conflict,R2_restart,1,1,0,1,0,0,16021,129,936.6459760003636,True
global,30,0.05,5,76,conflict,R2_restart,1,1,0,1,0,0,16021,129,1104.8763010003313,True
global,30,0.05,5,76,conflict,R2_restart,1,1,0,1,0,0,16021,129,1056.0990149988356,True
global,30,0.05,5,76,conflict,R2_restart,1,1,0,1,0,0,16021,129,1582.2249880002346,True
global,30,0.05,5,76,conflict,R2_restart,1,1,0,1,0,0,16021,129,737.7406019986665,True
global,30,0.05,5,76,conflict,R2_restart,1,1,0,1,0,0,16021,129,942.4917540000024,True
global,30,0.05,5,76,conflict,R2_restart,1,1,0,1,0,0,16021,129,593.8866859996779,True
global,30,0.05,5,76,conflict,R2_restart,1,1,0,1,0,0,16021,129,474.5306949989754,True
global,30,0.05,6,6,blockage,R2_restart,28,30,0,30,510,0,150002,210,5805.910873999892,True
global,30,0.05,6,8,blockage,R2_restart,14,20,0,20,7,0,148427,207,6178.705476999312,False
global,30,0.05,6,18,emergency,R2_restart,20,24,0,24,130,0,145962,206,6289.132193000114,True
global,30,0.05,6,39,blockage,R2_restart,28,29,0,29,24,0,146053,194,6591.6073199987295,True
global,30,0.05,6,41,blockage,R2_restart,29,29,0,29,33,0,146335,188,6203.414958001304,True
global,30,0.05,6,46,accident,R2_restart,29,29,0,29,102,0,173512,182,7347.385441998995,True
global,30,0.05,6,47,accident,R2_restart,29,30,0,30,34,0,174903,182,7803.776433998792,True
global,30,0.05,6,49,emergency,R2_restart,29,30,0,30,28,0,176049,182,7172.471321999183,True
global,30,0.05,6,52,blockage,R2_restart,28,30,0,30,28,0,167794,180,7785.055536000073,True
global,30,0.05,6,61,blockage,R2_restart,27,28,0,28,39,0,167402,164,7618.837066998822,True
global,30,0.05,6,79,blockage,R2_restart,21,24,0,24,11,0,163651,132,6445.2415670002665,True
global,30,0.05,6,82,blockage,R2_restart,18,22,0,22,9,0,160868,126,7165.908259999924,True
global,30,0.05,6,87,blockage,R2_restart,22,26,0,26,15,0,158654,126,7315.665223999531,True
global,30,0.05,6,90,blockage,R2_restart,21,23,0,23,24,0,157399,124,6919.2431419996865,True
global,30,0.05,6,100,blockage,R2_restart,22,25,0,25,25,0,1372460,101,72162.15687300064,False
global,30,0.05,6,120,conflict,R2_restart,22,24,0,24,49,0,3729018,91,181203.1544649999,False
global,30,0.05,6,121,conflict,R2_restart,22,23,0,23,107,0,1264804,87,59797.32566799976,False
global,30,0.05,7,2,emergency,R2_restart,27,27,0,27,254,0,15582,210,1394.8594699995738,True
global,30,0.05,7,12,blockage,R2_restart,14,17,0,17,7,0,13908,210,640.3255579989491,True
global,30,0.05,7,27,blockage,R2_restart,28,29,0,29,45,0,12073,196,577.8919179992954,True
global,30,0.05,7,28,breakdown+emergency,R2_restart,27,29,0,29,42,0,12205,196,594.2239380001411,True
global,30,0.05,7,30,blockage,R2_restart,26,26,0,26,20,0,10879,192,583.7937989999773,True
global,30,0.05,7,35,blockage,R2_restart,29,30,0,30,42,0,10551,188,735.6885799999873,True
global,30,0.05,7,45,accident,R2_restart,24,26,0,26,26,0,9541,174,566.7782689997694,True
global,30,0.05,7,67,blockage,R2_restart,16,23,0,23,14,0,7772,134,601.045396999325,True
global,30,0.05,7,92,blockage,R2_restart,19,23,0,23,29,0,1215688,99,66316.02622399987,False
global,30,0.05,7,125,conflict,R2_restart,13,16,0,16,95,0,3227,58,160.29634200094733,True
global,30,0.05,8,18,emergency,R2_restart,30,30,0,30,44,0,56715,210,3184.9258190013643,True
global,30,0.05,8,35,emergency,R2_restart,25,27,0,27,25,0,55525,180,2512.1121129996027,True
global,30,0.05,8,50,accident,R2_restart,27,28,0,28,22,0,58520,162,2481.1909349991765,True
global,30,0.05,8,53,blockage,R2_restart,25,28,0,28,67,0,65880,160,2567.9399399996328,True
global,30,0.05,8,55,blockage,R2_restart,26,29,0,29,22,0,68545,160,2262.904953000543,True
global,30,0.05,8,60,accident,R2_restart,24,27,0,27,26,0,63423,152,2342.3835489993508,True
global,30,0.05,8,79,blockage,R2_restart,24,26,0,26,30,0,63977,120,2375.5561909983953,True
global,30,0.05,8,80,conflict,R2_restart,25,26,0,26,23,0,62987,120,2681.4770029996,True
global,30,0.05,8,80,conflict,R2_restart,1,1,0,1,0,0,62987,120,2226.383307001015,True
global,30,0.05,8,80,conflict,R2_restart,1,1,0,1,0,0,62987,120,1866.7779939987668,True
global,30,0.05,8,80,conflict,R2_restart,1,1,0,1,0,0,62987,120,2250.1169570005004,True
global,30,0.05,8,80,conflict,R2_restart,1,1,0,1,0,0,62987,120,3610.380072001135,True
global,30,0.05,8,80,conflict,R2_restart,1,1,0,1,0,0,62987,120,2781.397676000779,True
global,30,0.05,8,80,conflict,R2_restart,1,1,0,1,0,0,62987,120,2904.980462999447,True
global,30,0.05,8,80,conflict,R2_restart,1,1,0,1,0,0,62987,120,4571.669105000183,True
global,30,0.05,8,80,conflict,R2_restart,1,1,0,1,0,0,62987,120,2441.798686999391,True
global,30,0.05,8,80,conflict,R2_restart,1,1,0,1,0,0,62987,120,2184.863751001103,True
global,30,0.05,8,80,conflict,R2_restart,1,1,0,1,0,0,62987,120,2630.056747000708,True
global,30,0.05,8,80,conflict,R2_restart,1,1,0,1,0,0,62987,120,2147.4742539994622,True
global,30,0.05,8,80,conflict,R2_restart,1,1,0,1,0,0,62987,120,2823.4299939995253,True
global,30,0.05,8,80,conflict,R2_restart,1,1,0,1,0,0,62987,120,3283.368276001056,True
global,30,0.05,8,80,conflict,R2_restart,1,1,0,1,0,0,62987,120,2824.157428000035,True
global,30,0.05,8,80,conflict,R2_restart,1,1,0,1,0,0,62987,120,2805.4240439996647,True
global,30,0.05,8,80,conflict,R2_restart,1,1,0,1,0,0,62987,120,2933.997864000048,True
global,30,0.05,8,80,conflict,R2_restart,1,1,0,1,0,0,62987,120,3096.351768999739,True
global,30,0.05,8,80,conflict,R2_restart,1,1,0,1,0,0,62987,120,2221.7757170001278,True
global,30,0.05,8,80,conflict,R2_restart,1,1,0,1,0,0,62987,120,2770.4475480004476,True
global,30,0.05,8,80,conflict,R2_restart,1,1,0,1,0,0,62987,120,2662.3992929999076,True
global,30,0.05,8,80,conflict,R2_restart,1,1,0,1,0,0,62987,120,2659.273506998943,True
global,30,0.05,8,80,conflict,R2_restart,1,1,0,1,0,0,62987,120,2593.8755970000784,True
global,30,0.05,8,80,conflict,R2_restart,1,1,0,1,0,0,62987,120,2607.8919639985543,True
global,30,0.05,8,80,conflict,R2_restart,1,1,0,1,0,0,62987,120,2652.138344999912,True
global,30,0.05,8,80,conflict,R2_restart,1,1,0,1,0,0,62987,120,2926.4424860011786,True
global,30,0.05,8,80,conflict,R2_restart,1,1,0,1,0,0,62987,120,3491.1824369992246,True
global,30,0.05,8,80,conflict,R2_restart,1,1,0,1,0,0,62987,120,3018.803802999173,True
global,30,0.05,8,80,conflict,R2_restart,1,1,0,1,0,0,62987,120,3232.5157480008784,True
global,30,0.05,8,80,conflict,R2_restart,1,1,0,1,0,0,62987,120,3266.868835000423,True
global,30,0.05,8,80,conflict,R2_restart,1,1,0,1,0,0,62987,120,3903.844496999227,True
global,30,0.05,8,80,conflict,R2_restart,1,1,0,1,0,0,62987,120,2548.1306729998323,True
global,30,0.05,8,80,conflict,R2_restart,1,1,0,1,0,0,62987,120,2386.807288001364,True
global,30,0.05,8,80,conflict,R2_restart,1,1,0,1,0,0,62987,120,2446.6382290011097,True
global,30,0.05,8,80,conflict,R2_restart,1,1,0,1,0,0,62987,120,3013.718804999371,True
global,30,0.05,8,80,conflict,R2_restart,1,1,0,1,0,0,62987,120,2789.098176001062,True
global,30,0.05,8,80,conflict,R2_restart,1,1,0,1,0,0,62987,120,2441.357526000502,True
global,30,0.05,8,80,conflict,R2_restart,1,1,0,1,0,0,62987,120,2342.7265440004703,True
global,30,0.05,8,80,conflict,R2_restart,1,1,0,1,0,0,62987,120,2176.733673999479,True
global,30,0.05,8,80,conflict,R2_restart,1,1,0,1,0,0,62987,120,2932.6918719998503,True
global,30,0.05,8,80,conflict,R2_restart,1,1,0,1,0,0,62987,120,2332.332343001326,True
global,30,0.05,8,80,conflict,R2_restart,1,1,0,1,0,0,62987,120,2149.0703750005196,True
global,30,0.05,8,80,conflict,R2_restart,1,1,0,1,0,0,62987,120,2306.0790979998274,True
global,30,0.05,8,80,conflict,R2_restart,1,1,0,1,0,0,62987,120,2038.6461460002465,True
global,30,0.05,8,80,conflict,R2_restart,1,1,0,1,0,0,62987,120,2713.0242370003543,True
global,30,0.05,8,80,conflict,R2_restart,1,1,0,1,0,0,62987,120,3548.2853800003795,True
global,30,0.05,8,80,conflict,R2_restart,1,1,0,1,0,0,62987,120,3465.696213001138,True
global,30,0.05,8,80,conflict,R2_restart,1,1,0,1,0,0,62987,120,3958.9487020002707,True
global,30,0.05,8,80,conflict,R2_restart,1,1,0,1,0,0,62987,120,3649.0746379986376,True
global,30,0.05,8,80,conflict,R2_restart,1,1,0,1,0,0,62987,120,3254.655566999645,True
global,30,0.05,8,80,conflict,R2_restart,1,1,0,1,0,0,62987,120,2336.0543329999928,True
global,30,0.05,8,80,conflict,R2_restart,1,1,0,1,0,0,62987,120,1782.1548039992194,True
global,30,0.05,8,80,conflict,R2_restart,1,1,0,1,0,0,62987,120,2165.846199999578,True
global,30,0.05,8,80,conflict,R2_restart,1,1,0,1,0,0,62987,120,1877.4225449997175,True
global,30,0.05,8,80,conflict,R2_restart,1,1,0,1,0,0,62987,120,2002.18190600026,True
global,30,0.05,8,80,conflict,R2_restart,1,1,0,1,0,0,62987,120,3750.316978999763,True
global,30,0.05,8,80,conflict,R2_restart,1,1,0,1,0,0,62987,120,3213.4306299994932,True
global,30,0.05,8,80,conflict,R2_restart,1,1,0,1,0,0,62987,120,2287.8304250007204,True
global,30,0.05,8,80,conflict,R2_restart,1,1,0,1,0,0,62987,120,3176.1696260000463,True
global,30,0.05,8,80,conflict,R2_restart,1,1,0,1,0,0,62987,120,2968.8461320001807,True
global,30,0.05,8,80,conflict,R2_restart,1,1,0,1,0,0,62987,120,2945.9902519993193,True
global,30,0.05,8,80,conflict,R2_restart,1,1,0,1,0,0,62987,120,2959.233124000093,True
global,30,0.05,8,80,conflict,R2_restart,1,1,0,1,0,0,62987,120,3677.149187999021,True
global,30,0.05,8,80,conflict,R2_restart,1,1,0,1,0,0,62987,120,2913.569645001189,True
global,30,0.05,8,80,conflict,R2_restart,1,1,0,1,0,0,62987,120,3004.915563000395,True
global,30,0.05,8,80,conflict,R2_restart,1,1,0,1,0,0,62987,120,2876.131438999437,True
global,30,0.05,8,80,conflict,R2_restart,1,1,0,1,0,0,62987,120,2737.5829899992823,True
global,30,0.05,8,80,conflict,R2_restart,1,1,0,1,0,0,62987,120,3385.5291290001333,True
global,30,0.05,8,80,conflict,R2_restart,1,1,0,1,0,0,62987,120,3035.975384998892,True
global,30,0.05,8,80,conflict,R2_restart,1,1,0,1,0,0,62987,120,3387.4773500010633,True
global,30,0.05,8,80,conflict,R2_restart,1,1,0,1,0,0,62987,120,1979.1268199987826,True
global,30,0.05,8,80,conflict,R2_restart,1,1,0,1,0,0,62987,120,2074.1176299998187,True
global,30,0.05,8,80,conflict,R2_restart,1,1,0,1,0,0,62987,120,2368.9791389988386,True
global,30,0.05,8,80,conflict,R2_restart,1,1,0,1,0,0,62987,120,2955.5988689990045,True
global,30,0.05,8,80,conflict,R2_restart,1,1,0,1,0,0,62987,120,3162.762041998576,True
global,30,0.05,8,80,conflict,R2_restart,1,1,0,1,0,0,62987,120,2525.723360000484,True
global,30,0.05,8,80,conflict,R2_restart,1,1,0,1,0,0,62987,120,2111.173820001568,True
global,30,0.05,8,80,conflict,R2_restart,1,1,0,1,0,0,62987,120,2196.465117000116,True
global,30,0.05,8,80,conflict,R2_restart,1,1,0,1,0,0,62987,120,3109.224613999686,True
global,30,0.05,8,80,conflict,R2_restart,1,1,0,1,0,0,62987,120,4885.985676999553,True
global,30,0.05,8,80,conflict,R2_restart,23,25,0,25,35,0,62987,120,3706.3493080004264,True
global,30,0.05,8,80,conflict,R2_restart,1,1,0,1,0,0,62987,120,3926.505318000636,True
global,30,0.05,8,80,conflict,R2_restart,1,1,0,1,0,0,62987,120,2894.04574999935,True
global,30,0.05,8,80,conflict,R2_restart,1,1,0,1,0,0,62987,120,2413.707120998879,True
global,30,0.05,8,80,conflict,R2_restart,1,1,0,1,0,0,62987,120,2613.4492960009084,True
global,30,0.05,8,80,conflict,R2_restart,1,1,0,1,0,0,62987,120,3075.473253000382,True
global,30,0.05,8,80,conflict,R2_restart,1,1,0,1,0,0,62987,120,2030.266155999925,True
global,30,0.05,8,80,conflict,R2_restart,1,1,0,1,0,0,62987,120,2716.856334000113,True
global,30,0.05,8,80,conflict,R2_restart,1,1,0,1,0,0,62987,120,3639.088611000261,True
global,30,0.05,8,80,conflict,R2_restart,1,1,0,1,0,0,62987,120,3134.0409700005694,True
global,30,0.05,8,80,conflict,R2_restart,1,1,0,1,0,0,62987,120,3037.2011790004763,True
global,30,0.05,8,80,conflict,R2_restart,1,1,0,1,0,0,62987,120,3433.4129260005284,True
global,30,0.05,8,80,conflict,R2_restart,1,1,0,1,0,0,62987,120,2859.1478710004594,True
global,30,0.05,8,80,conflict,R2_restart,1,1,0,1,0,0,62987,120,2869.9389880002855,True
global,30,0.05,8,80,conflict,R2_restart,1,1,0,1,0,0,62987,120,3685.8227430002444,True
global,30,0.05,8,80,conflict,R2_restart,1,1,0,1,0,0,62987,120,3242.230321999159,True
global,30,0.05,8,80,conflict,R2_restart,1,1,0,1,0,0,62987,120,3220.779527999184,True
global,30,0.05,8,80,conflict,R2_restart,1,1,0,1,0,0,62987,120,2971.3546900002257,True
global,30,0.05,8,80,conflict,R2_restart,1,1,0,1,0,0,62987,120,2807.4573849989974,True
global,30,0.05,8,80,conflict,R2_restart,1,1,0,1,0,0,62987,120,3747.0896110007743,True
global,30,0.05,8,80,conflict,R2_restart,1,1,0,1,0,0,62987,120,5218.568925998625,True
global,30,0.05,8,80,conflict,R2_restart,1,1,0,1,0,0,62987,120,3059.4857430005504,True
global,30,0.05,8,80,conflict,R2_restart,1,1,0,1,0,0,62987,120,2346.4447049991577,True
global,30,0.05,8,80,conflict,R2_restart,1,1,0,1,0,0,62987,120,3198.44959799957,True
global,30,0.05,8,80,conflict,R2_restart,1,1,0,1,0,0,62987,120,2998.5777589990903,True
global,30,0.05,8,80,conflict,R2_restart,1,1,0,1,0,0,62987,120,1910.1022970007762,True
global,30,0.05,8,80,conflict,R2_restart,1,1,0,1,0,0,62987,120,3086.4116249995277,True
global,30,0.05,8,80,conflict,R2_restart,1,1,0,1,0,0,62987,120,3242.9913420000958,True
global,30,0.05,8,80,conflict,R2_restart,1,1,0,1,0,0,62987,120,3591.8714979998185,True
global,30,0.05,8,80,conflict,R2_restart,1,1,0,1,0,0,62987,120,2954.1288140007964,True
global,30,0.05,8,80,conflict,R2_restart,1,1,0,1,0,0,62987,120,3089.931362999778,True
global,30,0.05,8,80,conflict,R2_restart,1,1,0,1,0,0,62987,120,3153.3772879993194,True
global,30,0.05,8,80,conflict,R2_restart,1,1,0,1,0,0,62987,120,2873.1850829990435,True
global,30,0.05,8,80,conflict,R2_restart,1,1,0,1,0,0,62987,120,3065.3451529997255,True
global,30,0.05,8,80,conflict,R2_restart,1,1,0,1,0,0,62987,120,3302.5960579998355,True
global,30,0.05,8,80,conflict,R2_restart,1,1,0,1,0,0,62987,120,4392.076897000152,True
global,30,0.05,8,80,conflict,R2_restart,1,1,0,1,0,0,62987,120,3442.2771770005056,True
global,30,0.05,8,80,conflict,R2_restart,1,1,0,1,0,0,62987,120,4388.219450000179,True
global,30,0.05,8,80,conflict,R2_restart,1,1,0,1,0,0,62987,120,2953.194509000241,True
global,30,0.05,8,80,conflict,R2_restart,1,1,0,1,0,0,62987,120,3400.7859800003644,True
global,30,0.05,8,80,conflict,R2_restart,1,1,0,1,0,0,62987,120,3130.003177000617,True
global,30,0.05,8,80,conflict,R2_restart,1,1,0,1,0,0,62987,120,2565.6640649995097,True
global,30,0.05,8,80,conflict,R2_restart,1,1,0,1,0,0,62987,120,2244.9348329992063,True
global,30,0.05,8,80,conflict,R2_restart,1,1,0,1,0,0,62987,120,2936.671651999859,True
global,30,0.05,8,80,conflict,R2_restart,1,1,0,1,0,0,62987,120,2934.7890240005654,True
global,30,0.05,8,80,conflict,R2_restart,1,1,0,1,0,0,62987,120,3369.3687039994984,True
global,30,0.05,8,80,conflict,R2_restart,1,1,0,1,0,0,62987,120,2267.5660340009927,True
global,30,0.05,8,80,conflict,R2_restart,1,1,0,1,0,0,62987,120,2217.9096759991808,True
global,30,0.05,8,80,conflict,R2_restart,1,1,0,1,0,0,62987,120,1894.4548990002659,True
global,30,0.05,8,80,conflict,R2_restart,1,1,0,1,0,0,62987,120,2482.6337630001944,True
global,30,0.05,8,80,conflict,R2_restart,1,1,0,1,0,0,62987,120,3727.0636609991925,True
global,30,0.05,8,80,conflict,R2_restart,1,1,0,1,0,0,62987,120,5589.4724059999135,True
global,30,0.05,8,80,conflict,R2_restart,1,1,0,1,0,0,62987,120,2966.384344999824,True
global,30,0.05,8,80,conflict,R2_restart,1,1,0,1,0,0,62987,120,3275.351446000059,True
global,30,0.05,8,80,conflict,R2_restart,1,1,0,1,0,0,62987,120,4771.3108280004235,True
global,30,0.05,8,80,conflict,R2_restart,1,1,0,1,0,0,62987,120,2884.599328999684,True
global,30,0.05,8,80,conflict,R2_restart,1,1,0,1,0,0,62987,120,2727.1446499999,True
global,30,0.05,8,80,conflict,R2_restart,1,1,0,1,0,0,62987,120,2378.3657790008874,True
global,30,0.05,8,80,conflict,R2_restart,1,1,0,1,0,0,62987,120,2191.675172000032,True
global,30,0.05,8,80,conflict,R2_restart,1,1,0,1,0,0,62987,120,2233.1840560000273,True
global,30,0.05,8,80,conflict,R2_restart,1,1,0,1,0,0,62987,120,2724.471428999095,True
global,30,0.05,8,80,conflict,R2_restart,1,1,0,1,0,0,62987,120,4205.5344470009,True
global,30,0.05,8,80,conflict,R2_restart,1,1,0,1,0,0,62987,120,2932.132695999826,True
global,30,0.05,8,80,conflict,R2_restart,1,1,0,1,0,0,62987,120,3059.2106849999254,True
global,30,0.05,8,80,conflict,R2_restart,1,1,0,1,0,0,62987,120,4313.09192200024,True
global,30,0.05,8,80,conflict,R2_restart,1,1,0,1,0,0,62987,120,4186.482834998969,True
global,30,0.05,8,80,conflict,R2_restart,1,1,0,1,0,0,62987,120,2730.130439000277,True
global,30,0.05,8,80,conflict,R2_restart,1,1,0,1,0,0,62987,120,2903.7506519998715,True
global,30,0.05,8,80,conflict,R2_restart,1,1,0,1,0,0,62987,120,3011.315432999254,True
global,30,0.05,8,80,conflict,R2_restart,1,1,0,1,0,0,62987,120,2678.7723189991084,True
global,30,0.05,8,80,conflict,R2_restart,1,1,0,1,0,0,62987,120,2797.9696589991363,True
global,30,0.05,8,80,conflict,R2_restart,1,1,0,1,0,0,62987,120,3683.18750599974,True
global,30,0.05,8,80,conflict,R2_restart,1,1,0,1,0,0,62987,120,4160.32204899966,True
global,30,0.05,8,80,conflict,R2_restart,1,1,0,1,0,0,62987,120,3082.2472909985663,True
global,30,0.05,8,80,conflict,R2_restart,1,1,0,1,0,0,62987,120,2963.66703700005,True
global,30,0.05,8,80,conflict,R2_restart,1,1,0,1,0,0,62987,120,3929.687488000127,True
global,30,0.05,8,80,conflict,R2_restart,1,1,0,1,0,0,62987,120,3162.0570390005014,True
global,30,0.05,8,80,conflict,R2_restart,1,1,0,1,0,0,62987,120,3155.502642999636,True
global,30,0.05,8,80,conflict,R2_restart,1,1,0,1,0,0,62987,120,2333.849480999561,True
global,30,0.05,8,80,conflict,R2_restart,1,1,0,1,0,0,62987,120,2126.2500720004027,True
global,30,0.05,8,80,conflict,R2_restart,1,1,0,1,0,0,62987,120,2736.0548629985715,True
global,30,0.05,8,80,conflict,R2_restart,1,1,0,1,0,0,62987,120,3145.509285999651,True
global,30,0.05,8,80,conflict,R2_restart,1,1,0,1,0,0,62987,120,3565.759496001192,True
global,30,0.05,8,80,conflict,R2_restart,1,1,0,1,0,0,62987,120,3685.155989998748,True
global,30,0.05,8,80,conflict,R2_restart,1,1,0,1,0,0,62987,120,3222.7766329997394,True
global,30,0.05,8,80,conflict,R2_restart,1,1,0,1,0,0,62987,120,3035.2649520009436,True
global,30,0.05,8,80,conflict,R2_restart,1,1,0,1,0,0,62987,120,3080.782201001057,True
global,30,0.05,8,80,conflict,R2_restart,1,1,0,1,0,0,62987,120,2745.956610000576,True
global,30,0.05,8,80,conflict,R2_restart,1,1,0,1,0,0,62987,120,3721.491693000644,True
global,30,0.05,8,80,conflict,R2_restart,1,1,0,1,0,0,62987,120,3363.4115499990003,True
global,30,0.05,8,80,conflict,R2_restart,1,1,0,1,0,0,62987,120,2526.862156999414,True
global,30,0.05,8,80,conflict,R2_restart,1,1,0,1,0,0,62987,120,2956.701757000701,True
global,30,0.05,8,80,conflict,R2_restart,1,1,0,1,0,0,62987,120,4433.44604900085,True
global,30,0.05,8,80,conflict,R2_restart,1,1,0,1,0,0,62987,120,2737.1848769998905,True
global,30,0.05,8,80,conflict,R2_restart,1,1,0,1,0,0,62987,120,3292.3876190016017,True
global,30,0.05,8,80,conflict,R2_restart,1,1,0,1,0,0,62987,120,3763.6506279995956,True
global,30,0.05,8,80,conflict,R2_restart,1,1,0,1,0,0,62987,120,3434.1860959993937,True
global,30,0.05,8,80,conflict,R2_restart,1,1,0,1,0,0,62987,120,2011.4633989996946,True
global,30,0.05,8,80,conflict,R2_restart,1,1,0,1,0,0,62987,120,2035.933870000008,True
global,30,0.05,8,80,conflict,R2_restart,1,1,0,1,0,0,62987,120,2016.2191439994785,True
global,30,0.05,8,80,conflict,R2_restart,1,1,0,1,0,0,62987,120,2497.341618000064,True
global,30,0.05,8,80,conflict,R2_restart,1,1,0,1,0,0,62987,120,2876.3559569997597,True
global,30,0.05,8,80,conflict,R2_restart,1,1,0,1,0,0,62987,120,1883.7329439993482,True
global,30,0.05,8,80,conflict,R2_restart,1,1,0,1,0,0,62987,120,3162.756134999654,True
global,30,0.05,8,80,conflict,R2_restart,1,1,0,1,0,0,62987,120,3037.8162520009937,True
global,30,0.05,8,80,conflict,R2_restart,1,1,0,1,0,0,62987,120,2101.176922000377,True
global,30,0.05,8,80,conflict,R2_restart,1,1,0,1,0,0,62987,120,2358.3847640002205,True
global,30,0.05,8,80,conflict,R2_restart,1,1,0,1,0,0,62987,120,2174.350252000295,True
global,30,0.05,8,80,conflict,R2_restart,1,1,0,1,0,0,62987,120,2283.2122729996627,True
global,30,0.05,8,80,conflict,R2_restart,1,1,0,1,0,0,62987,120,2597.4645130008867,True
global,30,0.05,8,80,conflict,R2_restart,1,1,0,1,0,0,62987,120,2287.8884710007696,True
global,30,0.05,8,80,conflict,R2_restart,1,1,0,1,0,0,62987,120,2366.932565000752,True
global,30,0.05,8,80,conflict,R2_restart,1,1,0,1,0,0,62987,120,2099.947066999448,True
global,30,0.05,8,80,conflict,R2_restart,1,1,0,1,0,0,62987,120,2295.7573129988305,True
global,30,0.05,8,80,conflict,R2_restart,1,1,0,1,0,0,62987,120,2137.465689998862,True
global,30,0.05,8,80,conflict,R2_restart,1,1,0,1,0,0,62987,120,1952.9737520006165,True
global,30,0.05,8,80,conflict,R2_restart,1,1,0,1,0,0,62987,120,1996.1692329998186,True
global,30,0.05,8,80,conflict,R2_restart,1,1,0,1,0,0,62987,120,2155.0021650000417,True
global,30,0.05,8,80,conflict,R2_restart,1,1,0,1,0,0,62987,120,2926.8012609991274,True
global,30,0.05,8,80,conflict,R2_restart,1,1,0,1,0,0,62987,120,2210.5665100007172,True
global,30,0.05,8,80,conflict,R2_restart,1,1,0,1,0,0,62987,120,1989.3200609985797,True
global,30,0.05,8,80,conflict,R2_restart,1,1,0,1,0,0,62987,120,3162.573985000563,True
global,30,0.05,8,80,conflict,R2_restart,1,1,0,1,0,0,62987,120,2352.810980999493,True
global,30,0.05,8,80,conflict,R2_restart,1,1,0,1,0,0,62987,120,3772.8378430001612,True
global,30,0.05,8,80,conflict,R2_restart,1,1,0,1,0,0,62987,120,2902.570745000048,True
global,30,0.05,8,80,conflict,R2_restart,1,1,0,1,0,0,62987,120,3071.627120998528,True
global,30,0.05,8,80,conflict,R2_restart,1,1,0,1,0,0,62987,120,3109.4453250007064,True
global,30,0.05,8,80,conflict,R2_restart,1,1,0,1,0,0,62987,120,2982.952746999217,True
global,30,0.05,8,80,conflict,R2_restart,1,1,0,1,0,0,62987,120,2246.2102420013252,True
global,30,0.05,8,80,conflict,R2_restart,1,1,0,1,0,0,62987,120,2376.2817139995605,True
global,30,0.05,8,80,conflict,R2_restart,1,1,0,1,0,0,62987,120,4030.261600999438,True
global,30,0.05,8,80,conflict,R2_restart,1,1,0,1,0,0,62987,120,2765.5927800005884,True
global,30,0.05,8,80,conflict,R2_restart,1,1,0,1,0,0,62987,120,2550.255236999874,True
global,30,0.05,8,80,conflict,R2_restart,1,1,0,1,0,0,62987,120,2060.405988000639,True
global,30,0.05,8,80,conflict,R2_restart,1,1,0,1,0,0,62987,120,2777.097453999886,True
global,30,0.05,8,80,conflict,R2_restart,1,1,0,1,0,0,62987,120,3446.208602999832,True
global,30,0.05,8,80,conflict,R2_restart,1,1,0,1,0,0,62987,120,3798.018421000961,True
global,30,0.05,8,80,conflict,R2_restart,1,1,0,1,0,0,62987,120,3623.9219789986237,True
global,30,0.05,8,80,conflict,R2_restart,1,1,0,1,0,0,62987,120,2889.179955000145,True
global,30,0.05,8,80,conflict,R2_restart,1,1,0,1,0,0,62987,120,2516.907884999455,True
global,30,0.05,8,80,conflict,R2_restart,1,1,0,1,0,0,62987,120,2454.367827000169,True
global,30,0.05,8,80,conflict,R2_restart,1,1,0,1,0,0,62987,120,1783.3600060002937,True
global,30,0.05,8,80,conflict,R2_restart,1,1,0,1,0,0,62987,120,2315.4928060012026,True
global,30,0.05,8,80,conflict,R2_restart,1,1,0,1,0,0,62987,120,2174.413712000387,True
global,30,0.05,8,80,conflict,R2_restart,1,1,0,1,0,0,62987,120,2506.163136999021,True
global,30,0.05,8,80,conflict,R2_restart,1,1,0,1,0,0,62987,120,2080.2880709998135,True
global,30,0.05,8,80,conflict,R2_restart,1,1,0,1,0,0,62987,120,3297.2111779999977,True
global,30,0.05,8,80,conflict,R2_restart,1,1,0,1,0,0,62987,120,3758.01439299903,True
global,30,0.05,8,80,conflict,R2_restart,1,1,0,1,0,0,62987,120,2317.3036130010587,True
global,30,0.05,8,80,conflict,R2_restart,1,1,0,1,0,0,62987,120,3378.3989809999184,True
global,30,0.05,8,80,conflict,R2_restart,1,1,0,1,0,0,62987,120,2188.730416000908,True
global,30,0.05,8,80,conflict,R2_restart,1,1,0,1,0,0,62987,120,2915.101016000335,True
global,30,0.05,8,80,conflict,R2_restart,1,1,0,1,0,0,62987,120,2545.863826000641,True
global,30,0.05,8,80,conflict,R2_restart,1,1,0,1,0,0,62987,120,2675.662466999711,True
global,30,0.05,8,80,conflict,R2_restart,1,1,0,1,0,0,62987,120,2879.1227780002373,True
global,30,0.05,8,80,conflict,R2_restart,1,1,0,1,0,0,62987,120,2469.721596000454,True
global,30,0.05,8,80,conflict,R2_restart,1,1,0,1,0,0,62987,120,3274.972178000098,True
global,30,0.05,8,80,conflict,R2_restart,1,1,0,1,0,0,62987,120,2999.612285000694,True
global,30,0.05,8,80,conflict,R2_restart,1,1,0,1,0,0,62987,120,3073.945031999756,True
global,30,0.05,8,80,conflict,R2_restart,1,1,0,1,0,0,62987,120,4023.5856029994466,True
global,30,0.05,8,88,blockage,R2_restart,23,25,0,25,21,0,50593,106,2646.89209899916,True
negotiate,5,0.05,0,22,emergency,R2,2,2,0,2,54,0,1221,23,90.94938500129501,True
negotiate,5,0.05,0,23,emergency,R2,1,1,0,1,20,0,1168,16,67.80902200080163,True
negotiate,5,0.05,0,26,blockage,R1,1,1,0,1,1,0,266,14,33.30238299895427,True
negotiate,5,0.05,0,30,accident,R2,1,2,0,2,12,0,728,22,34.96528799951193,True
negotiate,5,0.05,0,48,breakdown,R4,2,2,0,2,103,0,1528,34,5319.261147998986,True
negotiate,5,0.05,0,110,conflict,R2,2,2,0,2,128,0,1064,12,56.62342600044212,True
negotiate,5,0.05,1,5,emergency,R2,1,1,0,1,92,0,1689,16,102.51885899924673,True
negotiate,5,0.05,1,24,accident,R2,1,1,0,1,14,0,238,14,38.38543500023661,True
negotiate,5,0.05,1,45,emergency,R2,1,1,0,1,68,0,1992,12,179.94685899975593,True
negotiate,5,0.05,1,49,breakdown,R4,1,1,0,1,0,0,0,0,22.53698899949086,False
negotiate,5,0.05,2,10,emergency,R2,1,1,0,1,42,0,1173,23,103.3054199997423,True
negotiate,5,0.05,2,27,accident,R1,3,3,0,3,11,0,1362,28,120.63534900153172,True
negotiate,5,0.05,2,30,emergency,R2,3,3,0,3,73,0,1759,30,80.30793900070421,True
negotiate,5,0.05,2,32,accident,R1,2,2,0,2,7,0,473,21,28.426439999748254,True
negotiate,5,0.05,3,8,accident,R2,2,2,0,2,40,0,5915,21,191.14049000017985,True
negotiate,5,0.05,3,11,emergency,R2,1,1,0,1,61,0,629,16,45.11442500006524,True
negotiate,5,0.05,3,17,accident,R1,1,1,0,1,8,0,1190,22,154.2104219988687,True
negotiate,5,0.05,3,38,emergency,R2,2,2,0,2,84,0,1466,21,76.71747799940931,True
negotiate,5,0.05,4,19,blockage,R1,1,1,0,1,8,0,1302,14,55.06047599919839,True
negotiate,5,0.05,4,35,emergency,R2,2,2,0,2,64,0,1724,26,85.32780799941975,True
negotiate,5,0.05,4,44,emergency,R2,2,2,0,2,72,0,1423,17,61.334513000474544,True
negotiate,5,0.05,4,49,accident,R1,1,1,0,1,4,0,642,10,51.99075400014408,True
negotiate,5,0.05,4,61,accident,R2,2,2,0,2,17,0,1029,15,98.46359000039229,True
negotiate,5,0.05,5,11,accident,R2,1,1,0,1,12,0,1122,14,49.959415999182966,True
negotiate,5,0.05,5,20,emergency,R2,2,2,0,2,90,0,3457,19,123.73039100020833,True
negotiate,5,0.05,5,35,emergency,R2,1,1,0,1,91,0,2040,16,75.42576499872666,True
negotiate,5,0.05,5,42,breakdown,R4,1,1,0,1,0,0,833229,11,41230.05586200088,False
negotiate,5,0.05,5,55,conflict,R1,3,3,0,3,7,0,2483,35,110.04044900073495,True
negotiate,5,0.05,5,56,conflict,R2,2,2,0,2,93,0,1661,30,141.80858100007754,True
negotiate,5,0.05,6,1,blockage,R1,2,2,0,2,2,0,1029,21,77.6174330003414,True
negotiate,5,0.05,6,3,accident,R2,1,1,0,1,14,0,1405,14,68.09591399905912,True
negotiate,5,0.05,6,27,emergency,R2,1,1,0,1,53,0,649,16,53.08908600090945,True
negotiate,5,0.05,6,40,emergency,R2,1,1,0,1,27,0,994,12,45.77337899900158,True
negotiate,5,0.05,6,45,accident,R2,1,1,0,1,15,0,389,14,37.51733399985824,True
negotiate,5,0.05,6,78,blockage,R1,2,2,0,2,1,0,1004,15,76.10420399942086,True
negotiate,5,0.05,7,8,emergency,R2,2,2,0,2,48,0,2303,23,121.63194099957764,True
negotiate,5,0.05,7,15,emergency,R2,1,1,0,1,42,0,1382,16,155.38280200053123,True
negotiate,5,0.05,7,17,blockage,R1,2,2,0,2,1,0,2073,30,168.46667200115917,True
negotiate,5,0.05,7,19,accident,R1,1,1,0,1,6,0,516,14,101.9795640004304,True
negotiate,5,0.05,7,33,accident,R2,1,1,0,1,9,0,664,14,87.74110299964377,True
negotiate,5,0.05,7,41,blockage,R1,1,1,0,1,1,0,428,14,50.83854999975301,True
negotiate,5,0.05,7,54,blockage,R1,1,1,0,1,1,0,638,14,68.67775399950915,True
negotiate,5,0.05,7,64,blockage,R1,1,2,0,2,3,0,768,15,131.58294000095339,True
negotiate,5,0.05,8,2,emergency,R2,1,1,0,1,46,0,672,16,39.663333000135026,True
negotiate,5,0.05,8,3,accident,R2,2,2,0,2,10,0,1376,21,77.7948409995588,True
negotiate,5,0.05,8,13,emergency,R2,1,1,0,1,38,0,1167,16,58.96318499981135,True
negotiate,5,0.05,8,56,accident,R2,1,1,0,1,13,0,1076,10,55.110462999437004,True
negotiate,5,0.05,8,62,blockage,R1,1,1,0,1,1,0,433,14,16.827145000206656,True
negotiate,5,0.05,9,8,accident,R1,1,1,0,1,7,0,702,14,34.81881900006556,True
negotiate,5,0.05,9,15,accident,R2,1,1,0,1,9,0,741,14,41.59772400089423,True
negotiate,5,0.05,9,18,emergency,R2,1,1,0,1,28,0,497,16,33.3884579995356,True
negotiate,5,0.05,9,33,emergency,R2,1,1,0,1,62,0,586,16,35.358135999558726,True
negotiate,5,0.05,9,67,blockage,R1,1,1,0,1,1,0,447,14,16.780281001047115,True
negotiate,10,0.05,0,2,accident,R1,1,2,0,2,0,0,1368,21,125.78235099863377,True
negotiate,10,0.05,0,15,blockage,R1,2,2,0,2,4,0,794,21,200.03835399984382,True
negotiate,10,0.05,0,16,emergency,R2,1,1,0,1,65,0,1000,16,75.09332900008303,True
negotiate,10,0.05,0,17,breakdown,R4,1,1,0,1,0,0,0,0,32.01277700100036,False
negotiate,10,0.05,0,19,blockage,R1,4,4,0,4,4,0,1457,35,151.74397800001316,True
negotiate,10,0.05,0,28,conflict,R1,4,4,0,4,4,0,2018,45,111.46539400033362,True
negotiate,10,0.05,0,29,conflict,R2,3,5,0,5,72,0,1855,43,315.18919300106063,True
negotiate,10,0.05,0,30,emergency,R2,3,3,0,3,47,0,1725,30,163.69413800020993,True
negotiate,10,0.05,0,49,blockage,R1,1,1,0,1,0,0,741,14,39.04317800152057,True
negotiate,10,0.05,0,58,blockage,R1,2,2,0,2,1,0,524,13,31.93051599919272,True
negotiate,10,0.05,0,81,blockage,R0,1,1,0,1,0,0,300,10,19.387378999454086,True
negotiate,10,0.05,1,6,emergency,R2,1,1,0,1,27,0,1152,23,93.18489100041916,True
negotiate,10,0.05,1,16,blockage,R1,1,1,0,1,0,0,40806,14,1615.0145669998892,True
negotiate,10,0.05,1,26,blockage,R1,1,1,0,1,3,0,746,14,58.42508799833013,True
negotiate,10,0.05,1,30,emergency,R2,3,3,0,3,77,0,2627,30,147.56234800006496,True
negotiate,10,0.05,1,34,blockage,R1,1,1,0,1,1,0,736,14,114.72245900040434,True
negotiate,10,0.05,1,39,breakdown,R4,3,3,0,3,7,0,1638426,29,84098.03372800161,False
negotiate,10,0.05,1,44,blockage,R1,1,1,0,1,2,0,528,10,45.10787400067784,True
negotiate,10,0.05,1,56,accident,R2,2,2,0,2,17,0,425,17,43.2863650003128,True
negotiate,10,0.05,1,62,conflict,R2,3,3,0,3,111,0,52211,25,2517.0654180001293,True
negotiate,10,0.05,1,71,blockage,R1,1,1,0,1,0,0,1892,14,69.50668600075005,True
negotiate,10,0.05,1,96,blockage,R1,2,2,0,2,1,0,1798,19,106.6238040002645,True
negotiate,10,0.05,1,99,blockage,R0,1,1,0,1,3,0,1400,2,94.57025200026692,True
negotiate,10,0.05,1,103,blockage,R1,1,1,0,1,4,0,658,6,71.9562730009784,True
negotiate,10,0.05,2,6,emergency,R2,2,2,0,2,25,0,768,23,71.0458989997278,True
negotiate,10,0.05,2,12,accident,R2,1,1,0,1,13,0,364,10,21.259339000607724,True
negotiate,10,0.05,2,14,emergency,R2,1,2,0,2,47,0,2035,23,254.68397900112905,True
negotiate,10,0.05,2,25,accident,R2,3,3,0,3,17,0,1078,28,68.00866300000052,True
negotiate,10,0.05,2,54,blockage,R1,1,1,0,1,2,0,526,14,40.15383299883979,True
negotiate,10,0.05,2,62,blockage,R0,1,1,0,1,0,0,544,10,25.76258099907136,True
negotiate,10,0.05,2,67,blockage,R1,1,1,0,1,1,0,607,15,24.52955399894563,True
negotiate,10,0.05,3,11,emergency,R2,1,1,0,1,54,0,1010,16,70.175968001422,True
negotiate,10,0.05,3,14,breakdown,R4,1,1,0,1,0,0,0,0,30.15407600105391,False
negotiate,10,0.05,3,29,emergency,R2,1,1,0,1,42,0,859,12,55.72018900056719,True
negotiate,10,0.05,3,39,blockage,R1,1,1,0,1,2,0,765,16,50.379446998704225,True
negotiate,10,0.05,3,41,blockage,R1,1,1,0,1,5,0,422,14,40.403540999250254,True
negotiate,10,0.05,3,46,blockage+breakdown,R4,2,2,0,2,1,0,822652,18,40756.22483299958,False
negotiate,10,0.05,3,65,blockage,R2,1,1,0,1,24,0,404,10,34.47362699989753,True
negotiate,10,0.05,3,121,conflict,R2,2,2,0,2,231,0,848,16,74.11864599998808,True
negotiate,10,0.05,4,31,blockage+emergency,R2,4,4,0,4,130,0,39282,37,1484.000983000442,True
negotiate,10,0.05,4,37,accident,R2,3,3,0,3,25,0,1266,24,62.701614000616246,True
negotiate,10,0.05,4,38,blockage+emergency,R1,3,3,0,3,0,0,4486,33,148.29468999960227,True
negotiate,10,0.05,4,39,blockage,R1,4,4,0,4,4,0,1481,33,72.34091000100307,True
negotiate,10,0.05,4,48,accident,R2,2,2,0,2,12,0,1351,24,50.4353029991762,True
negotiate,10,0.05,4,57,blockage,R1,2,2,0,2,1,0,679,15,27.632585999526782,True
negotiate,10,0.05,5,9,emergency,R2,1,1,0,1,37,0,698,16,100.93635100020037,True
negotiate,10,0.05,5,24,blockage,R1,2,2,0,2,1,0,916,23,71.32559800083982,True
negotiate,10,0.05,5,26,emergency,R1,1,1,0,1,0,0,29735,16,1246.4034010008618,True
negotiate,10,0.05,5,33,blockage,R1,3,4,0,4,5,0,1160,35,196.96515500072564,True
negotiate,10,0.05,5,42,breakdown,R4,2,2,0,2,87,0,1069,32,667.1526049995009,True
negotiate,10,0.05,5,61,blockage,R1,1,1,0,1,0,0,152,10,34.68720399905578,True
negotiate,10,0.05,5,73,accident,R2,1,1,0,1,9,0,154,10,117.6524269994843,True
negotiate,10,0.05,5,77,conflict,R2,2,2,0,2,57,0,154061,21,5522.157810999488,True
negotiate,10,0.05,5,86,blockage,R2,2,2,0,2,13,0,66460,9,2044.4527090003248,True
negotiate,10,0.05,5,95,blockage,R1,1,1,0,1,0,0,323,7,25.39098300076148,True
negotiate,10,0.05,6,2,blockage,R1,1,2,0,2,2,0,1031,21,127.68593900000269,True
negotiate,10,0.05,6,27,blockage,R1,3,3,0,3,3,0,1860,28,153.5508219985786,True
negotiate,10,0.05,6,33,emergency,R1,1,1,0,1,0,0,13521,12,559.7040569991805,True
negotiate,10,0.05,6,40,accident,R2,1,1,0,1,14,0,431,14,45.6821569987369,True
negotiate,10,0.05,6,46,emergency,R2,1,1,0,1,70,0,1488,16,73.6003170004551,True
negotiate,10,0.05,6,58,blockage,R1,1,1,0,1,3,0,448,14,48.14850699949602,True
negotiate,10,0.05,6,62,blockage,R1,1,1,0,1,3,0,809,14,61.77494599978672,True
negotiate,10,0.05,6,64,accident,R1,2,2,0,2,0,0,607,15,43.874548999156104,True
negotiate,10,0.05,7,5,breakdown,R4,3,3,0,3,95,0,3118,101,9026.169958999162,True
negotiate,10,0.05,7,7,accident,R2,2,2,0,2,10,0,844,21,57.793840000158525,True
negotiate,10,0.05,7,27,emergency,R2,2,2,0,2,47,0,1208,26,184.29916400054935,True
negotiate,10,0.05,7,33,emergency,R2,2,2,0,2,52,0,1262,22,78.7319999999454,True
negotiate,10,0.05,7,50,conflict,R2,3,3,0,3,194,0,60084,29,2022.9619399997318,True
negotiate,10,0.05,7,54,blockage,R1,1,1,0,1,0,0,116056,10,4578.194587998951,True
negotiate,10,0.05,8,2,accident,R2,1,2,0,2,11,0,1203,21,125.18205199921795,True
negotiate,10,0.05,8,10,emergency,R2,1,1,0,1,17,0,678,16,59.2350400002033,True
negotiate,10,0.05,8,25,blockage,R1,2,2,0,2,6,0,1328,21,115.35981700035336,True
negotiate,10,0.05,8,29,emergency,R2,3,3,0,3,64,0,1931,30,110.71803599952545,True
negotiate,10,0.05,8,42,accident,R1,2,2,0,2,14,0,742,17,43.672461000824114,True
negotiate,10,0.05,9,19,emergency,R2,1,1,0,1,30,0,616,16,57.42752699916309,True
negotiate,10,0.05,9,24,emergency,R2,1,1,0,1,33,0,658,16,54.309762999764644,True
negotiate,10,0.05,9,27,accident,R2,2,2,0,2,15,0,744,21,81.14441500038083,True
negotiate,10,0.05,9,29,blockage,R1,1,1,0,1,0,0,602,16,42.605126998751075,True
negotiate,10,0.05,9,46,accident,R1,3,3,0,3,11,0,1004,28,96.9103420011379,True
negotiate,10,0.05,9,48,blockage,R1,3,3,0,3,1,0,983,28,83.76289399893722,True
negotiate,10,0.05,9,67,blockage,R1,3,3,0,3,0,0,774,22,43.262625998977455,True
negotiate,20,0.05,0,24,emergency,R2,2,2,0,2,64,0,1865,23,130.14283899974544,True
negotiate,20,0.05,0,25,emergency,R2,2,2,0,2,36,0,1094,23,234.49421300028916,True
negotiate,20,0.05,0,30,blockage,R1,3,3,0,3,2,0,1232,28,235.4666739993263,True
negotiate,20,0.05,0,33,accident,R2,2,2,0,2,20,0,961,19,95.36536999985401,True
negotiate,20,0.05,0,38,blockage,R0,1,1,0,1,0,0,1161,17,113.37161600022228,True
negotiate,20,0.05,0,50,blockage,R1,1,1,0,1,3,0,250,15,83.24312999866379,True
negotiate,20,0.05,0,52,breakdown,R4,2,3,0,3,2,0,1632061,27,89955.71317000031,False
negotiate,20,0.05,0,54,blockage,R1,2,3,0,3,4,0,1089,22,116.43263099904289,True
negotiate,20,0.05,0,67,blockage,R2,2,2,0,2,98,0,623,18,56.57041999984358,True
negotiate,20,0.05,0,77,blockage,R1,2,2,0,2,2,0,780,13,65.20650099992054,True
negotiate,20,0.05,2,9,accident,R2,2,2,0,2,20,0,1477,21,145.15614099946106,True
negotiate,20,0.05,2,10,accident,R2,2,3,0,3,40,0,19112,28,1053.3480290014268,True
negotiate,20,0.05,2,16,emergency,R2,2,4,0,4,148,0,43834,37,2017.5285489985981,True
negotiate,20,0.05,2,19,blockage,R1,3,3,0,3,1,0,43068,37,1735.4770040001313,True
negotiate,20,0.05,2,22,emergency,R2,4,4,0,4,52,0,19400,37,945.4564370007574,True
negotiate,20,0.05,2,28,conflict,R1,4,4,0,4,4,0,1162,35,235.60254499898292,True
negotiate,20,0.05,2,44,blockage,R1,3,3,0,3,6,0,1576,29,108.03092700007255,True
negotiate,20,0.05,2,51,blockage,R1,1,1,0,1,2,0,370,10,55.24539700127207,True
negotiate,20,0.05,2,61,blockage,R1,9,9,0,9,13,0,21748,72,1235.986863001017,True
negotiate,20,0.05,2,62,conflict,R1,2,3,0,3,0,0,1692,25,89.42221500001324,True
negotiate,20,0.05,2,63,blockage,R1,1,1,0,1,0,0,1476,22,103.11267500037502,True
negotiate,20,0.05,2,70,blockage,R1,3,3,0,3,8,0,33862,16,1706.7523679997976,True
negotiate,20,0.05,2,84,blockage,R1,2,2,0,2,1,0,277,10,73.38555500064103,True
negotiate,20,0.05,2,90,blockage,R1,6,6,0,6,17,0,2718,33,177.8564969990839,True
negotiate,20,0.05,3,2,blockage,R1,1,2,0,2,0,0,1340,21,129.0041749998636,True
negotiate,20,0.05,3,7,emergency,R1,2,2,0,2,7,0,26417,23,1403.5163309999916,True
negotiate,20,0.05,3,8,accident,R2,4,4,0,4,23,0,2284,42,313.5986960005539,True
negotiate,20,0.05,3,27,blockage,R1,4,4,0,4,7,0,1540,35,99.78544200021133,True
negotiate,20,0.05,3,36,emergency,R2,2,2,0,2,37,0,668,23,138.51368699943123,True
negotiate,20,0.05,3,39,blockage,R1,3,4,0,4,4,0,2027,29,250.12871499893663,True
negotiate,20,0.05,3,43,blockage,R1,1,1,0,1,4,0,482,10,50.78610700002173,True
negotiate,20,0.05,3,48,accident,R2,2,2,0,2,17,0,1170,26,72.48481500027992,True
negotiate,20,0.05,3,72,blockage,R1,1,1,0,1,0,0,424,13,39.05605799991463,True
negotiate,20,0.05,3,72,conflict,R1,4,4,0,4,6,0,1045,23,119.13469299906865,True
negotiate,20,0.05,3,74,blockage,R1,2,2,0,2,4,0,561,18,72.54538099914498,True
negotiate,20,0.05,3,77,blockage,R1,3,3,0,3,1,0,656,23,88.4281380003813,True
negotiate,20,0.05,4,16,blockage,R1,2,3,0,3,1,0,1694,28,268.3055979996425,True
negotiate,20,0.05,4,17,emergency,R2,2,2,0,2,51,0,1677,30,197.03362099971855,True
negotiate,20,0.05,4,35,accident,R2,4,4,0,4,17,0,1312,31,126.27691499983484,True
negotiate,20,0.05,4,35,conflict,R2,3,4,0,4,70,0,29820,33,1761.5617680003197,True
negotiate,20,0.05,4,38,accident,R2,3,3,0,3,26,0,2224,28,127.1941679988231,True
negotiate,20,0.05,4,41,emergency,R2,2,2,0,2,63,0,1353,17,181.18074599988176,True
negotiate,20,0.05,4,43,conflict,R1,4,4,0,4,4,0,2161,35,170.42807299912965,True
negotiate,20,0.05,4,43,conflict,R0,1,1,0,1,0,0,2135,35,136.99493199965218,True
negotiate,20,0.05,4,43,conflict,R0,1,1,0,1,0,0,2135,35,172.36803299965686,True
negotiate,20,0.05,4,43,conflict,R0,1,1,0,1,0,0,2135,35,131.5271469993604,True
negotiate,20,0.05,4,43,conflict,R0,1,1,0,1,0,0,2135,35,107.26180399979057,True
negotiate,20,0.05,4,43,conflict,R0,1,1,0,1,0,0,2135,35,100.49072400033765,True
negotiate,20,0.05,4,43,conflict,R0,1,1,0,1,0,0,2135,35,100.70832499877724,True
negotiate,20,0.05,4,43,conflict,R0,1,1,0,1,0,0,2135,35,147.15813499969954,True
negotiate,20,0.05,4,43,conflict,R0,1,1,0,1,0,0,2135,35,94.54438399916398,True
negotiate,20,0.05,4,43,conflict,R0,1,1,0,1,0,0,2135,35,124.877017999097,True
negotiate,20,0.05,4,43,conflict,R0,1,1,0,1,0,0,2135,35,100.93978900113143,True
negotiate,20,0.05,4,43,conflict,R0,1,1,0,1,0,0,2135,35,143.18894000098226,True
negotiate,20,0.05,4,43,conflict,R0,1,1,0,1,0,0,2135,35,165.7307329987816,True
negotiate,20,0.05,4,43,conflict,R0,1,1,0,1,0,0,2135,35,264.10644200041133,True
negotiate,20,0.05,4,43,conflict,R0,1,1,0,1,0,0,2135,35,108.90714800007117,True
negotiate,20,0.05,4,43,conflict,R0,1,1,0,1,0,0,2135,35,158.18341200065333,True
negotiate,20,0.05,4,43,conflict,R0,1,1,0,1,0,0,2135,35,120.0058699996589,True
negotiate,20,0.05,4,43,conflict,R0,1,1,0,1,0,0,2135,35,111.82402800113778,True
negotiate,20,0.05,4,43,conflict,R0,1,1,0,1,0,0,2135,35,210.3340739995474,True
negotiate,20,0.05,4,43,conflict,R0,1,1,0,1,0,0,2135,35,109.74586799966346,True
negotiate,20,0.05,4,43,conflict,R0,1,1,0,1,0,0,2135,35,119.66921000021102,True
negotiate,20,0.05,4,43,conflict,R0,1,1,0,1,0,0,2135,35,122.7159110003413,True
negotiate,20,0.05,4,43,conflict,R0,1,1,0,1,0,0,2135,35,99.4138939986442,True
negotiate,20,0.05,4,43,conflict,R0,1,1,0,1,0,0,2135,35,109.4395700001769,True
negotiate,20,0.05,4,43,conflict,R0,1,1,0,1,0,0,2135,35,94.98993399938627,True
negotiate,20,0.05,4,43,conflict,R0,1,1,0,1,0,0,2135,35,93.05029999995895,True
negotiate,20,0.05,4,43,conflict,R0,1,1,0,1,0,0,2135,35,148.46872899943264,True
negotiate,20,0.05,4,43,conflict,R0,1,1,0,1,0,0,2135,35,112.72255800031417,True
negotiate,20,0.05,4,43,conflict,R0,1,1,0,1,0,0,2135,35,121.45893699926091,True
negotiate,20,0.05,4,43,conflict,R0,1,1,0,1,0,0,2135,35,115.2759659998992,True
negotiate,20,0.05,4,43,conflict,R0,1,1,0,1,0,0,2135,35,113.09024600086559,True
negotiate,20,0.05,4,43,conflict,R0,1,1,0,1,0,0,2135,35,112.15535800147336,True
negotiate,20,0.05,4,43,conflict,R0,1,1,0,1,0,0,2135,35,116.36340799850586,True
negotiate,20,0.05,4,43,conflict,R0,1,1,0,1,0,0,2135,35,98.1589229995734,True
negotiate,20,0.05,4,43,conflict,R0,1,1,0,1,0,0,2135,35,145.97960699938994,True
negotiate,20,0.05,4,43,conflict,R0,1,1,0,1,0,0,2135,35,119.78111099961097,True
negotiate,20,0.05,4,43,conflict,R0,1,1,0,1,0,0,2135,35,122.96416400022281,True
negotiate,20,0.05,4,43,conflict,R0,1,1,0,1,0,0,2135,35,100.8888440010196,True
negotiate,20,0.05,4,43,conflict,R0,1,1,0,1,0,0,2135,35,113.55827599982149,True
negotiate,20,0.05,4,43,conflict,R0,1,1,0,1,0,0,2135,35,142.13922599992657,True
negotiate,20,0.05,4,43,conflict,R0,1,1,0,1,0,0,2135,35,163.41340100007073,True
negotiate,20,0.05,4,43,conflict,R0,1,1,0,1,0,0,2135,35,203.82011000037892,True
negotiate,20,0.05,4,43,conflict,R0,1,1,0,1,0,0,2135,35,196.75557899972773,True
negotiate,20,0.05,4,43,conflict,R0,1,1,0,1,0,0,2135,35,119.62359300014214,True
negotiate,20,0.05,4,43,conflict,R0,1,1,0,1,0,0,2135,35,101.64549799992528,True
negotiate,20,0.05,4,43,conflict,R0,1,1,0,1,0,0,2135,35,93.66610500001116,True
negotiate,20,0.05,4,43,conflict,R0,1,1,0,1,0,0,2135,35,106.2243189990113,True
negotiate,20,0.05,4,43,conflict,R0,1,1,0,1,0,0,2135,35,91.12774400091439,True
negotiate,20,0.05,4,43,conflict,R0,1,1,0,1,0,0,2135,35,90.92241199869022,True
negotiate,20,0.05,4,43,conflict,R0,1,1,0,1,0,0,2135,35,96.1021860002802,True
negotiate,20,0.05,4,43,conflict,R0,1,1,0,1,0,0,2135,35,98.80421899833891,True
negotiate,20,0.05,4,43,conflict,R0,1,1,0,1,0,0,2135,35,129.49383600061992,True
negotiate,20,0.05,4,43,conflict,R0,1,1,0,1,0,0,2135,35,137.45945099981327,True
negotiate,20,0.05,4,43,conflict,R0,1,1,0,1,0,0,2135,35,194.2660029999388,True
negotiate,20,0.05,4,43,conflict,R0,1,1,0,1,0,0,2135,35,94.96148899961554,True
negotiate,20,0.05,4,43,conflict,R0,1,1,0,1,0,0,2135,35,99.60297199904744,True
negotiate,20,0.05,4,43,conflict,R0,1,1,0,1,0,0,2135,35,113.28507199868909,True
negotiate,20,0.05,4,43,conflict,R0,1,1,0,1,0,0,2135,35,170.36676299903775,True
negotiate,20,0.05,4,43,conflict,R0,1,1,0,1,0,0,2135,35,151.47781599989685,True
negotiate,20,0.05,4,43,conflict,R0,1,1,0,1,0,0,2135,35,145.22682200004056,True
negotiate,20,0.05,4,43,conflict,R0,1,1,0,1,0,0,2135,35,102.42844200001855,True
negotiate,20,0.05,4,43,conflict,R0,1,1,0,1,0,0,2135,35,113.14486599985685,True
negotiate,20,0.05,4,43,conflict,R0,1,1,0,1,0,0,2135,35,156.97252199970535,True
negotiate,20,0.05,4,43,conflict,R0,1,1,0,1,0,0,2135,35,116.9746160012437,True
negotiate,20,0.05,4,43,conflict,R0,1,1,0,1,0,0,2135,35,98.83467800136714,True
negotiate,20,0.05,4,43,conflict,R0,1,1,0,1,0,0,2135,35,108.26163199999428,True
negotiate,20,0.05,4,43,conflict,R0,1,1,0,1,0,0,2135,35,83.97962999879383,True
negotiate,20,0.05,4,43,conflict,R0,1,1,0,1,0,0,2135,35,96.53067699946405,True
negotiate,20,0.05,4,43,conflict,R0,1,1,0,1,0,0,2135,35,136.6820490002283,True
negotiate,20,0.05,4,43,conflict,R0,1,1,0,1,0,0,2135,35,112.8861710003548,True
negotiate,20,0.05,4,43,conflict,R0,1,1,0,1,0,0,2135,35,112.20576300001994,True
negotiate,20,0.05,4,43,conflict,R0,1,1,0,1,0,0,2135,35,196.01594900086639,True
negotiate,20,0.05,4,43,conflict,R0,1,1,0,1,0,0,2135,35,172.16021300009743,True
negotiate,20,0.05,4,43,conflict,R0,1,1,0,1,0,0,2135,35,84.74496400049247,True
negotiate,20,0.05,4,43,conflict,R0,1,1,0,1,0,0,2135,35,99.3679000002885,True
negotiate,20,0.05,4,43,conflict,R0,1,1,0,1,0,0,2135,35,105.61800899995433,True
negotiate,20,0.05,4,43,conflict,R0,1,1,0,1,0,0,2135,35,102.86368500055687,True
negotiate,20,0.05,4,43,conflict,R0,1,1,0,1,0,0,2135,35,99.80575400004454,True
negotiate,20,0.05,4,43,conflict,R0,1,1,0,1,0,0,2135,35,113.0702280006517,True
negotiate,20,0.05,4,43,conflict,R0,1,1,0,1,0,0,2135,35,108.15886500131455,True
negotiate,20,0.05,4,43,conflict,R0,1,1,0,1,0,0,2126,35,97.86876399994071,True
negotiate,20,0.05,4,43,conflict,R0,1,1,0,1,0,0,2126,35,97.61673300090479,True
negotiate,20,0.05,4,43,conflict,R0,1,1,0,1,0,0,2126,35,100.19997600102215,True
negotiate,20,0.05,4,43,conflict,R0,1,1,0,1,0,0,2126,35,110.47224799949618,True
negotiate,20,0.05,4,43,conflict,R0,1,1,0,1,0,0,2126,35,189.49580900152796,True
negotiate,20,0.05,4,43,conflict,R0,1,1,0,1,0,0,2126,35,148.78489599868772,True
negotiate,20,0.05,4,43,conflict,R0,1,1,0,1,0,0,2126,35,143.46264899904781,True
negotiate,20,0.05,4,43,conflict,R0,1,1,0,1,0,0,2126,35,99.68071600087569,True
negotiate,20,0.05,4,43,conflict,R0,1,1,0,1,0,0,2126,35,121.89469700024347,True
negotiate,20,0.05,4,43,conflict,R0,1,1,0,1,0,0,2126,35,76.6878459999134,True
negotiate,20,0.05,4,43,conflict,R0,1,1,0,1,0,0,2126,35,128.95570099863107,True
negotiate,20,0.05,4,43,conflict,R0,1,1,0,1,0,0,2126,35,78.66135400036,True
negotiate,20,0.05,4,43,conflict,R0,1,1,0,1,0,0,2126,35,87.48331000060716,True
negotiate,20,0.05,4,43,conflict,R0,1,1,0,1,0,0,2126,35,125.28963900149392,True
negotiate,20,0.05,4,43,conflict,R0,1,1,0,1,0,0,2126,35,107.59551299997838,True
negotiate,20,0.05,4,43,conflict,R0,1,1,0,1,0,0,2126,35,102.53987800024333,True
negotiate,20,0.05,4,43,conflict,R0,1,1,0,1,0,0,2126,35,95.0015420003183,True
negotiate,20,0.05,4,43,conflict,R0,1,1,0,1,0,0,2126,35,83.76255000075616,True
negotiate,20,0.05,4,43,conflict,R0,1,1,0,1,0,0,2126,35,94.41489400160208,True
negotiate,20,0.05,4,43,conflict,R0,1,1,0,1,0,0,2126,35,85.58310400076152,True
negotiate,20,0.05,4,43,conflict,R0,1,1,0,1,0,0,2126,35,81.93956499962951,True
negotiate,20,0.05,4,43,conflict,R0,1,1,0,1,0,0,2126,35,90.23414999865054,True
negotiate,20,0.05,4,43,conflict,R0,1,1,0,1,0,0,2126,35,104.92972099928011,True
negotiate,20,0.05,4,43,conflict,R0,1,1,0,1,0,0,2126,35,89.23686500020267,True
negotiate,20,0.05,4,43,conflict,R0,1,1,0,1,0,0,2126,35,98.28911099975812,True
negotiate,20,0.05,4,43,conflict,R0,1,1,0,1,0,0,2126,35,97.35026100133837,True
negotiate,20,0.05,4,43,conflict,R0,1,1,0,1,0,0,2126,35,103.91801799960376,True
negotiate,20,0.05,4,43,conflict,R0,1,1,0,1,0,0,2126,35,98.90233400074067,True
negotiate,20,0.05,4,43,conflict,R0,1,1,0,1,0,0,2126,35,147.09614800085546,True
negotiate,20,0.05,4,43,conflict,R0,1,1,0,1,0,0,2126,35,88.85665900015738,True
negotiate,20,0.05,4,43,conflict,R0,1,1,0,1,0,0,2126,35,122.04250399918237,True
negotiate,20,0.05,4,43,conflict,R0,1,1,0,1,0,0,2126,35,133.7081190013123,True
negotiate,20,0.05,4,43,conflict,R0,1,1,0,1,0,0,2126,35,115.4968419996294,True
negotiate,20,0.05,4,43,conflict,R0,1,1,0,1,0,0,2126,35,146.38463300070725,True
negotiate,20,0.05,4,43,conflict,R0,1,1,0,1,0,0,2126,35,103.91709800023818,True
negotiate,20,0.05,4,43,conflict,R0,1,1,0,1,0,0,2126,35,86.13935300127196,True
negotiate,20,0.05,4,43,conflict,R0,1,1,0,1,0,0,2126,35,92.87995900012902,True
negotiate,20,0.05,4,43,conflict,R0,1,1,0,1,0,0,2126,35,83.8426320005965,True
negotiate,20,0.05,4,43,conflict,R0,1,1,0,1,0,0,2126,35,171.3304570002947,True
negotiate,20,0.05,4,43,conflict,R0,1,1,0,1,0,0,2126,35,97.52916100114817,True
negotiate,20,0.05,4,43,conflict,R0,1,1,0,1,0,0,2126,35,132.52493900108675,True
negotiate,20,0.05,4,43,conflict,R0,1,1,0,1,0,0,2126,35,112.1282220010471,True
negotiate,20,0.05,4,43,conflict,R0,1,1,0,1,0,0,2126,35,91.30049600025814,True
negotiate,20,0.05,4,43,conflict,R0,1,1,0,1,0,0,2126,35,92.13275900037843,True
negotiate,20,0.05,4,43,conflict,R0,1,1,0,1,0,0,2126,35,92.09786000064923,True
negotiate,20,0.05,4,43,conflict,R0,1,1,0,1,0,0,2126,35,81.32343199940806,True
negotiate,20,0.05,4,43,conflict,R0,1,1,0,1,0,0,2126,35,95.17488900019089,True
negotiate,20,0.05,4,43,conflict,R0,1,1,0,1,0,0,2126,35,122.95127200013667,True
negotiate,20,0.05,4,43,conflict,R0,1,1,0,1,0,0,2126,35,79.409134999878,True
negotiate,20,0.05,4,43,conflict,R0,1,1,0,1,0,0,2126,35,81.11535199896025,True
negotiate,20,0.05,4,43,conflict,R0,1,1,0,1,0,0,2126,35,86.06364500155905,True
negotiate,20,0.05,4,43,conflict,R0,1,1,0,1,0,0,2126,35,78.17108699964592,True
negotiate,20,0.05,4,43,conflict,R0,1,1,0,1,0,0,2126,35,82.64277200032666,True
negotiate,20,0.05,4,43,conflict,R0,1,1,0,1,0,0,2126,35,114.78636200081382,True
negotiate,20,0.05,4,43,conflict,R0,1,1,0,1,0,0,2126,35,130.10290500096744,True
negotiate,20,0.05,4,43,conflict,R0,1,1,0,1,0,0,2126,35,174.6192919999885,True
negotiate,20,0.05,4,43,conflict,R0,1,1,0,1,0,0,2126,35,98.08028800034663,True
negotiate,20,0.05,4,43,conflict,R0,1,1,0,1,0,0,2126,35,127.52338099926419,True
negotiate,20,0.05,4,43,conflict,R0,1,1,0,1,0,0,2126,35,204.34269399993354,True
negotiate,20,0.05,4,43,conflict,R0,1,1,0,1,0,0,2126,35,201.36733100116544,True
negotiate,20,0.05,4,43,conflict,R0,1,1,0,1,0,0,2126,35,114.97359799977858,True
negotiate,20,0.05,4,43,conflict,R0,1,1,0,1,0,0,2126,35,110.83213100027933,True
negotiate,20,0.05,4,43,conflict,R0,1,1,0,1,0,0,2126,35,111.86425800042343,True
negotiate,20,0.05,4,43,conflict,R0,1,1,0,1,0,0,2126,35,104.57384000073944,True
negotiate,20,0.05,4,43,conflict,R0,1,1,0,1,0,0,2126,35,101.39116999926046,True
negotiate,20,0.05,4,43,conflict,R0,1,1,0,1,0,0,2126,35,127.977087000545,True
negotiate,20,0.05,4,43,conflict,R0,1,1,0,1,0,0,2126,35,239.91438200027915,True
negotiate,20,0.05,4,43,conflict,R0,1,1,0,1,0,0,2126,35,109.5382299990888,True
negotiate,20,0.05,4,43,conflict,R0,1,1,0,1,0,0,2126,35,116.77479999889329,True
negotiate,20,0.05,4,43,conflict,R0,1,1,0,1,0,0,2126,35,126.04459599970141,True
negotiate,20,0.05,4,43,conflict,R0,1,1,0,1,0,0,2126,35,235.49321399877954,True
negotiate,20,0.05,4,43,conflict,R0,1,1,0,1,0,0,2126,35,280.687583001054,True
negotiate,20,0.05,4,43,conflict,R0,1,1,0,1,0,0,2126,35,231.95449800005008,True
negotiate,20,0.05,4,43,conflict,R0,1,1,0,1,0,0,2126,35,252.60577900007775,True
negotiate,20,0.05,4,43,conflict,R0,1,1,0,1,0,0,2126,35,248.83364400011487,True
negotiate,20,0.05,4,43,conflict,R0,1,1,0,1,0,0,2126,35,211.15640700008953,True
negotiate,20,0.05,4,43,conflict,R0,1,1,0,1,0,0,2126,35,150.0355230000423,True
negotiate,20,0.05,4,43,conflict,R0,1,1,0,1,0,0,2126,35,84.92889199987985,True
negotiate,20,0.05,4,43,conflict,R0,1,1,0,1,0,0,2126,35,85.83164399897214,True
negotiate,20,0.05,4,43,conflict,R0,1,1,0,1,0,0,2126,35,92.30490200025088,True
negotiate,20,0.05,4,43,conflict,R1,2,2,0,2,0,0,1922,35,76.95645700005116,True
negotiate,20,0.05,4,43,conflict,R0,1,1,0,1,0,0,1922,35,86.25293899967801,True
negotiate,20,0.05,4,43,conflict,R0,1,1,0,1,0,0,1922,35,75.8271809991129,True
negotiate,20,0.05,4,43,conflict,R0,1,1,0,1,0,0,1922,35,81.63606400012213,True
negotiate,20,0.05,4,43,conflict,R0,1,1,0,1,0,0,1922,35,93.1576800012408,True
negotiate,20,0.05,4,43,conflict,R0,1,1,0,1,0,0,1922,35,111.46306899900082,True
negotiate,20,0.05,4,43,conflict,R0,1,1,0,1,0,0,1922,35,294.54287699991255,True
negotiate,20,0.05,4,43,conflict,R0,1,1,0,1,0,0,1922,35,227.6608420015691,True
negotiate,20,0.05,4,43,conflict,R0,1,1,0,1,0,0,1922,35,242.92820300070161,True
negotiate,20,0.05,4,43,conflict,R0,1,1,0,1,0,0,1922,35,124.94506899929547,True
negotiate,20,0.05,4,43,conflict,R0,1,1,0,1,0,0,1922,35,86.23015400007716,True
negotiate,20,0.05,4,43,conflict,R0,1,1,0,1,0,0,1922,35,92.72557500116818,True
negotiate,20,0.05,4,43,conflict,R0,1,1,0,1,0,0,1922,35,95.23618499952136,True
negotiate,20,0.05,4,43,conflict,R0,1,1,0,1,0,0,1922,35,94.19475000140665,True
negotiate,20,0.05,4,43,conflict,R0,1,1,0,1,0,0,1922,35,214.50199399987468,True
negotiate,20,0.05,4,43,conflict,R0,1,1,0,1,0,0,1922,35,271.2872020001669,True
negotiate,20,0.05,4,43,conflict,R0,1,1,0,1,0,0,1922,35,92.9989479991491,True
negotiate,20,0.05,4,43,conflict,R0,1,1,0,1,0,0,1922,35,106.37324000163062,True
negotiate,20,0.05,4,43,conflict,R0,1,1,0,1,0,0,1922,35,234.45608300062304,True
negotiate,20,0.05,4,43,conflict,R0,1,1,0,1,0,0,1922,35,210.0941539993073,True
negotiate,20,0.05,4,43,conflict,R0,1,1,0,1,0,0,1922,35,208.06343399999605,True
negotiate,20,0.05,4,43,conflict,R0,1,1,0,1,0,0,1922,35,117.50811599995359,True
negotiate,20,0.05,4,43,conflict,R0,1,1,0,1,0,0,1922,35,107.72688900033245,True
negotiate,20,0.05,4,43,conflict,R0,1,1,0,1,0,0,1922,35,162.72346199912135,True
negotiate,20,0.05,4,43,conflict,R0,1,1,0,1,0,0,1922,35,105.9846429998288,True
negotiate,20,0.05,4,43,conflict,R0,1,1,0,1,0,0,1922,35,81.2742399994022,True
negotiate,20,0.05,4,43,conflict,R0,1,1,0,1,0,0,1922,35,108.99754599995504,True
negotiate,20,0.05,4,43,conflict,R0,1,1,0,1,0,0,1922,35,99.11548200034304,True
negotiate,20,0.05,4,43,conflict,R0,1,1,0,1,0,0,1922,35,261.89336000061303,True
negotiate,20,0.05,4,43,conflict,R0,1,1,0,1,0,0,1922,35,183.5455920008826,True
negotiate,20,0.05,4,43,conflict,R0,1,1,0,1,0,0,1922,35,287.0680390005873,True
negotiate,20,0.05,4,43,conflict,R0,1,1,0,1,0,0,1922,35,338.8342640009796,True
negotiate,20,0.05,4,43,conflict,R0,1,1,0,1,0,0,1922,35,236.0731670014502,True
negotiate,20,0.05,4,43,conflict,R0,1,1,0,1,0,0,1922,35,181.22143500113452,True
negotiate,20,0.05,4,43,conflict,R0,1,1,0,1,0,0,1922,35,177.78539700157125,True
negotiate,20,0.05,4,43,conflict,R0,1,1,0,1,0,0,1922,35,79.95588800076803,True
negotiate,20,0.05,4,43,conflict,R0,1,1,0,1,0,0,1922,35,78.83732300069823,True
negotiate,20,0.05,4,43,conflict,R0,1,1,0,1,0,0,1922,35,79.33101900016482,True
negotiate,20,0.05,4,43,conflict,R0,1,1,0,1,0,0,1922,35,98.20758999921964,True
negotiate,20,0.05,4,43,conflict,R0,1,1,0,1,0,0,1922,35,99.54131700033031,True
negotiate,20,0.05,4,43,conflict,R0,1,1,0,1,0,0,1922,35,88.2098269994458,True
negotiate,20,0.05,4,43,conflict,R0,1,1,0,1,0,0,1922,35,93.76815399991756,True
negotiate,20,0.05,4,43,conflict,R0,1,1,0,1,0,0,1922,35,90.59581099973002,True
negotiate,20,0.05,4,43,conflict,R0,1,1,0,1,0,0,1922,35,92.9460770003061,True
negotiate,20,0.05,4,43,conflict,R0,1,1,0,1,0,0,1922,35,95.71710899945174,True
negotiate,20,0.05,4,43,conflict,R0,1,1,0,1,0,0,1922,35,97.85317699970619,True
negotiate,20,0.05,4,43,conflict,R0,1,1,0,1,0,0,1922,35,94.7624190011993,True
negotiate,20,0.05,4,43,conflict,R0,1,1,0,1,0,0,1922,35,89.61932499914838,True
negotiate,20,0.05,4,43,conflict,R0,1,1,0,1,0,0,1922,35,77.49441300074977,True
negotiate,20,0.05,4,43,conflict,R0,1,1,0,1,0,0,1922,35,80.62161700036086,True
negotiate,20,0.05,4,43,conflict,R0,1,1,0,1,0,0,1922,35,169.87580400018487,True
negotiate,20,0.05,4,43,conflict,R0,1,1,0,1,0,0,1922,35,145.5481699995289,True
negotiate,20,0.05,4,43,conflict,R0,1,1,0,1,0,0,1922,35,102.86887400070555,True
negotiate,20,0.05,4,43,conflict,R0,1,1,0,1,0,0,1922,35,72.99628900000243,True
negotiate,20,0.05,4,43,conflict,R0,1,1,0,1,0,0,1922,35,76.85178999963682,True
negotiate,20,0.05,4,43,conflict,R0,1,1,0,1,0,0,1922,35,76.1343409994879,True
negotiate,20,0.05,4,43,conflict,R0,1,1,0,1,0,0,1922,35,113.63380100010545,True
negotiate,20,0.05,4,43,conflict,R0,1,1,0,1,0,0,1922,35,111.09977100022661,True
negotiate,20,0.05,4,43,conflict,R0,1,1,0,1,0,0,1922,35,242.8283619992726,True
negotiate,20,0.05,4,43,conflict,R0,1,1,0,1,0,0,1922,35,277.41421200153127,True
negotiate,20,0.05,4,43,conflict,R0,1,1,0,1,0,0,1922,35,237.6119380005548,True
negotiate,20,0.05,4,43,conflict,R0,1,1,0,1,0,0,1922,35,96.57234999940556,True
negotiate,20,0.05,4,43,conflict,R0,1,1,0,1,0,0,1922,35,84.08138599952508,True
negotiate,20,0.05,4,43,conflict,R0,1,1,0,1,0,0,1922,35,76.28984000075434,True
negotiate,20,0.05,4,43,conflict,R0,1,1,0,1,0,0,1922,35,76.49532499999623,True
negotiate,20,0.05,4,43,conflict,R0,1,1,0,1,0,0,1922,35,74.23034400017059,True
negotiate,20,0.05,4,43,conflict,R0,1,1,0,1,0,0,1922,35,81.17717700042704,True
negotiate,20,0.05,4,43,conflict,R0,1,1,0,1,0,0,1922,35,137.9990049990738,True
negotiate,20,0.05,4,43,conflict,R0,1,1,0,1,0,0,1922,35,100.12034700048389,True
negotiate,20,0.05,4,43,conflict,R0,1,1,0,1,0,0,1922,35,72.87355700100306,True
negotiate,20,0.05,4,43,conflict,R0,1,1,0,1,0,0,1922,35,74.05312800074171,True
negotiate,20,0.05,4,43,conflict,R0,1,1,0,1,0,0,1922,35,93.94477199930407,True
negotiate,20,0.05,4,43,conflict,R0,1,1,0,1,0,0,1922,35,158.71848599999794,True
negotiate,20,0.05,4,43,conflict,R0,1,1,0,1,0,0,1922,35,111.32733600061329,True
negotiate,20,0.05,4,43,conflict,R0,1,1,0,1,0,0,1922,35,70.24894399910409,True
negotiate,20,0.05,4,43,conflict,R0,1,1,0,1,0,0,1922,35,72.23305200022878,True
negotiate,20,0.05,4,43,conflict,R0,1,1,0,1,0,0,1922,35,71.43451800038747,True
negotiate,20,0.05,4,43,conflict,R0,1,1,0,1,0,0,1922,35,151.22930399957113,True
negotiate,20,0.05,4,43,conflict,R0,1,1,0,1,0,0,1922,35,144.91100600025675,True
negotiate,20,0.05,4,43,conflict,R0,1,1,0,1,0,0,1922,35,66.31961799939745,True
negotiate,20,0.05,4,43,conflict,R0,1,1,0,1,0,0,1922,35,76.44498199988448,True
negotiate,20,0.05,4,43,conflict,R0,1,1,0,1,0,0,1922,35,100.75742499975604,True
negotiate,20,0.05,4,43,conflict,R0,1,1,0,1,0,0,1922,35,143.73773199986317,True
negotiate,20,0.05,4,43,conflict,R0,1,1,0,1,0,0,1922,35,77.11960000051477,True
negotiate,20,0.05,4,43,conflict,R0,1,1,0,1,0,0,1922,35,173.70434000076784,True
negotiate,20,0.05,4,43,conflict,R0,1,1,0,1,0,0,1922,35,110.5939329991088,True
negotiate,20,0.05,4,43,conflict,R0,1,1,0,1,0,0,1922,35,105.05845900115673,True
negotiate,20,0.05,4,43,conflict,R0,1,1,0,1,0,0,1922,35,152.75325500078907,True
negotiate,20,0.05,4,43,conflict,R0,1,1,0,1,0,0,1922,35,85.93791199928091,True
negotiate,20,0.05,4,43,conflict,R0,1,1,0,1,0,0,1922,35,78.30890399964119,True
negotiate,20,0.05,4,43,conflict,R0,1,1,0,1,0,0,1922,35,97.57153999998991,True
negotiate,20,0.05,4,43,conflict,R0,1,1,0,1,0,0,1922,35,106.7946019993542,True
negotiate,20,0.05,4,43,conflict,R0,1,1,0,1,0,0,1922,35,101.92602099959913,True
negotiate,20,0.05,4,43,conflict,R0,1,1,0,1,0,0,1922,35,117.15766700035601,True
negotiate,20,0.05,4,43,conflict,R0,1,1,0,1,0,0,1922,35,106.92872099934903,True
negotiate,20,0.05,4,43,conflict,R0,1,1,0,1,0,0,1922,35,108.33988899867109,True
negotiate,20,0.05,4,43,conflict,R0,1,1,0,1,0,0,1922,35,73.05923300009454,True
negotiate,20,0.05,4,43,conflict,R0,1,1,0,1,0,0,1922,35,124.35450700104411,True
negotiate,20,0.05,4,43,conflict,R0,1,1,0,1,0,0,1922,35,87.20801699928415,True
negotiate,20,0.05,4,43,conflict,R0,1,1,0,1,0,0,1922,35,76.18494599955739,True
negotiate,20,0.05,4,43,conflict,R0,1,1,0,1,0,0,1922,35,77.40412999919499,True
negotiate,20,0.05,4,43,conflict,R0,1,1,0,1,0,0,1922,35,78.87050099998305,True
negotiate,20,0.05,4,43,conflict,R0,1,1,0,1,0,0,1922,35,82.36791799936327,True
negotiate,20,0.05,4,43,conflict,R0,1,1,0,1,0,0,1922,35,78.7527289994614,True
negotiate,20,0.05,4,43,conflict,R0,1,1,0,1,0,0,1922,35,175.3429979999055,True
negotiate,20,0.05,4,43,conflict,R0,1,1,0,1,0,0,1922,35,107.26263600008679,True
negotiate,20,0.05,4,43,conflict,R0,1,1,0,1,0,0,1922,35,201.133464999657,True
negotiate,20,0.05,4,43,conflict,R0,1,1,0,1,0,0,1922,35,195.0229389985907,True
negotiate,20,0.05,4,43,conflict,R0,1,1,0,1,0,0,1922,35,113.74253699977999,True
negotiate,20,0.05,4,43,conflict,R0,1,1,0,1,0,0,1922,35,102.18222300136404,True
negotiate,20,0.05,4,43,conflict,R0,1,1,0,1,0,0,1922,35,92.54068700101925,True
negotiate,20,0.05,4,43,conflict,R0,1,1,0,1,0,0,1922,35,114.32967700056906,True
negotiate,20,0.05,4,43,conflict,R0,1,1,0,1,0,0,1922,35,177.1777439989819,True
negotiate,20,0.05,4,43,conflict,R0,1,1,0,1,0,0,1922,35,148.5310190000746,True
negotiate,20,0.05,4,43,conflict,R0,1,1,0,1,0,0,1922,35,120.34737399881124,True
negotiate,20,0.05,4,43,conflict,R0,1,1,0,1,0,0,1922,35,120.81827100155351,True
negotiate,20,0.05,4,43,conflict,R0,1,1,0,1,0,0,1922,35,119.68272599915508,True
negotiate,20,0.05,4,43,conflict,R0,1,1,0,1,0,0,1922,35,98.27155300081358,True
negotiate,20,0.05,4,43,conflict,R0,1,1,0,1,0,0,1922,35,90.48195400100667,True
negotiate,20,0.05,4,43,conflict,R0,1,1,0,1,0,0,1922,35,90.03228199981095,True
negotiate,20,0.05,4,43,conflict,R0,1,1,0,1,0,0,1922,35,105.62964499877125,True
negotiate,20,0.05,4,43,conflict,R0,1,1,0,1,0,0,1922,35,103.10063199904107,True
negotiate,20,0.05,4,43,conflict,R0,1,1,0,1,0,0,1922,35,108.39069899884635,True
negotiate,20,0.05,4,43,conflict,R0,1,1,0,1,0,0,1922,35,98.19708799841464,True
negotiate,20,0.05,4,43,conflict,R0,1,1,0,1,0,0,1922,35,107.79126799934602,True
negotiate,20,0.05,4,43,conflict,R0,1,1,0,1,0,0,1922,35,151.99720800046634,True
negotiate,20,0.05,4,43,conflict,R0,1,1,0,1,0,0,1922,35,149.0010430006805,True
negotiate,20,0.05,4,43,conflict,R0,1,1,0,1,0,0,1922,35,126.0716090000642,True
negotiate,20,0.05,4,43,conflict,R0,1,1,0,1,0,0,1922,35,102.69363599945791,True
negotiate,20,0.05,4,43,conflict,R0,1,1,0,1,0,0,1922,35,101.66367900092155,True
negotiate,20,0.05,4,43,conflict,R0,1,1,0,1,0,0,1922,35,202.9255080014991,True
negotiate,20,0.05,4,43,conflict,R0,1,1,0,1,0,0,1922,35,108.398574999228,True
negotiate,20,0.05,4,43,conflict,R0,1,1,0,1,0,0,1922,35,110.82708799949614,True
negotiate,20,0.05,4,43,conflict,R0,1,1,0,1,0,0,1922,35,99.43797999949311,True
negotiate,20,0.05,4,43,conflict,R0,1,1,0,1,0,0,1922,35,137.61293700008537,True
negotiate,20,0.05,4,43,conflict,R0,1,1,0,1,0,0,1922,35,122.0690240006661,True
negotiate,20,0.05,4,43,conflict,R0,1,1,0,1,0,0,1922,35,153.57494300042163,True
negotiate,20,0.05,4,43,conflict,R0,1,1,0,1,0,0,1922,35,115.66552499971294,True
negotiate,20,0.05,4,43,conflict,R0,1,1,0,1,0,0,1922,35,94.63060799862433,True
negotiate,20,0.05,4,43,conflict,R0,1,1,0,1,0,0,1922,35,86.53980199960642,True
negotiate,20,0.05,4,43,conflict,R0,1,1,0,1,0,0,1922,35,77.85281300130009,True
negotiate,20,0.05,4,43,conflict,R0,1,1,0,1,0,0,1922,35,97.70814299918129,True
negotiate,20,0.05,4,43,conflict,R0,1,1,0,1,0,0,1922,35,89.6562529997027,True
negotiate,20,0.05,4,43,conflict,R0,1,1,0,1,0,0,1922,35,82.66455099874293,True
negotiate,20,0.05,4,43,conflict,R0,1,1,0,1,0,0,1922,35,82.3530399993615,True
negotiate,20,0.05,4,43,conflict,R0,1,1,0,1,0,0,1922,35,152.14347499932046,True
negotiate,20,0.05,4,43,conflict,R0,1,1,0,1,0,0,1922,35,87.87136299906706,True
negotiate,20,0.05,4,43,conflict,R0,1,1,0,1,0,0,1922,35,233.58260699933453,True
negotiate,20,0.05,4,43,conflict,R0,1,1,0,1,0,0,1922,35,317.30685999900743,True
negotiate,20,0.05,4,43,conflict,R0,1,1,0,1,0,0,1922,35,219.95640600107436,True
negotiate,20,0.05,4,43,conflict,R0,1,1,0,1,0,0,1922,35,268.1200910010375,True
negotiate,20,0.05,4,43,conflict,R0,1,1,0,1,0,0,1922,35,204.56858999932592,True
negotiate,20,0.05,4,43,conflict,R0,1,1,0,1,0,0,1922,35,151.19655599846737,True
negotiate,20,0.05,4,43,conflict,R0,1,1,0,1,0,0,1922,35,156.98102799979097,True
negotiate,20,0.05,4,43,conflict,R0,1,1,0,1,0,0,1922,35,181.0470840009657,True
negotiate,20,0.05,4,43,conflict,R0,1,1,0,1,0,0,1922,35,306.0682010000164,True
negotiate,20,0.05,4,43,conflict,R0,1,1,0,1,0,0,1922,35,106.60943999937444,True
negotiate,20,0.05,4,43,conflict,R0,1,1,0,1,0,0,1922,35,117.36330199892109,True
negotiate,20,0.05,4,43,conflict,R0,1,1,0,1,0,0,1922,35,109.04021599890257,True
negotiate,20,0.05,4,43,conflict,R0,1,1,0,1,0,0,1922,35,300.75570100052573,True
negotiate,20,0.05,4,60,blockage,R1,2,2,0,2,2,0,497,15,41.07980699882319,True
negotiate,20,0.05,4,79,blockage,R1,3,3,0,3,10,0,523,16,34.499606999816024,True
negotiate,20,0.05,5,16,blockage,R1,1,1,0,1,0,0,2834,14,168.72095800135867,True
negotiate,20,0.05,5,19,emergency,R2,2,2,0,2,44,0,1443,30,196.96637600100075,True
negotiate,20,0.05,5,25,blockage,R1,2,2,0,2,2,0,11551,20,538.3409229998506,True
negotiate,20,0.05,5,31,blockage,R1,3,3,0,3,6,0,1420,40,131.1884770002507,True
negotiate,20,0.05,5,33,blockage,R2,1,1,0,1,9,0,3818,19,164.0237840001646,True
negotiate,20,0.05,5,41,emergency,R2,4,5,0,5,92,0,27808,34,881.5641900000628,True
negotiate,20,0.05,5,50,accident,R2,1,1,0,1,15,0,610,14,98.50624399950902,True
negotiate,20,0.05,5,51,conflict,R1,3,3,0,3,3,0,6202,28,334.4645940014743,True
negotiate,20,0.05,5,52,accident,R1,3,3,1,4,0,0,5687,21,212.40465399932873,True
negotiate,20,0.05,5,57,blockage,R1,1,1,0,1,1,0,588,10,38.48077799921157,True
negotiate,20,0.05,5,66,blockage,R1,2,2,0,2,0,0,822,12,49.78873099935299,True
negotiate,20,0.05,5,70,blockage,R1,6,6,0,6,4,0,1569,31,97.74408399971435,True
negotiate,20,0.05,5,87,blockage,R4,3,3,0,3,30,0,3684870,42,179861.62416499975,False
negotiate,20,0.05,5,94,blockage,R1,2,2,0,2,0,0,689,12,55.89562400018622,True
negotiate,20,0.05,5,102,conflict,R1,4,4,0,4,23,0,23081,20,836.7041969995626,True
negotiate,20,0.05,6,3,accident,R2,3,3,0,3,26,0,1431,28,116.01080100081163,True
negotiate,20,0.05,6,4,blockage,R1,1,1,0,1,0,0,955,21,73.37152099898958,True
negotiate,20,0.05,6,7,conflict,R1,2,2,0,2,0,0,3016,21,147.59944299839844,True
negotiate,20,0.05,6,12,blockage,R1,2,2,1,3,3,0,1609,35,94.10748699883698,True
negotiate,20,0.05,6,19,blockage,R1,2,2,0,2,1,0,1203,21,63.02552100169123,True
negotiate,20,0.05,6,26,blockage,R0,1,1,0,1,0,0,836,14,44.48434400001133,True
negotiate,20,0.05,6,30,emergency,R2,1,1,0,1,20,0,1049,16,64.65267400017183,True
negotiate,20,0.05,6,44,emergency,R2,1,1,0,1,67,0,1042,12,63.19714699930046,True
negotiate,20,0.05,6,50,accident,R1,2,2,0,2,0,0,35489,11,1265.9478499990655,True
negotiate,20,0.05,6,54,blockage,R1,2,2,0,2,7,0,19836,23,698.923071999161,True
negotiate,20,0.05,6,69,blockage,R1,5,5,0,5,1,0,3036,39,234.8216760001378,True
negotiate,20,0.05,6,78,blockage,R1,1,1,0,1,1,0,748,16,36.20838599999843,True
negotiate,20,0.05,7,10,emergency,R2,1,1,0,1,48,0,1641,23,89.11779400114028,True
negotiate,20,0.05,7,14,blockage,R1,3,4,0,4,4,0,5342,35,257.20635099969513,True
negotiate,20,0.05,7,17,blockage,R1,3,3,0,3,4,0,3010,37,134.29704200098058,True
negotiate,20,0.05,7,19,emergency,R2,2,2,0,2,30,0,1901,23,103.27882500132546,True
negotiate,20,0.05,7,21,blockage,R1,1,1,0,1,1,0,1396,22,123.25585899998259,True
negotiate,20,0.05,7,23,accident,R2,3,3,0,3,38,0,8344,28,364.0171909992205,True
negotiate,20,0.05,7,41,accident,R1,4,4,0,4,13,0,1825,29,102.35671800001,True
negotiate,20,0.05,7,44,conflict,R1,4,4,0,4,2,0,1820,29,91.16270799859194,True
negotiate,20,0.05,7,44,conflict,R0,1,1,0,1,0,0,1820,29,79.05481500165479,True
negotiate,20,0.05,7,44,conflict,R0,1,1,0,1,0,0,1820,29,92.55893699992157,True
negotiate,20,0.05,7,44,conflict,R0,1,1,0,1,0,0,1820,29,86.67865600000368,True
negotiate,20,0.05,7,44,conflict,R0,1,1,0,1,0,0,1820,29,71.41935400068178,True
negotiate,20,0.05,7,44,conflict,R0,1,1,0,1,0,0,1820,29,82.2682790003455,True
negotiate,20,0.05,7,44,conflict,R0,1,1,0,1,0,0,1820,29,82.27151299979596,True
negotiate,20,0.05,7,44,conflict,R0,1,1,0,1,0,0,1820,29,138.63676599976316,True
negotiate,20,0.05,7,44,conflict,R0,1,1,0,1,0,0,1820,29,84.02933599973039,True
negotiate,20,0.05,7,44,conflict,R0,1,1,0,1,0,0,1820,29,147.86249399912776,True
negotiate,20,0.05,7,44,conflict,R0,1,1,0,1,0,0,1820,29,203.61526799933927,True
negotiate,20,0.05,7,44,conflict,R0,1,1,0,1,0,0,1820,29,223.54960899974685,True
negotiate,20,0.05,7,44,conflict,R0,1,1,0,1,0,0,1820,29,93.53504200043972,True
negotiate,20,0.05,7,44,conflict,R0,1,1,0,1,0,0,1820,29,101.26826000123401,True
negotiate,20,0.05,7,44,conflict,R0,1,1,0,1,0,0,1820,29,92.27840899984585,True
negotiate,20,0.05,7,44,conflict,R0,1,1,0,1,0,0,1820,29,91.74166099910508,True
negotiate,20,0.05,7,44,conflict,R0,1,1,0,1,0,0,1820,29,95.9057660002145,True
negotiate,20,0.05,7,44,conflict,R0,1,1,0,1,0,0,1820,29,125.35518999902706,True
negotiate,20,0.05,7,44,conflict,R0,1,1,0,1,0,0,1820,29,146.71571600047173,True
negotiate,20,0.05,7,44,conflict,R0,1,1,0,1,0,0,1820,29,119.66078999830643,True
negotiate,20,0.05,7,44,conflict,R0,1,1,0,1,0,0,1820,29,105.93383500054188,True
negotiate,20,0.05,7,44,conflict,R0,1,1,0,1,0,0,1820,29,129.82033800108184,True
negotiate,20,0.05,7,44,conflict,R0,1,1,0,1,0,0,1820,29,111.90247200102021,True
negotiate,20,0.05,7,44,conflict,R0,1,1,0,1,0,0,1820,29,117.16962100035744,True
negotiate,20,0.05,7,44,conflict,R0,1,1,0,1,0,0,1820,29,161.94404599991685,True
negotiate,20,0.05,7,44,conflict,R0,1,1,0,1,0,0,1820,29,106.59702600059973,True
negotiate,20,0.05,7,44,conflict,R0,1,1,0,1,0,0,1820,29,150.2870879994589,True
negotiate,20,0.05,7,44,conflict,R0,1,1,0,1,0,0,1820,29,137.2009579990845,True
negotiate,20,0.05,7,44,conflict,R0,1,1,0,1,0,0,1820,29,121.00456199914333,True
negotiate,20,0.05,7,44,conflict,R0,1,1,0,1,0,0,1820,29,106.89636899951438,True
negotiate,20,0.05,7,44,conflict,R0,1,1,0,1,0,0,1820,29,97.07317399988824,True
negotiate,20,0.05,7,44,conflict,R0,1,1,0,1,0,0,1820,29,98.88897700147936,True
negotiate,20,0.05,7,44,conflict,R0,1,1,0,1,0,0,1820,29,139.35110099919257,True
negotiate,20,0.05,7,44,conflict,R0,1,1,0,1,0,0,1820,29,96.40422299889906,True
negotiate,20,0.05,7,44,conflict,R0,1,1,0,1,0,0,1820,29,108.31258300095215,True
negotiate,20,0.05,7,44,conflict,R0,1,1,0,1,0,0,1820,29,102.38028799903987,True
negotiate,20,0.05,7,44,conflict,R0,1,1,0,1,0,0,1820,29,102.72240300037083,True
negotiate,20,0.05,7,44,conflict,R0,1,1,0,1,0,0,1820,29,110.27364000074158,True
negotiate,20,0.05,7,44,conflict,R0,1,1,0,1,0,0,1820,29,104.04453499904776,True
negotiate,20,0.05,7,44,conflict,R0,1,1,0,1,0,0,1820,29,108.34679499930644,True
negotiate,20,0.05,7,44,conflict,R0,1,1,0,1,0,0,1820,29,207.11855300032767,True
negotiate,20,0.05,7,44,conflict,R0,1,1,0,1,0,0,1820,29,119.94603000130155,True
negotiate,20,0.05,7,44,conflict,R0,1,1,0,1,0,0,1820,29,97.42331199959153,True
negotiate,20,0.05,7,44,conflict,R0,1,1,0,1,0,0,1820,29,99.33249399909982,True
negotiate,20,0.05,7,44,conflict,R0,1,1,0,1,0,0,1820,29,109.6397759993124,True
negotiate,20,0.05,7,44,conflict,R0,1,1,0,1,0,0,1820,29,113.4788639992621,True
negotiate,20,0.05,7,44,conflict,R0,1,1,0,1,0,0,1820,29,82.83059499990486,True
negotiate,20,0.05,7,44,conflict,R0,1,1,0,1,0,0,1820,29,79.15402300022834,True
negotiate,20,0.05,7,44,conflict,R0,1,1,0,1,0,0,1820,29,103.64108300018415,True
negotiate,20,0.05,7,44,conflict,R0,1,1,0,1,0,0,1820,29,109.93027499898744,True
negotiate,20,0.05,7,44,conflict,R0,1,1,0,1,0,0,1820,29,105.45377400012512,True
negotiate,20,0.05,7,44,conflict,R0,1,1,0,1,0,0,1820,29,176.01305499920272,True
negotiate,20,0.05,7,44,conflict,R0,1,1,0,1,0,0,1820,29,109.36968500027433,True
negotiate,20,0.05,7,44,conflict,R0,1,1,0,1,0,0,1820,29,187.47679499938386,True
negotiate,20,0.05,7,44,conflict,R0,1,1,0,1,0,0,1820,29,181.7105790014466,True
negotiate,20,0.05,7,44,conflict,R0,1,1,0,1,0,0,1820,29,86.50335300080769,True
negotiate,20,0.05,7,44,conflict,R0,1,1,0,1,0,0,1820,29,91.64954500010936,True
negotiate,20,0.05,7,44,conflict,R0,1,1,0,1,0,0,1820,29,140.27542700023332,True
negotiate,20,0.05,7,44,conflict,R0,1,1,0,1,0,0,1820,29,118.43527399832965,True
negotiate,20,0.05,7,44,conflict,R0,1,1,0,1,0,0,1820,29,95.34974900088855,True
negotiate,20,0.05,7,44,conflict,R0,1,1,0,1,0,0,1820,29,88.94570099982957,True
negotiate,20,0.05,7,44,conflict,R0,1,1,0,1,0,0,1820,29,192.53349599966896,True
negotiate,20,0.05,7,44,conflict,R0,1,1,0,1,0,0,1820,29,111.28440999891609,True
negotiate,20,0.05,7,44,conflict,R0,1,1,0,1,0,0,1820,29,80.47639000142226,True
negotiate,20,0.05,7,44,conflict,R0,1,1,0,1,0,0,1820,29,160.04138499920373,True
negotiate,20,0.05,7,44,conflict,R0,1,1,0,1,0,0,1820,29,86.62552399982815,True
negotiate,20,0.05,7,44,conflict,R0,1,1,0,1,0,0,1820,29,79.90843799962022,True
negotiate,20,0.05,7,44,conflict,R0,1,1,0,1,0,0,1820,29,89.42064099937852,True
negotiate,20,0.05,7,44,conflict,R0,1,1,0,1,0,0,1820,29,266.27884000117774,True
negotiate,20,0.05,7,44,conflict,R0,1,1,0,1,0,0,1820,29,127.10982799944759,True
negotiate,20,0.05,7,44,conflict,R0,1,1,0,1,0,0,1820,29,119.76789099935559,True
negotiate,20,0.05,7,44,conflict,R0,1,1,0,1,0,0,1820,29,121.04488899967691,True
negotiate,20,0.05,7,44,conflict,R0,1,1,0,1,0,0,1820,29,192.82010800088756,True
negotiate,20,0.05,7,44,conflict,R0,1,1,0,1,0,0,1820,29,224.42584399868792,True
negotiate,20,0.05,7,44,conflict,R0,1,1,0,1,0,0,1820,29,145.9153569994669,True
negotiate,20,0.05,7,44,conflict,R0,1,1,0,1,0,0,1820,29,94.30663999955868,True
negotiate,20,0.05,7,44,conflict,R0,1,1,0,1,0,0,1820,29,91.72493799997028,True
negotiate,20,0.05,7,44,conflict,R0,1,1,0,1,0,0,1820,29,95.08823400028632,True
negotiate,20,0.05,7,44,conflict,R0,1,1,0,1,0,0,1820,29,168.02007499973115,True
negotiate,20,0.05,7,44,conflict,R0,1,1,0,1,0,0,1820,29,110.35676199935551,True
negotiate,20,0.05,7,44,conflict,R1,2,2,0,2,0,0,1751,29,115.46912199992221,True
negotiate,20,0.05,7,44,conflict,R0,1,1,0,1,0,0,1751,29,112.11615600041114,True
negotiate,20,0.05,7,44,conflict,R0,1,1,0,1,0,0,1751,29,82.24446799977159,True
negotiate,20,0.05,7,44,conflict,R0,1,1,0,1,0,0,1751,29,84.8645519999991,True
negotiate,20,0.05,7,44,conflict,R0,1,1,0,1,0,0,1751,29,93.03384299892059,True
negotiate,20,0.05,7,44,conflict,R0,1,1,0,1,0,0,1751,29,95.52488200097287,True
negotiate,20,0.05,7,44,conflict,R0,1,1,0,1,0,0,1751,29,89.64246200048365,True
negotiate,20,0.05,7,44,conflict,R0,1,1,0,1,0,0,1751,29,90.31260299889254,True
negotiate,20,0.05,7,44,conflict,R0,1,1,0,1,0,0,1751,29,111.37772100119037,True
negotiate,20,0.05,7,44,conflict,R0,1,1,0,1,0,0,1751,29,112.64412600030482,True
negotiate,20,0.05,7,44,conflict,R0,1,1,0,1,0,0,1751,29,75.03618199916673,True
negotiate,20,0.05,7,44,conflict,R0,1,1,0,1,0,0,1751,29,65.41137499880278,True
negotiate,20,0.05,7,44,conflict,R0,1,1,0,1,0,0,1751,29,63.222896000297624,True
negotiate,20,0.05,7,44,conflict,R0,1,1,0,1,0,0,1751,29,87.2405339996476,True
negotiate,20,0.05,7,44,conflict,R0,1,1,0,1,0,0,1751,29,75.23010399927443,True
negotiate,20,0.05,7,44,conflict,R0,1,1,0,1,0,0,1751,29,70.9354290011106,True
negotiate,20,0.05,7,44,conflict,R0,1,1,0,1,0,0,1751,29,68.8761909987079,True
negotiate,20,0.05,7,44,conflict,R0,1,1,0,1,0,0,1751,29,67.5449500013201,True
negotiate,20,0.05,7,44,conflict,R0,1,1,0,1,0,0,1751,29,110.8571659988229,True
negotiate,20,0.05,7,44,conflict,R0,1,1,0,1,0,0,1751,29,134.3632339994656,True
negotiate,20,0.05,7,44,conflict,R0,1,1,0,1,0,0,1751,29,193.6599849996128,True
negotiate,20,0.05,7,44,conflict,R0,1,1,0,1,0,0,1751,29,287.0466740005213,True
negotiate,20,0.05,7,44,conflict,R0,1,1,0,1,0,0,1751,29,86.57439699891256,True
negotiate,20,0.05,7,44,conflict,R0,1,1,0,1,0,0,1751,29,122.17183499888051,True
negotiate,20,0.05,7,44,conflict,R0,1,1,0,1,0,0,1751,29,171.70220200023323,True
negotiate,20,0.05,7,44,conflict,R0,1,1,0,1,0,0,1751,29,142.22520899966185,True
negotiate,20,0.05,7,44,conflict,R0,1,1,0,1,0,0,1751,29,64.52039899886586,True
negotiate,20,0.05,7,44,conflict,R0,1,1,0,1,0,0,1751,29,83.37872800075274,True
negotiate,20,0.05,7,44,conflict,R0,1,1,0,1,0,0,1751,29,159.4104960004188,True
negotiate,20,0.05,7,44,conflict,R0,1,1,0,1,0,0,1751,29,193.34098000035738,True
negotiate,20,0.05,7,44,conflict,R0,1,1,0,1,0,0,1751,29,73.89831799991953,True
negotiate,20,0.05,7,44,conflict,R0,1,1,0,1,0,0,1751,29,73.08529199872282,True
negotiate,20,0.05,7,44,conflict,R0,1,1,0,1,0,0,1751,29,78.58003100045607,True
negotiate,20,0.05,7,44,conflict,R0,1,1,0,1,0,0,1751,29,75.84752000002482,True
negotiate,20,0.05,7,44,conflict,R0,1,1,0,1,0,0,1751,29,73.29478500105324,True
negotiate,20,0.05,7,44,conflict,R0,1,1,0,1,0,0,1751,29,75.72202600022138,True
negotiate,20,0.05,7,44,conflict,R0,1,1,0,1,0,0,1751,29,64.88996999905794,True
negotiate,20,0.05,7,44,conflict,R0,1,1,0,1,0,0,1751,29,64.51473699962662,True
negotiate,20,0.05,7,44,conflict,R0,1,1,0,1,0,0,1751,29,115.12650599979679,True
negotiate,20,0.05,7,44,conflict,R0,1,1,0,1,0,0,1751,29,57.91550200046913,True
negotiate,20,0.05,7,44,conflict,R0,1,1,0,1,0,0,1751,29,60.36523500006297,True
negotiate,20,0.05,7,44,conflict,R0,1,1,0,1,0,0,1751,29,58.106141001189826,True
negotiate,20,0.05,7,44,conflict,R0,1,1,0,1,0,0,1751,29,69.18072900043626,True
negotiate,20,0.05,7,44,conflict,R0,1,1,0,1,0,0,1751,29,77.37988600092649,True
negotiate,20,0.05,7,44,conflict,R0,1,1,0,1,0,0,1751,29,64.37949500104878,True
negotiate,20,0.05,7,44,conflict,R0,1,1,0,1,0,0,1751,29,58.750751999468775,True
negotiate,20,0.05,7,44,conflict,R0,1,1,0,1,0,0,1751,29,74.81894699958502,True
negotiate,20,0.05,7,44,conflict,R0,1,1,0,1,0,0,1751,29,102.91378299916687,True
negotiate,20,0.05,7,44,conflict,R0,1,1,0,1,0,0,1751,29,139.4927399996959,True
negotiate,20,0.05,7,44,conflict,R0,1,1,0,1,0,0,1751,29,95.89604200118629,True
negotiate,20,0.05,7,44,conflict,R0,1,1,0,1,0,0,1751,29,304.7006599990709,True
negotiate,20,0.05,7,44,conflict,R0,1,1,0,1,0,0,1751,29,219.16884900019795,True
negotiate,20,0.05,7,44,conflict,R0,1,1,0,1,0,0,1751,29,144.98064100007468,True
negotiate,20,0.05,7,44,conflict,R0,1,1,0,1,0,0,1751,29,166.8881199984753,True
negotiate,20,0.05,7,44,conflict,R0,1,1,0,1,0,0,1751,29,136.44977299918537,True
negotiate,20,0.05,7,44,conflict,R0,1,1,0,1,0,0,1751,29,150.35481799895933,True
negotiate,20,0.05,7,44,conflict,R0,1,1,0,1,0,0,1751,29,143.21882299918798,True
negotiate,20,0.05,7,44,conflict,R0,1,1,0,1,0,0,1751,29,120.34029899950838,True
negotiate,20,0.05,7,44,conflict,R0,1,1,0,1,0,0,1751,29,70.3700439989916,True
negotiate,20,0.05,7,44,conflict,R0,1,1,0,1,0,0,1751,29,121.96470799972303,True
negotiate,20,0.05,7,44,conflict,R0,1,1,0,1,0,0,1751,29,66.7901710003207,True
negotiate,20,0.05,7,44,conflict,R0,1,1,0,1,0,0,1751,29,66.36217499908525,True
negotiate,20,0.05,7,44,conflict,R0,1,1,0,1,0,0,1751,29,72.05875900035608,True
negotiate,20,0.05,7,44,conflict,R0,1,1,0,1,0,0,1751,29,124.92765099887038,True
negotiate,20,0.05,7,44,conflict,R0,1,1,0,1,0,0,1751,29,122.61604400009674,True
negotiate,20,0.05,7,44,conflict,R0,1,1,0,1,0,0,1751,29,94.25891899991257,True
negotiate,20,0.05,7,44,conflict,R0,1,1,0,1,0,0,1751,29,96.78123500088986,True
negotiate,20,0.05,7,44,conflict,R0,1,1,0,1,0,0,1751,29,104.3889409993426,True
negotiate,20,0.05,7,44,conflict,R0,1,1,0,1,0,0,1751,29,104.64676199990208,True
negotiate,20,0.05,7,44,conflict,R0,1,1,0,1,0,0,1751,29,108.33838100006687,True
negotiate,20,0.05,7,44,conflict,R0,1,1,0,1,0,0,1751,29,164.23737199875177,True
negotiate,20,0.05,7,44,conflict,R0,1,1,0,1,0,0,1751,29,129.32805100172118,True
negotiate,20,0.05,7,44,conflict,R0,1,1,0,1,0,0,1751,29,147.95290599977307,True
negotiate,20,0.05,7,44,conflict,R0,1,1,0,1,0,0,1751,29,151.90381499996874,True
negotiate,20,0.05,7,44,conflict,R0,1,1,0,1,0,0,1751,29,108.95960099878721,True
negotiate,20,0.05,7,44,conflict,R0,1,1,0,1,0,0,1751,29,104.08104699854448,True
negotiate,20,0.05,7,44,conflict,R0,1,1,0,1,0,0,1751,29,110.08779100120591,True
negotiate,20,0.05,7,44,conflict,R0,1,1,0,1,0,0,1751,29,206.3050300002942,True
negotiate,20,0.05,7,44,conflict,R0,1,1,0,1,0,0,1751,29,146.88656900034402,True
negotiate,20,0.05,7,44,conflict,R0,1,1,0,1,0,0,1751,29,96.0233400001016,True
negotiate,20,0.05,7,44,conflict,R1,3,4,0,4,0,0,1693,29,137.19301399942196,True
negotiate,20,0.05,7,44,conflict,R0,1,1,0,1,0,0,1709,29,90.8171549999679,True
negotiate,20,0.05,7,44,conflict,R0,1,1,0,1,0,0,1709,29,208.3284519994777,True
negotiate,20,0.05,7,44,conflict,R0,1,1,0,1,0,0,1709,29,92.6892190000217,True
negotiate,20,0.05,7,44,conflict,R0,1,1,0,1,0,0,1709,29,103.87026599892124,True
negotiate,20,0.05,7,44,conflict,R0,1,1,0,1,0,0,1709,29,117.31889099974069,True
negotiate,20,0.05,7,44,conflict,R0,1,1,0,1,0,0,1709,29,91.49001399964618,True
negotiate,20,0.05,7,44,conflict,R0,1,1,0,1,0,0,1709,29,96.83116799897107,True
negotiate,20,0.05,7,44,conflict,R0,1,1,0,1,0,0,1709,29,99.44863099917711,True
negotiate,20,0.05,7,44,conflict,R0,1,1,0,1,0,0,1709,29,204.04418900034216,True
negotiate,20,0.05,7,44,conflict,R0,1,1,0,1,0,0,1709,29,152.6392570012831,True
negotiate,20,0.05,7,44,conflict,R0,1,1,0,1,0,0,1709,29,89.93632599958801,True
negotiate,20,0.05,7,44,conflict,R0,1,1,0,1,0,0,1709,29,114.95865100005176,True
negotiate,20,0.05,7,44,conflict,R0,1,1,0,1,0,0,1709,29,109.17681799946877,True
negotiate,20,0.05,7,44,conflict,R0,1,1,0,1,0,0,1709,29,105.75204100132396,True
negotiate,20,0.05,7,44,conflict,R0,1,1,0,1,0,0,1709,29,103.85768499872938,True
negotiate,20,0.05,7,44,conflict,R0,1,1,0,1,0,0,1709,29,103.01849999996193,True
negotiate,20,0.05,7,44,conflict,R0,1,1,0,1,0,0,1709,29,98.01242300090962,True
negotiate,20,0.05,7,44,conflict,R0,1,1,0,1,0,0,1709,29,85.99818500078982,True
negotiate,20,0.05,7,44,conflict,R0,1,1,0,1,0,0,1709,29,153.74240699929942,True
negotiate,20,0.05,7,44,conflict,R0,1,1,0,1,0,0,1709,29,163.83723900071345,True
negotiate,20,0.05,7,44,conflict,R0,1,1,0,1,0,0,1709,29,90.14679999927466,True
negotiate,20,0.05,7,44,conflict,R0,1,1,0,1,0,0,1709,29,104.06761900048878,True
negotiate,20,0.05,7,44,conflict,R0,1,1,0,1,0,0,1709,29,101.1992880012258,True
negotiate,20,0.05,7,44,conflict,R0,1,1,0,1,0,0,1709,29,107.06692899839254,True
negotiate,20,0.05,7,44,conflict,R0,1,1,0,1,0,0,1709,29,191.63857200146595,True
negotiate,20,0.05,7,44,conflict,R0,1,1,0,1,0,0,1709,29,114.79076400064514,True
negotiate,20,0.05,7,44,conflict,R0,1,1,0,1,0,0,1709,29,268.4504150001885,True
negotiate,20,0.05,7,44,conflict,R0,1,1,0,1,0,0,1709,29,392.7947279989894,True
negotiate,20,0.05,7,44,conflict,R0,1,1,0,1,0,0,1709,29,204.21842600080709,True
negotiate,20,0.05,7,44,conflict,R0,1,1,0,1,0,0,1709,29,128.59265400038566,True
negotiate,20,0.05,7,44,conflict,R0,1,1,0,1,0,0,1709,29,162.40655899855483,True
negotiate,20,0.05,7,44,conflict,R0,1,1,0,1,0,0,1709,29,83.87141999992309,True
negotiate,20,0.05,7,44,conflict,R0,1,1,0,1,0,0,1709,29,82.40540800034069,True
negotiate,20,0.05,7,44,conflict,R0,1,1,0,1,0,0,1709,29,208.63694400031818,True
negotiate,20,0.05,7,44,conflict,R0,1,1,0,1,0,0,1709,29,271.87870899979316,True
negotiate,20,0.05,7,44,conflict,R0,1,1,0,1,0,0,1709,29,336.90463499988255,True
negotiate,20,0.05,7,44,conflict,R0,1,1,0,1,0,0,1709,29,215.90744099921721,True
negotiate,20,0.05,7,44,conflict,R0,1,1,0,1,0,0,1709,29,211.87737400032347,True
negotiate,20,0.05,7,44,conflict,R0,1,1,0,1,0,0,1709,29,121.15773999903467,True
negotiate,20,0.05,7,44,conflict,R0,1,1,0,1,0,0,1709,29,108.88526300004742,True
negotiate,20,0.05,7,44,conflict,R0,1,1,0,1,0,0,1709,29,109.10621099901618,True
negotiate,20,0.05,7,44,conflict,R0,1,1,0,1,0,0,1709,29,108.33271099909325,True
negotiate,20,0.05,7,44,conflict,R0,1,1,0,1,0,0,1709,29,158.16880600141303,True
negotiate,20,0.05,7,44,conflict,R0,1,1,0,1,0,0,1709,29,248.7243710002076,True
negotiate,20,0.05,7,44,conflict,R0,1,1,0,1,0,0,1709,29,193.47731600100815,True
negotiate,20,0.05,7,44,conflict,R0,1,1,0,1,0,0,1709,29,218.12511600001017,True
negotiate,20,0.05,7,44,conflict,R0,1,1,0,1,0,0,1709,29,241.62306700054614,True
negotiate,20,0.05,7,44,conflict,R0,1,1,0,1,0,0,1709,29,217.7923710005416,True
negotiate,20,0.05,7,44,conflict,R0,1,1,0,1,0,0,1709,29,357.3230649999459,True
negotiate,20,0.05,7,44,conflict,R0,1,1,0,1,0,0,1709,29,185.8510779984499,True
negotiate,20,0.05,7,44,conflict,R0,1,1,0,1,0,0,1709,29,77.66650199846481,True
negotiate,20,0.05,7,44,conflict,R0,1,1,0,1,0,0,1709,29,181.29820200010727,True
negotiate,20,0.05,7,44,conflict,R0,1,1,0,1,0,0,1709,29,94.96844500063162,True
negotiate,20,0.05,7,44,conflict,R0,1,1,0,1,0,0,1709,29,70.50950099983311,True
negotiate,20,0.05,7,44,conflict,R0,1,1,0,1,0,0,1709,29,113.98647800160688,True
negotiate,20,0.05,7,44,conflict,R0,1,1,0,1,0,0,1709,29,107.38177599887422,True
negotiate,20,0.05,7,44,conflict,R0,1,1,0,1,0,0,1709,29,85.0559569989855,True
negotiate,20,0.05,7,44,conflict,R0,1,1,0,1,0,0,1709,29,155.78079000079015,True
negotiate,20,0.05,7,44,conflict,R0,1,1,0,1,0,0,1709,29,91.80114999981015,True
negotiate,20,0.05,7,44,conflict,R0,1,1,0,1,0,0,1709,29,135.93672699971648,True
negotiate,20,0.05,7,44,conflict,R0,1,1,0,1,0,0,1709,29,89.09594000033394,True
negotiate,20,0.05,7,44,conflict,R0,1,1,0,1,0,0,1709,29,93.25837500000489,True
negotiate,20,0.05,7,44,conflict,R0,1,1,0,1,0,0,1709,29,89.89051500066125,True
negotiate,20,0.05,7,44,conflict,R0,1,1,0,1,0,0,1709,29,91.90787999978056,True
negotiate,20,0.05,7,44,conflict,R0,1,1,0,1,0,0,1709,29,85.52887200130499,True
negotiate,20,0.05,7,44,conflict,R0,1,1,0,1,0,0,1709,29,76.4856530004181,True
negotiate,20,0.05,7,44,conflict,R0,1,1,0,1,0,0,1709,29,76.88897099978931,True
negotiate,20,0.05,7,44,conflict,R0,1,1,0,1,0,0,1709,29,72.40140999965661,True
negotiate,20,0.05,7,44,conflict,R0,1,1,0,1,0,0,1709,29,65.54381599926273,True
negotiate,20,0.05,7,44,conflict,R0,1,1,0,1,0,0,1709,29,70.41679400026624,True
negotiate,20,0.05,7,44,conflict,R0,1,1,0,1,0,0,1709,29,74.27504000042973,True
negotiate,20,0.05,7,44,conflict,R0,1,1,0,1,0,0,1709,29,262.4026129997219,True
negotiate,20,0.05,7,44,conflict,R0,1,1,0,1,0,0,1709,29,73.07222499912314,True
negotiate,20,0.05,7,44,conflict,R0,1,1,0,1,0,0,1709,29,87.40609999949811,True
negotiate,20,0.05,7,44,conflict,R0,1,1,0,1,0,0,1709,29,89.30965199942875,True
negotiate,20,0.05,7,44,conflict,R0,1,1,0,1,0,0,1709,29,133.1836339995789,True
negotiate,20,0.05,7,44,conflict,R0,1,1,0,1,0,0,1709,29,132.6070899995102,True
negotiate,20,0.05,7,44,conflict,R0,1,1,0,1,0,0,1709,29,83.69048000167822,True
negotiate,20,0.05,7,44,conflict,R0,1,1,0,1,0,0,1709,29,77.81238200004736,True
negotiate,20,0.05,7,44,conflict,R0,1,1,0,1,0,0,1716,29,87.2107520008285,True
negotiate,20,0.05,7,44,conflict,R0,1,1,0,1,0,0,1716,29,89.79324199935945,True
negotiate,20,0.05,7,44,conflict,R0,1,1,0,1,0,0,1716,29,88.7237520000781,True
negotiate,20,0.05,7,44,conflict,R0,1,1,0,1,0,0,1716,29,88.98935400065966,True
negotiate,20,0.05,7,44,conflict,R0,1,1,0,1,0,0,1716,29,84.36526599871286,True
negotiate,20,0.05,7,44,conflict,R0,1,1,0,1,0,0,1716,29,67.62662699838984,True
negotiate,20,0.05,7,44,conflict,R0,1,1,0,1,0,0,1716,29,73.12361900039832,True
negotiate,20,0.05,7,44,conflict,R0,1,1,0,1,0,0,1716,29,80.538123000224,True
negotiate,20,0.05,7,44,conflict,R0,1,1,0,1,0,0,1716,29,133.98806000077457,True
negotiate,20,0.05,7,44,conflict,R0,1,1,0,1,0,0,1716,29,82.98663499954273,True
negotiate,20,0.05,7,44,conflict,R0,1,1,0,1,0,0,1716,29,75.43962199997623,True
negotiate,20,0.05,7,44,conflict,R0,1,1,0,1,0,0,1716,29,72.38039799995022,True
negotiate,20,0.05,7,44,conflict,R0,1,1,0,1,0,0,1716,29,75.75028500104963,True
negotiate,20,0.05,7,44,conflict,R0,1,1,0,1,0,0,1716,29,128.49189400003524,True
negotiate,20,0.05,7,44,conflict,R0,1,1,0,1,0,0,1716,29,150.4343369997514,True
negotiate,20,0.05,7,44,conflict,R0,1,1,0,1,0,0,1716,29,172.86152400083665,True
negotiate,20,0.05,7,44,conflict,R0,1,1,0,1,0,0,1716,29,178.14371100030257,True
negotiate,20,0.05,7,44,conflict,R0,1,1,0,1,0,0,1716,29,195.41277899952547,True
negotiate,20,0.05,7,44,conflict,R0,1,1,0,1,0,0,1716,29,108.03099000077054,True
negotiate,20,0.05,7,44,conflict,R0,1,1,0,1,0,0,1716,29,88.1401080005162,True
negotiate,20,0.05,7,44,conflict,R0,1,1,0,1,0,0,1716,29,96.0130699986621,True
negotiate,20,0.05,7,44,conflict,R0,1,1,0,1,0,0,1716,29,72.68315799956326,True
negotiate,20,0.05,7,44,conflict,R0,1,1,0,1,0,0,1716,29,332.8455289993144,True
negotiate,20,0.05,7,44,conflict,R0,1,1,0,1,0,0,1716,29,144.87117300086538,True
negotiate,20,0.05,7,44,conflict,R0,1,1,0,1,0,0,1716,29,184.59638800050016,True
negotiate,20,0.05,7,44,conflict,R0,1,1,0,1,0,0,1716,29,127.20212800013542,True
negotiate,20,0.05,7,44,conflict,R0,1,1,0,1,0,0,1716,29,142.06038599877502,True
negotiate,20,0.05,7,44,conflict,R0,1,1,0,1,0,0,1716,29,214.5352229999844,True
negotiate,20,0.05,7,44,conflict,R0,1,1,0,1,0,0,1716,29,68.74827700085007,True
negotiate,20,0.05,7,44,conflict,R0,1,1,0,1,0,0,1716,29,69.62618400029896,True
negotiate,20,0.05,7,44,conflict,R0,1,1,0,1,0,0,1716,29,212.5128229999973,True
negotiate,20,0.05,7,44,conflict,R0,1,1,0,1,0,0,1716,29,89.46362899951055,True
negotiate,20,0.05,7,44,conflict,R0,1,1,0,1,0,0,1716,29,89.19124900057795,True
negotiate,20,0.05,7,44,conflict,R0,1,1,0,1,0,0,1716,29,71.89931900029478,True
negotiate,20,0.05,7,44,conflict,R0,1,1,0,1,0,0,1716,29,75.45368800128927,True
negotiate,20,0.05,7,44,conflict,R0,1,1,0,1,0,0,1716,29,58.861745999820414,True
negotiate,20,0.05,7,44,conflict,R0,1,1,0,1,0,0,1716,29,52.582682999855024,True
negotiate,20,0.05,7,44,conflict,R0,1,1,0,1,0,0,1716,29,68.33114700020815,True
negotiate,20,0.05,7,44,conflict,R0,1,1,0,1,0,0,1716,29,82.86786099961319,True
negotiate,20,0.05,7,44,conflict,R0,1,1,0,1,0,0,1716,29,67.39059100073064,True
negotiate,20,0.05,7,44,conflict,R0,1,1,0,1,0,0,1716,29,138.3186589991965,True
negotiate,20,0.05,7,44,conflict,R0,1,1,0,1,0,0,1716,29,83.80770899930212,True
negotiate,20,0.05,7,44,conflict,R0,1,1,0,1,0,0,1716,29,69.0266759993392,True
negotiate,20,0.05,7,44,conflict,R0,1,1,0,1,0,0,1716,29,66.25831900055346,True
negotiate,20,0.05,7,44,conflict,R0,1,1,0,1,0,0,1716,29,114.62815000049886,True
negotiate,20,0.05,7,44,conflict,R0,1,1,0,1,0,0,1716,29,63.68416699842783,True
negotiate,20,0.05,7,44,conflict,R0,1,1,0,1,0,0,1716,29,63.37837700084492,True
negotiate,20,0.05,7,44,conflict,R0,1,1,0,1,0,0,1716,29,64.41693099986878,True
negotiate,20,0.05,7,44,conflict,R0,1,1,0,1,0,0,1716,29,67.26553200132912,True
negotiate,20,0.05,7,44,conflict,R0,1,1,0,1,0,0,1716,29,69.45737800015195,True
negotiate,20,0.05,7,44,conflict,R0,1,1,0,1,0,0,1716,29,106.96837000068626,True
negotiate,20,0.05,7,44,conflict,R0,1,1,0,1,0,0,1716,29,81.43301099880773,True
negotiate,20,0.05,7,44,conflict,R0,1,1,0,1,0,0,1716,29,74.05539700084773,True
negotiate,20,0.05,7,44,conflict,R0,1,1,0,1,0,0,1716,29,57.82559999897785,True
negotiate,20,0.05,7,44,conflict,R0,1,1,0,1,0,0,1716,29,73.94154699977662,True
negotiate,20,0.05,7,44,conflict,R0,1,1,0,1,0,0,1716,29,84.44144699933531,True
negotiate,20,0.05,7,44,conflict,R0,1,1,0,1,0,0,1716,29,112.55207800058997,True
negotiate,20,0.05,7,44,conflict,R0,1,1,0,1,0,0,1716,29,87.13464799984649,True
negotiate,20,0.05,7,44,conflict,R0,1,1,0,1,0,0,1716,29,84.41918400058057,True
negotiate,20,0.05,7,44,conflict,R0,1,1,0,1,0,0,1716,29,116.97728600120172,True
negotiate,20,0.05,7,44,conflict,R0,1,1,0,1,0,0,1716,29,173.3615129996906,True
negotiate,20,0.05,7,44,conflict,R0,1,1,0,1,0,0,1716,29,84.29815599993162,True
negotiate,20,0.05,7,44,conflict,R0,1,1,0,1,0,0,1716,29,88.23869600018952,True
negotiate,20,0.05,7,44,conflict,R0,1,1,0,1,0,0,1716,29,88.60352800002147,True
negotiate,20,0.05,7,44,conflict,R0,1,1,0,1,0,0,1716,29,77.22706599997764,True
negotiate,20,0.05,7,44,conflict,R0,1,1,0,1,0,0,1716,29,100.65692300122464,True
negotiate,20,0.05,7,44,conflict,R0,1,1,0,1,0,0,1716,29,95.85852900090686,True
negotiate,20,0.05,7,44,conflict,R0,1,1,0,1,0,0,1716,29,95.61361099986243,True
negotiate,20,0.05,7,44,conflict,R0,1,1,0,1,0,0,1716,29,86.00319800098077,True
negotiate,20,0.05,7,44,conflict,R0,1,1,0,1,0,0,1716,29,105.6120249995729,True
negotiate,20,0.05,7,44,conflict,R0,1,1,0,1,0,0,1716,29,119.70246599958045,True
negotiate,20,0.05,7,44,conflict,R0,1,1,0,1,0,0,1716,29,71.07915300002787,True
negotiate,20,0.05,7,44,conflict,R0,1,1,0,1,0,0,1716,29,78.72580200091761,True
negotiate,20,0.05,7,44,conflict,R0,1,1,0,1,0,0,1716,29,72.30945299852465,True
negotiate,20,0.05,7,44,conflict,R0,1,1,0,1,0,0,1716,29,86.40577099868096,True
negotiate,20,0.05,7,44,conflict,R0,1,1,0,1,0,0,1716,29,130.25880999884976,True
negotiate,20,0.05,7,44,conflict,R0,1,1,0,1,0,0,1716,29,71.55701200099429,True
negotiate,20,0.05,7,44,conflict,R0,1,1,0,1,0,0,1716,29,102.20500900140905,True
negotiate,20,0.05,7,44,conflict,R0,1,1,0,1,0,0,1716,29,72.85128300100041,True
negotiate,20,0.05,7,44,conflict,R0,1,1,0,1,0,0,1716,29,74.37681299961696,True
negotiate,20,0.05,7,44,conflict,R0,1,1,0,1,0,0,1716,29,76.61643400024332,True
negotiate,20,0.05,7,44,conflict,R0,1,1,0,1,0,0,1716,29,94.64091900008498,True
negotiate,20,0.05,7,44,conflict,R0,1,1,0,1,0,0,1716,29,78.8420019998739,True
negotiate,20,0.05,7,44,conflict,R0,1,1,0,1,0,0,1716,29,71.59694799884164,True
negotiate,20,0.05,7,44,conflict,R0,1,1,0,1,0,0,1716,29,79.23051099896838,True
negotiate,20,0.05,7,44,conflict,R0,1,1,0,1,0,0,1716,29,138.1914539997524,True
negotiate,20,0.05,7,44,conflict,R0,1,1,0,1,0,0,1716,29,72.75318899883132,True
negotiate,20,0.05,7,44,conflict,R0,1,1,0,1,0,0,1716,29,94.33922999960487,True
negotiate,20,0.05,7,44,conflict,R0,1,1,0,1,0,0,1716,29,94.88566899926809,True
negotiate,20,0.05,7,44,conflict,R0,1,1,0,1,0,0,1716,29,161.78837599909457,True
negotiate,20,0.05,7,44,conflict,R0,1,1,0,1,0,0,1716,29,71.14965799883066,True
negotiate,20,0.05,7,44,conflict,R0,1,1,0,1,0,0,1716,29,69.68886499998916,True
negotiate,20,0.05,7,44,conflict,R0,1,1,0,1,0,0,1716,29,81.12980400073866,True
negotiate,20,0.05,7,44,conflict,R0,1,1,0,1,0,0,1716,29,138.29284499843197,True
negotiate,20,0.05,7,44,conflict,R0,1,1,0,1,0,0,1716,29,91.64416700150468,True
negotiate,20,0.05,7,44,conflict,R0,1,1,0,1,0,0,1716,29,59.259715000735014,True
negotiate,20,0.05,7,44,conflict,R0,1,1,0,1,0,0,1716,29,57.077972998740734,True
negotiate,20,0.05,7,44,conflict,R0,1,1,0,1,0,0,1716,29,56.870690001233015,True
negotiate,20,0.05,7,44,conflict,R0,1,1,0,1,0,0,1716,29,88.83670800059917,True
negotiate,20,0.05,7,44,conflict,R0,1,1,0,1,0,0,1716,29,59.0679180004372,True
negotiate,20,0.05,7,44,conflict,R0,1,1,0,1,0,0,1716,29,58.5547589998896,True
negotiate,20,0.05,7,44,conflict,R0,1,1,0,1,0,0,1716,29,57.18492500091088,True
negotiate,20,0.05,7,44,conflict,R0,1,1,0,1,0,0,1716,29,56.46108599830768,True
negotiate,20,0.05,7,44,conflict,R0,1,1,0,1,0,0,1716,29,57.6767149996158,True
negotiate,20,0.05,7,44,conflict,R0,1,1,0,1,0,0,1716,29,66.71709500005818,True
negotiate,20,0.05,7,44,conflict,R0,1,1,0,1,0,0,1716,29,78.57633599996916,True
negotiate,20,0.05,7,44,conflict,R0,1,1,0,1,0,0,1716,29,78.99266499953228,True
negotiate,20,0.05,7,44,conflict,R0,1,1,0,1,0,0,1716,29,90.53207699980703,True
negotiate,20,0.05,7,44,conflict,R0,1,1,0,1,0,0,1716,29,86.82778299953497,True
negotiate,20,0.05,7,44,conflict,R0,1,1,0,1,0,0,1716,29,62.842137998813996,True
negotiate,20,0.05,7,44,conflict,R0,1,1,0,1,0,0,1716,29,57.51816299925849,True
negotiate,20,0.05,7,44,conflict,R0,1,1,0,1,0,0,1716,29,338.9279279999755,True
negotiate,20,0.05,7,44,conflict,R0,1,1,0,1,0,0,1716,29,118.18195500018192,True
negotiate,20,0.05,7,44,conflict,R0,1,1,0,1,0,0,1716,29,81.75106499948015,True
negotiate,20,0.05,7,44,conflict,R0,1,1,0,1,0,0,1716,29,73.92706700011331,True
negotiate,20,0.05,7,44,conflict,R0,1,1,0,1,0,0,1716,29,110.24379199989198,True
negotiate,20,0.05,7,44,conflict,R0,1,1,0,1,0,0,1716,29,75.21011999961047,True
negotiate,20,0.05,7,44,conflict,R0,1,1,0,1,0,0,1716,29,65.72037800106045,True
negotiate,20,0.05,7,44,conflict,R0,1,1,0,1,0,0,1716,29,68.18653399932373,True
negotiate,20,0.05,7,44,conflict,R0,1,1,0,1,0,0,1716,29,64.87937099882402,True
negotiate,20,0.05,7,44,conflict,R0,1,1,0,1,0,0,1716,29,63.414272999580135,True
negotiate,20,0.05,7,44,conflict,R0,1,1,0,1,0,0,1716,29,68.99804400018184,True
negotiate,20,0.05,7,44,conflict,R0,1,1,0,1,0,0,1716,29,92.1984060005343,True
negotiate,20,0.05,7,44,conflict,R0,1,1,0,1,0,0,1716,29,82.19586099949083,True
negotiate,20,0.05,7,44,conflict,R0,1,1,0,1,0,0,1716,29,68.19733100019221,True
negotiate,20,0.05,7,44,conflict,R0,1,1,0,1,0,0,1716,29,69.39012499969976,True
negotiate,20,0.05,7,44,conflict,R0,1,1,0,1,0,0,1716,29,67.1714919990336,True
negotiate,20,0.05,7,44,conflict,R0,1,1,0,1,0,0,1716,29,69.71735000115586,True
negotiate,20,0.05,7,44,conflict,R0,1,1,0,1,0,0,1716,29,84.57972499854804,True
negotiate,20,0.05,7,44,conflict,R0,1,1,0,1,0,0,1716,29,67.19742799941741,True
negotiate,20,0.05,7,44,conflict,R0,1,1,0,1,0,0,1716,29,67.86839499909547,True
negotiate,20,0.05,7,44,conflict,R0,1,1,0,1,0,0,1716,29,122.61949999992794,True
negotiate,20,0.05,7,44,conflict,R0,1,1,0,1,0,0,1716,29,67.40622700090171,True
negotiate,20,0.05,7,44,conflict,R0,1,1,0,1,0,0,1716,29,91.62363700124843,True
negotiate,20,0.05,7,44,conflict,R0,1,1,0,1,0,0,1716,29,182.33921600040048,True
negotiate,20,0.05,7,44,conflict,R0,1,1,0,1,0,0,1716,29,152.51421599896275,True
negotiate,20,0.05,7,44,conflict,R0,1,1,0,1,0,0,1716,29,142.5544350004202,True
negotiate,20,0.05,7,44,conflict,R0,1,1,0,1,0,0,1716,29,140.49188799981494,True
negotiate,20,0.05,7,44,conflict,R0,1,1,0,1,0,0,1716,29,157.04852400085656,True
negotiate,20,0.05,7,44,conflict,R0,1,1,0,1,0,0,1716,29,191.49800000013784,True
negotiate,20,0.05,7,44,conflict,R0,1,1,0,1,0,0,1716,29,128.62524000047415,True
negotiate,20,0.05,7,44,conflict,R0,1,1,0,1,0,0,1716,29,134.62534799873538,True
negotiate,20,0.05,7,44,conflict,R0,1,1,0,1,0,0,1716,29,143.16913999937242,True
negotiate,20,0.05,7,44,conflict,R0,1,1,0,1,0,0,1716,29,104.9148759993841,True
negotiate,20,0.05,7,44,conflict,R0,1,1,0,1,0,0,1716,29,130.20863099882263,True
negotiate,20,0.05,7,44,conflict,R0,1,1,0,1,0,0,1716,29,65.2335779996065,True
negotiate,20,0.05,7,44,conflict,R0,1,1,0,1,0,0,1716,29,61.09642800038273,True
negotiate,20,0.05,7,44,conflict,R0,1,1,0,1,0,0,1716,29,65.60339300085616,True
negotiate,20,0.05,7,44,conflict,R0,1,1,0,1,0,0,1716,29,87.63118800015945,True
negotiate,20,0.05,7,44,conflict,R0,1,1,0,1,0,0,1716,29,57.117340998956934,True
negotiate,20,0.05,7,44,conflict,R0,1,1,0,1,0,0,1716,29,57.12885299908521,True
negotiate,20,0.05,7,44,conflict,R0,1,1,0,1,0,0,1716,29,64.1762800005381,True
negotiate,20,0.05,7,44,conflict,R0,1,1,0,1,0,0,1716,29,95.57177199894795,True
negotiate,20,0.05,7,44,conflict,R0,1,1,0,1,0,0,1716,29,77.32439299979887,True
negotiate,20,0.05,7,44,conflict,R0,1,1,0,1,0,0,1716,29,80.21576099963568,True
negotiate,20,0.05,7,44,conflict,R0,1,1,0,1,0,0,1716,29,88.98369199960143,True
negotiate,20,0.05,7,44,conflict,R0,1,1,0,1,0,0,1716,29,144.56772599987744,True
negotiate,20,0.05,7,44,conflict,R0,1,1,0,1,0,0,1716,29,185.80208500134177,True
negotiate,20,0.05,7,44,conflict,R0,1,1,0,1,0,0,1716,29,141.63088900022558,True
negotiate,20,0.05,7,44,conflict,R0,1,1,0,1,0,0,1716,29,131.53466999938246,True
negotiate,20,0.05,7,45,blockage,R1,1,1,0,1,0,0,1869,24,98.48801699990872,True
negotiate,20,0.05,7,70,blockage,R1,1,1,0,1,1,0,656,10,129.52509800015832,True
negotiate,20,0.05,7,73,blockage,R1,6,9,0,9,15,0,6470,53,321.20869099890115,True
negotiate,20,0.05,7,92,blockage,R1,2,3,0,3,2,0,470,16,39.44528100146272,True
negotiate,20,0.05,8,18,accident,R1,1,1,0,1,0,0,1316,14,125.49259700062976,True
negotiate,20,0.05,8,27,blockage,R1,4,5,0,5,5,0,48787,56,1946.787431001212,True
negotiate,20,0.05,8,34,blockage,R2,8,8,0,8,18,0,58066,64,3174.4368380004744,True
negotiate,20,0.05,8,35,emergency,R2,3,3,0,3,72,0,2003,26,275.2694579994568,True
negotiate,20,0.05,8,41,accident,R1,4,4,0,4,5,0,4569,31,478.1000250004581,True
negotiate,20,0.05,8,42,emergency,R2,3,4,0,4,138,0,37071,35,1815.862378998645,True
negotiate,20,0.05,8,77,blockage,R1,6,6,0,6,8,0,51548,29,2466.2055209992104,True
negotiate,20,0.05,9,16,conflict,R1,3,3,0,3,1,0,4723,33,227.8455159994337,True
negotiate,20,0.05,9,22,emergency,R2,1,2,0,2,70,0,965,23,201.39275200017437,True
negotiate,20,0.05,9,28,emergency,R2,2,4,0,4,85,0,3255,31,189.26875599936466,True
negotiate,20,0.05,9,31,accident,R2,7,8,0,8,19,0,3855,64,541.4743990004354,True
negotiate,20,0.05,9,40,blockage,R2,10,10,0,10,46,0,19437,81,834.1652920007618,True
negotiate,20,0.05,9,47,blockage,R1,2,2,0,2,2,0,20901,23,1088.4085339985177,True
negotiate,20,0.05,9,51,conflict,R1,1,1,0,1,0,0,2483,14,121.90530099906027,True
negotiate,20,0.05,9,51,conflict,R0,1,1,0,1,0,0,2483,14,175.9457400003157,True
negotiate,20,0.05,9,51,conflict,R0,1,1,0,1,0,0,2483,14,226.78930900110572,True
negotiate,20,0.05,9,51,conflict,R0,1,1,0,1,0,0,2483,14,227.08156500084442,True
negotiate,20,0.05,9,51,conflict,R0,1,1,0,1,0,0,2483,14,521.7745429999923,True
negotiate,20,0.05,9,51,conflict,R0,1,1,0,1,0,0,2483,14,261.7223719989852,True
negotiate,20,0.05,9,51,conflict,R0,1,1,0,1,0,0,2483,14,198.6859810003807,True
negotiate,20,0.05,9,51,conflict,R0,1,1,0,1,0,0,2483,14,370.65671699929226,True
negotiate,20,0.05,9,51,conflict,R0,1,1,0,1,0,0,2483,14,339.67952100101684,True
negotiate,20,0.05,9,51,conflict,R0,1,1,0,1,0,0,2483,14,215.7269669987727,True
negotiate,20,0.05,9,51,conflict,R0,1,1,0,1,0,0,2483,14,105.3133040004468,True
negotiate,20,0.05,9,51,conflict,R0,1,1,0,1,0,0,2483,14,93.82279199962795,True
negotiate,20,0.05,9,51,conflict,R0,1,1,0,1,0,0,2483,14,95.9273780008516,True
negotiate,20,0.05,9,51,conflict,R0,1,1,0,1,0,0,2483,14,83.08601799944881,True
negotiate,20,0.05,9,51,conflict,R0,1,1,0,1,0,0,2483,14,76.7446400004701,True
negotiate,20,0.05,9,51,conflict,R0,1,1,0,1,0,0,2483,14,146.12490700164926,True
negotiate,20,0.05,9,51,conflict,R0,1,1,0,1,0,0,2483,14,121.51610899854859,True
negotiate,20,0.05,9,51,conflict,R0,1,1,0,1,0,0,2483,14,106.71792200082564,True
negotiate,20,0.05,9,51,conflict,R0,1,1,0,1,0,0,2483,14,114.71764100133441,True
negotiate,20,0.05,9,51,conflict,R0,1,1,0,1,0,0,2483,14,101.93056500065723,True
negotiate,20,0.05,9,51,conflict,R0,1,1,0,1,0,0,2483,14,96.60539799915568,True
negotiate,20,0.05,9,51,conflict,R0,1,1,0,1,0,0,2483,14,106.44495399901643,True
negotiate,20,0.05,9,51,conflict,R0,1,1,0,1,0,0,2483,14,220.64032900016173,True
negotiate,20,0.05,9,51,conflict,R0,1,1,0,1,0,0,2483,14,167.05689800073742,True
negotiate,20,0.05,9,51,conflict,R0,1,1,0,1,0,0,2483,14,165.7535790000111,True
negotiate,20,0.05,9,51,conflict,R0,1,1,0,1,0,0,2483,14,106.79828600041219,True
negotiate,20,0.05,9,51,conflict,R0,1,1,0,1,0,0,2483,14,109.49047999929462,True
negotiate,20,0.05,9,51,conflict,R0,1,1,0,1,0,0,2483,14,116.70351100110565,True
negotiate,20,0.05,9,51,conflict,R0,1,1,0,1,0,0,2483,14,123.91276600101264,True
negotiate,20,0.05,9,51,conflict,R0,1,1,0,1,0,0,2483,14,111.2941929986846,True
negotiate,20,0.05,9,51,conflict,R0,1,1,0,1,0,0,2483,14,119.68715799957863,True
negotiate,20,0.05,9,51,conflict,R0,1,1,0,1,0,0,2483,14,148.99464900008752,True
negotiate,20,0.05,9,51,conflict,R0,1,1,0,1,0,0,2483,14,108.48843399980979,True
negotiate,20,0.05,9,51,conflict,R0,1,1,0,1,0,0,2483,14,99.925489999805,True
negotiate,20,0.05,9,51,conflict,R0,1,1,0,1,0,0,2483,14,108.69411999919976,True
negotiate,20,0.05,9,51,conflict,R0,1,1,0,1,0,0,2483,14,116.11630500010506,True
negotiate,20,0.05,9,51,conflict,R0,1,1,0,1,0,0,2483,14,111.12461499942583,True
negotiate,20,0.05,9,51,conflict,R0,1,1,0,1,0,0,2483,14,136.2888080002449,True
negotiate,20,0.05,9,51,conflict,R0,1,1,0,1,0,0,2483,14,175.4972489998181,True
negotiate,20,0.05,9,51,conflict,R0,1,1,0,1,0,0,2483,14,115.52381099863851,True
negotiate,20,0.05,9,51,conflict,R0,1,1,0,1,0,0,2483,14,84.69107099881512,True
negotiate,20,0.05,9,51,conflict,R0,1,1,0,1,0,0,2483,14,81.57382099852839,True
negotiate,20,0.05,9,51,conflict,R0,1,1,0,1,0,0,2483,14,82.11508699969272,True
negotiate,20,0.05,9,51,conflict,R0,1,1,0,1,0,0,2483,14,78.34540099975129,True
negotiate,20,0.05,9,51,conflict,R0,1,1,0,1,0,0,2483,14,78.40360299996973,True
negotiate,20,0.05,9,51,conflict,R0,1,1,0,1,0,0,2483,14,70.81296000069415,True
negotiate,20,0.05,9,51,conflict,R0,1,1,0,1,0,0,2483,14,132.2401749985147,True
negotiate,20,0.05,9,51,conflict,R0,1,1,0,1,0,0,2483,14,130.67396599944914,True
negotiate,20,0.05,9,51,conflict,R0,1,1,0,1,0,0,2483,14,123.05009600095218,True
negotiate,20,0.05,9,51,conflict,R0,1,1,0,1,0,0,2483,14,117.54870699951425,True
negotiate,20,0.05,9,51,conflict,R0,1,1,0,1,0,0,2483,14,122.41650100077095,True
negotiate,20,0.05,9,51,conflict,R0,1,1,0,1,0,0,2483,14,115.90918600086297,True
negotiate,20,0.05,9,51,conflict,R0,1,1,0,1,0,0,2483,14,104.84867100058182,True
negotiate,20,0.05,9,51,conflict,R0,1,1,0,1,0,0,2483,14,90.4762740010483,True
negotiate,20,0.05,9,51,conflict,R0,1,1,0,1,0,0,2483,14,133.81896099963342,True
negotiate,20,0.05,9,51,conflict,R0,1,1,0,1,0,0,2483,14,83.14978099951986,True
negotiate,20,0.05,9,51,conflict,R0,1,1,0,1,0,0,2483,14,89.14551400084747,True
negotiate,20,0.05,9,51,conflict,R0,1,1,0,1,0,0,2483,14,78.36132800002815,True
negotiate,20,0.05,9,51,conflict,R0,1,1,0,1,0,0,2483,14,80.65323300070304,True
negotiate,20,0.05,9,51,conflict,R0,1,1,0,1,0,0,2483,14,76.84454400077811,True
negotiate,20,0.05,9,51,conflict,R0,1,1,0,1,0,0,2483,14,85.21328899951186,True
negotiate,20,0.05,9,51,conflict,R0,1,1,0,1,0,0,2483,14,68.53475099887874,True
negotiate,20,0.05,9,51,conflict,R0,1,1,0,1,0,0,2483,14,105.76246399978118,True
negotiate,20,0.05,9,51,conflict,R0,1,1,0,1,0,0,2483,14,83.57670400073403,True
negotiate,20,0.05,9,51,conflict,R0,1,1,0,1,0,0,2483,14,85.31075099926966,True
negotiate,20,0.05,9,51,conflict,R0,1,1,0,1,0,0,2483,14,86.81834900016838,True
negotiate,20,0.05,9,51,conflict,R0,1,1,0,1,0,0,2483,14,85.80054100093548,True
negotiate,20,0.05,9,51,conflict,R0,1,1,0,1,0,0,2483,14,87.07695200064336,True
negotiate,20,0.05,9,51,conflict,R0,1,1,0,1,0,0,2483,14,85.51863799948478,True
negotiate,20,0.05,9,51,conflict,R0,1,1,0,1,0,0,2483,14,86.60108699950797,True
negotiate,20,0.05,9,51,conflict,R0,1,1,0,1,0,0,2483,14,114.87984999985201,True
negotiate,20,0.05,9,51,conflict,R0,1,1,0,1,0,0,2483,14,90.26586999971187,True
negotiate,20,0.05,9,51,conflict,R0,1,1,0,1,0,0,2483,14,87.81805299986445,True
negotiate,20,0.05,9,51,conflict,R0,1,1,0,1,0,0,2483,14,93.09970399954182,True
negotiate,20,0.05,9,51,conflict,R0,1,1,0,1,0,0,2483,14,138.95434999903955,True
negotiate,20,0.05,9,51,conflict,R0,1,1,0,1,0,0,2483,14,128.3943119997275,True
negotiate,20,0.05,9,51,conflict,R0,1,1,0,1,0,0,2483,14,110.25821199837083,True
negotiate,20,0.05,9,51,conflict,R0,1,1,0,1,0,0,2483,14,127.18606400085264,True
negotiate,20,0.05,9,51,conflict,R0,1,1,0,1,0,0,2483,14,117.82722500174714,True
negotiate,20,0.05,9,51,conflict,R0,1,1,0,1,0,0,2483,14,482.31206300079066,True
negotiate,20,0.05,9,51,conflict,R0,1,1,0,1,0,0,2483,14,88.11678799975198,True
negotiate,20,0.05,9,51,conflict,R0,1,1,0,1,0,0,2483,14,96.61938499993994,True
negotiate,20,0.05,9,51,conflict,R0,1,1,0,1,0,0,2483,14,93.8563689996954,True
negotiate,20,0.05,9,51,conflict,R0,1,1,0,1,0,0,2483,14,84.88912099892332,True
negotiate,20,0.05,9,51,conflict,R0,1,1,0,1,0,0,2483,14,86.90355200087652,True
negotiate,20,0.05,9,51,conflict,R0,1,1,0,1,0,0,2483,14,121.72486500094237,True
negotiate,20,0.05,9,51,conflict,R0,1,1,0,1,0,0,2483,14,88.41256500090822,True
negotiate,20,0.05,9,51,conflict,R0,1,1,0,1,0,0,2483,14,85.23829499972635,True
negotiate,20,0.05,9,51,conflict,R0,1,1,0,1,0,0,2483,14,177.05339700114564,True
negotiate,20,0.05,9,51,conflict,R0,1,1,0,1,0,0,2483,14,216.6351650012075,True
negotiate,20,0.05,9,51,conflict,R0,1,1,0,1,0,0,2483,14,155.6846929997846,True
negotiate,20,0.05,9,51,conflict,R0,1,1,0,1,0,0,2483,14,88.81493599983514,True
negotiate,20,0.05,9,51,conflict,R0,1,1,0,1,0,0,2483,14,93.23304499957885,True
negotiate,20,0.05,9,51,conflict,R0,1,1,0,1,0,0,2483,14,152.82874499825994,True
negotiate,20,0.05,9,51,conflict,R0,1,1,0,1,0,0,2483,14,128.78116100000625,True
negotiate,20,0.05,9,51,conflict,R0,1,1,0,1,0,0,2483,14,137.14144400000805,True
negotiate,20,0.05,9,51,conflict,R0,1,1,0,1,0,0,2483,14,116.00739599998633,True
negotiate,20,0.05,9,51,conflict,R0,1,1,0,1,0,0,2483,14,127.05304299925047,True
negotiate,20,0.05,9,51,conflict,R0,1,1,0,1,0,0,2483,14,128.25741399865365,True
negotiate,20,0.05,9,51,conflict,R0,1,1,0,1,0,0,2483,14,126.19918900054472,True
negotiate,20,0.05,9,51,conflict,R0,1,1,0,1,0,0,2483,14,120.35672100137162,True
negotiate,20,0.05,9,51,conflict,R0,1,1,0,1,0,0,2483,14,185.15008600115834,True
negotiate,20,0.05,9,51,conflict,R0,1,1,0,1,0,0,2483,14,127.42532799893524,True
negotiate,20,0.05,9,51,conflict,R0,1,1,0,1,0,0,2483,14,218.60416399977112,True
negotiate,20,0.05,9,51,conflict,R0,1,1,0,1,0,0,2483,14,129.6869970010448,True
negotiate,20,0.05,9,51,conflict,R0,1,1,0,1,0,0,2483,14,126.92742799845291,True
negotiate,20,0.05,9,51,conflict,R0,1,1,0,1,0,0,2483,14,104.48393299884629,True
negotiate,20,0.05,9,51,conflict,R0,1,1,0,1,0,0,2483,14,101.93519899985404,True
negotiate,20,0.05,9,51,conflict,R0,1,1,0,1,0,0,2483,14,161.55164699921443,True
negotiate,20,0.05,9,51,conflict,R0,1,1,0,1,0,0,2483,14,131.62447499962582,True
negotiate,20,0.05,9,51,conflict,R0,1,1,0,1,0,0,2483,14,140.2130020014738,True
negotiate,20,0.05,9,51,conflict,R0,1,1,0,1,0,0,2483,14,193.60744500045257,True
negotiate,20,0.05,9,51,conflict,R0,1,1,0,1,0,0,2483,14,186.64039199938998,True
negotiate,20,0.05,9,51,conflict,R0,1,1,0,1,0,0,2483,14,106.45331900013844,True
negotiate,20,0.05,9,51,conflict,R0,1,1,0,1,0,0,2483,14,96.18930400029058,True
negotiate,20,0.05,9,51,conflict,R0,1,1,0,1,0,0,2483,14,103.2446280005388,True
negotiate,20,0.05,9,51,conflict,R0,1,1,0,1,0,0,2483,14,138.49206099985167,True
negotiate,20,0.05,9,51,conflict,R0,1,1,0,1,0,0,2483,14,116.09869099993375,True
negotiate,20,0.05,9,51,conflict,R0,1,1,0,1,0,0,2483,14,106.13258900048095,True
negotiate,20,0.05,9,51,conflict,R0,1,1,0,1,0,0,2483,14,92.57535899996583,True
negotiate,20,0.05,9,51,conflict,R0,1,1,0,1,0,0,2483,14,95.79072499946051,True
negotiate,20,0.05,9,51,conflict,R0,1,1,0,1,0,0,2483,14,138.68112299860513,True
negotiate,20,0.05,9,51,conflict,R0,1,1,0,1,0,0,2483,14,143.9255889999913,True
negotiate,20,0.05,9,51,conflict,R0,1,1,0,1,0,0,2483,14,134.56489100099134,True
negotiate,20,0.05,9,51,conflict,R0,1,1,0,1,0,0,2483,14,234.1983070000424,True
negotiate,20,0.05,9,51,conflict,R0,1,1,0,1,0,0,2483,14,94.38637800121796,True
negotiate,20,0.05,9,51,conflict,R0,1,1,0,1,0,0,2483,14,89.07166800054256,True
negotiate,20,0.05,9,51,conflict,R0,1,1,0,1,0,0,2483,14,108.1036089999543,True
negotiate,20,0.05,9,51,conflict,R0,1,1,0,1,0,0,2483,14,97.96898000058718,True
negotiate,20,0.05,9,51,conflict,R0,1,1,0,1,0,0,2483,14,87.26894600113155,True
negotiate,20,0.05,9,51,conflict,R0,1,1,0,1,0,0,2483,14,100.32994200082612,True
negotiate,20,0.05,9,51,conflict,R0,1,1,0,1,0,0,2483,14,103.81436799980293,True
negotiate,20,0.05,9,51,conflict,R0,1,1,0,1,0,0,2483,14,136.61844900161668,True
negotiate,20,0.05,9,51,conflict,R0,1,1,0,1,0,0,2483,14,135.89785800104437,True
negotiate,20,0.05,9,51,conflict,R0,1,1,0,1,0,0,2483,14,120.78163399928599,True
negotiate,20,0.05,9,51,conflict,R0,1,1,0,1,0,0,2483,14,103.9905000016006,True
negotiate,20,0.05,9,51,conflict,R0,1,1,0,1,0,0,2483,14,111.71518999981345,True
negotiate,20,0.05,9,51,conflict,R0,1,1,0,1,0,0,2483,14,104.65133000070637,True
negotiate,20,0.05,9,51,conflict,R0,1,1,0,1,0,0,2483,14,92.4475869996968,True
negotiate,20,0.05,9,51,conflict,R0,1,1,0,1,0,0,2483,14,102.54854900085775,True
negotiate,20,0.05,9,51,conflict,R0,1,1,0,1,0,0,2483,14,124.36922100096126,True
negotiate,20,0.05,9,51,conflict,R0,1,1,0,1,0,0,2483,14,92.02659699985816,True
negotiate,20,0.05,9,51,conflict,R0,1,1,0,1,0,0,2483,14,95.48179600096773,True
negotiate,20,0.05,9,51,conflict,R0,1,1,0,1,0,0,2483,14,103.44564600018202,True
negotiate,20,0.05,9,51,conflict,R0,1,1,0,1,0,0,2483,14,225.57692200098245,True
negotiate,20,0.05,9,51,conflict,R0,1,1,0,1,0,0,2483,14,88.70630599994911,True
negotiate,20,0.05,9,51,conflict,R0,1,1,0,1,0,0,2483,14,86.17474200036668,True
negotiate,20,0.05,9,51,conflict,R0,1,1,0,1,0,0,2483,14,125.22403299954021,True
negotiate,20,0.05,9,51,conflict,R0,1,1,0,1,0,0,2483,14,103.7408409993077,True
negotiate,20,0.05,9,51,conflict,R0,1,1,0,1,0,0,2483,14,129.20076700174832,True
negotiate,20,0.05,9,51,conflict,R0,1,1,0,1,0,0,2483,14,96.94703900095192,True
negotiate,20,0.05,9,51,conflict,R0,1,1,0,1,0,0,2483,14,110.74656500022684,True
negotiate,20,0.05,9,51,conflict,R0,1,1,0,1,0,0,2483,14,124.80381000023044,True
negotiate,20,0.05,9,51,conflict,R0,1,1,0,1,0,0,2483,14,128.0551670006389,True
negotiate,20,0.05,9,51,conflict,R0,1,1,0,1,0,0,2483,14,132.33806799871672,True
negotiate,20,0.05,9,51,conflict,R0,1,1,0,1,0,0,2483,14,317.65407899911224,True
negotiate,20,0.05,9,51,conflict,R0,1,1,0,1,0,0,2483,14,268.932749000669,True
negotiate,20,0.05,9,51,conflict,R0,1,1,0,1,0,0,2483,14,268.9641880006093,True
negotiate,20,0.05,9,51,conflict,R0,1,1,0,1,0,0,2483,14,124.5496749997983,True
negotiate,20,0.05,9,51,conflict,R0,1,1,0,1,0,0,2483,14,137.9285559996788,True
negotiate,20,0.05,9,51,conflict,R0,1,1,0,1,0,0,2483,14,117.78856399905635,True
negotiate,20,0.05,9,51,conflict,R0,1,1,0,1,0,0,2483,14,115.78918499981228,True
negotiate,20,0.05,9,51,conflict,R0,1,1,0,1,0,0,2483,14,305.7810560003418,True
negotiate,20,0.05,9,51,conflict,R0,1,1,0,1,0,0,2483,14,108.37251600059972,True
negotiate,20,0.05,9,51,conflict,R0,1,1,0,1,0,0,2483,14,106.6950620006537,True
negotiate,20,0.05,9,51,conflict,R0,1,1,0,1,0,0,2483,14,95.3123110011802,True
negotiate,20,0.05,9,51,conflict,R0,1,1,0,1,0,0,2483,14,102.81626600044547,True
negotiate,20,0.05,9,51,conflict,R0,1,1,0,1,0,0,2483,14,103.76197599907755,True
negotiate,20,0.05,9,51,conflict,R0,1,1,0,1,0,0,2483,14,140.58576200113748,True
negotiate,20,0.05,9,51,conflict,R0,1,1,0,1,0,0,2483,14,107.57005300001765,True
negotiate,20,0.05,9,51,conflict,R0,1,1,0,1,0,0,2483,14,98.71477900014725,True
negotiate,20,0.05,9,51,conflict,R0,1,1,0,1,0,0,2483,14,86.03251299973635,True
negotiate,20,0.05,9,51,conflict,R0,1,1,0,1,0,0,2483,14,99.89147600026627,True
negotiate,20,0.05,9,51,conflict,R0,1,1,0,1,0,0,2483,14,325.24401399859926,True
negotiate,20,0.05,9,51,conflict,R0,1,1,0,1,0,0,2483,14,304.74047800089465,True
negotiate,20,0.05,9,51,conflict,R0,1,1,0,1,0,0,2483,14,171.57287000009092,True
negotiate,20,0.05,9,51,conflict,R0,1,1,0,1,0,0,2483,14,157.14756000124908,True
negotiate,20,0.05,9,51,conflict,R0,1,1,0,1,0,0,2483,14,99.2668409999169,True
negotiate,20,0.05,9,51,conflict,R0,1,1,0,1,0,0,2483,14,106.32796900063113,True
negotiate,20,0.05,9,51,conflict,R0,1,1,0,1,0,0,2483,14,92.77586300049734,True
negotiate,20,0.05,9,51,conflict,R0,1,1,0,1,0,0,2483,14,88.45232000021497,True
negotiate,20,0.05,9,51,conflict,R0,1,1,0,1,0,0,2483,14,100.32656800103723,True
negotiate,20,0.05,9,51,conflict,R0,1,1,0,1,0,0,2483,14,130.70768499892438,True
negotiate,20,0.05,9,51,conflict,R0,1,1,0,1,0,0,2483,14,116.41099000007671,True
negotiate,20,0.05,9,51,conflict,R0,1,1,0,1,0,0,2483,14,162.89751899967087,True
negotiate,20,0.05,9,51,conflict,R0,1,1,0,1,0,0,2483,14,87.74967299905256,True
negotiate,20,0.05,9,51,conflict,R0,1,1,0,1,0,0,2483,14,86.14509799917869,True
negotiate,20,0.05,9,51,conflict,R0,1,1,0,1,0,0,2483,14,105.22825800035207,True
negotiate,20,0.05,9,51,conflict,R0,1,1,0,1,0,0,2483,14,176.7379989996698,True
negotiate,20,0.05,9,51,conflict,R0,1,1,0,1,0,0,2483,14,110.87307299931126,True
negotiate,20,0.05,9,51,conflict,R0,1,1,0,1,0,0,2483,14,132.40089000100852,True
negotiate,20,0.05,9,51,conflict,R0,1,1,0,1,0,0,2483,14,129.79731400082528,True
negotiate,20,0.05,9,51,conflict,R0,1,1,0,1,0,0,2483,14,137.50941199941735,True
negotiate,20,0.05,9,51,conflict,R0,1,1,0,1,0,0,2483,14,149.2354609999893,True
negotiate,20,0.05,9,51,conflict,R0,1,1,0,1,0,0,2483,14,135.88501900085248,True
negotiate,20,0.05,9,51,conflict,R0,1,1,0,1,0,0,2483,14,170.75928099984594,True
negotiate,20,0.05,9,51,conflict,R0,1,1,0,1,0,0,2483,14,130.8081850002054,True
negotiate,20,0.05,9,51,conflict,R0,1,1,0,1,0,0,2483,14,111.41542000041227,True
negotiate,20,0.05,9,51,conflict,R0,1,1,0,1,0,0,2483,14,197.24245600082213,True
negotiate,20,0.05,9,51,conflict,R0,1,1,0,1,0,0,2483,14,291.0526129999198,True
negotiate,20,0.05,9,51,conflict,R0,1,1,0,1,0,0,2483,14,353.0087100007222,True
negotiate,20,0.05,9,51,conflict,R0,1,1,0,1,0,0,2483,14,317.6073409995297,True
negotiate,20,0.05,9,51,conflict,R0,1,1,0,1,0,0,2483,14,459.5426910000242,True
negotiate,20,0.05,9,51,conflict,R0,1,1,0,1,0,0,2483,14,166.5679519992409,True
negotiate,20,0.05,9,51,conflict,R0,1,1,0,1,0,0,2483,14,83.90864099965256,True
negotiate,20,0.05,9,51,conflict,R0,1,1,0,1,0,0,2483,14,150.03785900080402,True
negotiate,20,0.05,9,51,conflict,R0,1,1,0,1,0,0,2483,14,76.73879299909458,True
negotiate,20,0.05,9,51,conflict,R0,1,1,0,1,0,0,2483,14,82.63918900047429,True
negotiate,20,0.05,9,51,conflict,R0,1,1,0,1,0,0,2483,14,80.46706599998288,True
negotiate,20,0.05,9,51,conflict,R0,1,1,0,1,0,0,2483,14,79.99728499999037,True
negotiate,20,0.05,9,51,conflict,R0,1,1,0,1,0,0,2483,14,66.58042599883629,True
negotiate,20,0.05,9,51,conflict,R0,1,1,0,1,0,0,2483,14,114.42308399819012,True
negotiate,20,0.05,9,51,conflict,R0,1,1,0,1,0,0,2483,14,99.69385200020042,True
negotiate,20,0.05,9,51,conflict,R0,1,1,0,1,0,0,2483,14,105.50462799983507,True
negotiate,20,0.05,9,51,conflict,R0,1,1,0,1,0,0,2483,14,106.48277899963432,True
negotiate,20,0.05,9,51,conflict,R0,1,1,0,1,0,0,2483,14,87.03937300015241,True
negotiate,20,0.05,9,51,conflict,R0,1,1,0,1,0,0,2483,14,87.81681100117567,True
negotiate,20,0.05,9,51,conflict,R0,1,1,0,1,0,0,2483,14,87.94730000045092,True
negotiate,20,0.05,9,51,conflict,R0,1,1,0,1,0,0,2483,14,122.09755799995037,True
negotiate,20,0.05,9,51,conflict,R0,1,1,0,1,0,0,2483,14,79.15782300005958,True
negotiate,20,0.05,9,51,conflict,R0,1,1,0,1,0,0,2483,14,72.46008299989626,True
negotiate,20,0.05,9,51,conflict,R0,1,1,0,1,0,0,2483,14,91.74541100037459,True
negotiate,20,0.05,9,51,conflict,R0,1,1,0,1,0,0,2483,14,86.65419799945084,True
negotiate,20,0.05,9,51,conflict,R0,1,1,0,1,0,0,2483,14,86.51190199998382,True
negotiate,20,0.05,9,51,conflict,R0,1,1,0,1,0,0,2483,14,86.48712699869066,True
negotiate,20,0.05,9,51,conflict,R0,1,1,0,1,0,0,2483,14,106.15552499984915,True
negotiate,20,0.05,9,51,conflict,R0,1,1,0,1,0,0,2483,14,91.39144700020552,True
negotiate,20,0.05,9,51,conflict,R0,1,1,0,1,0,0,2483,14,86.94891199957056,True
negotiate,20,0.05,9,51,conflict,R0,1,1,0,1,0,0,2483,14,103.84858699944743,True
negotiate,20,0.05,9,51,conflict,R0,1,1,0,1,0,0,2483,14,280.1872430009098,True
negotiate,20,0.05,9,51,conflict,R0,1,1,0,1,0,0,2483,14,192.13588599996,True
negotiate,20,0.05,9,51,conflict,R0,1,1,0,1,0,0,2483,14,109.22569599824783,True
negotiate,20,0.05,9,51,conflict,R0,1,1,0,1,0,0,2483,14,111.2995219991717,True
negotiate,20,0.05,9,51,conflict,R0,1,1,0,1,0,0,2483,14,119.67105800067657,True
negotiate,20,0.05,9,51,conflict,R0,1,1,0,1,0,0,2483,14,284.5886289996997,True
negotiate,20,0.05,9,51,conflict,R0,1,1,0,1,0,0,2483,14,252.88208900019526,True
negotiate,20,0.05,9,51,conflict,R0,1,1,0,1,0,0,2483,14,241.59332199997152,True
negotiate,20,0.05,9,51,conflict,R0,1,1,0,1,0,0,2483,14,172.6699760001793,True
negotiate,20,0.05,9,51,conflict,R0,1,1,0,1,0,0,2483,14,211.7502119999699,True
negotiate,20,0.05,9,51,conflict,R0,1,1,0,1,0,0,2483,14,102.08289500042156,True
negotiate,20,0.05,9,51,conflict,R0,1,1,0,1,0,0,2483,14,157.63983900069434,True
negotiate,20,0.05,9,51,conflict,R0,1,1,0,1,0,0,2483,14,99.62338300101692,True
negotiate,20,0.05,9,51,conflict,R0,1,1,0,1,0,0,2483,14,87.63963999990665,True
negotiate,20,0.05,9,51,conflict,R0,1,1,0,1,0,0,2483,14,111.41608300022199,True
negotiate,20,0.05,9,51,conflict,R0,1,1,0,1,0,0,2483,14,78.66946700050903,True
negotiate,20,0.05,9,51,conflict,R0,1,1,0,1,0,0,2483,14,83.78501599872834,True
negotiate,20,0.05,9,51,conflict,R0,1,1,0,1,0,0,2483,14,117.39002099966456,True
negotiate,20,0.05,9,51,conflict,R0,1,1,0,1,0,0,2483,14,96.93312700073875,True
negotiate,20,0.05,9,51,conflict,R0,1,1,0,1,0,0,2483,14,87.58316899911733,True
negotiate,20,0.05,9,51,conflict,R0,1,1,0,1,0,0,2483,14,87.55817800010846,True
negotiate,20,0.05,9,51,conflict,R0,1,1,0,1,0,0,2483,14,84.09884300090198,True
negotiate,20,0.05,9,51,conflict,R0,1,1,0,1,0,0,2483,14,84.28166699923167,True
negotiate,20,0.05,9,51,conflict,R0,1,1,0,1,0,0,2483,14,87.37410100002307,True
negotiate,20,0.05,9,51,conflict,R0,1,1,0,1,0,0,2483,14,182.1331739993184,True
negotiate,20,0.05,9,51,conflict,R0,1,1,0,1,0,0,2483,14,132.568672999696,True
negotiate,20,0.05,9,51,conflict,R0,1,1,0,1,0,0,2483,14,134.64308599941432,True
negotiate,20,0.05,9,51,conflict,R0,1,1,0,1,0,0,2483,14,85.17429899984563,True
negotiate,20,0.05,9,51,conflict,R0,1,1,0,1,0,0,2483,14,84.35981900038314,True
negotiate,20,0.05,9,51,conflict,R0,1,1,0,1,0,0,2483,14,85.21209399987129,True
negotiate,20,0.05,9,51,conflict,R0,1,1,0,1,0,0,2483,14,84.34446600040246,True
negotiate,20,0.05,9,51,conflict,R0,1,1,0,1,0,0,2483,14,84.24923299935472,True
negotiate,20,0.05,9,51,conflict,R0,1,1,0,1,0,0,2483,14,87.82585299923085,True
negotiate,20,0.05,9,51,conflict,R0,1,1,0,1,0,0,2483,14,86.00771000055829,True
negotiate,20,0.05,9,51,conflict,R0,1,1,0,1,0,0,2483,14,87.77874899897142,True
negotiate,20,0.05,9,51,conflict,R0,1,1,0,1,0,0,2483,14,115.25056800019229,True
negotiate,20,0.05,9,51,conflict,R0,1,1,0,1,0,0,2483,14,129.8424270007672,True
negotiate,20,0.05,9,51,conflict,R0,1,1,0,1,0,0,2483,14,210.59315400088963,True
negotiate,20,0.05,9,51,conflict,R0,1,1,0,1,0,0,2483,14,90.48318700115487,True
negotiate,20,0.05,9,51,conflict,R0,1,1,0,1,0,0,2483,14,103.32462900078099,True
negotiate,20,0.05,9,51,conflict,R0,1,1,0,1,0,0,2483,14,95.59962799903587,True
negotiate,20,0.05,9,51,conflict,R0,1,1,0,1,0,0,2483,14,88.64000500034308,True
negotiate,20,0.05,9,51,conflict,R0,1,1,0,1,0,0,2483,14,323.14330200097174,True
negotiate,20,0.05,9,51,conflict,R0,1,1,0,1,0,0,2483,14,109.64543399859394,True
negotiate,20,0.05,9,51,conflict,R0,1,1,0,1,0,0,2483,14,145.4388279998966,True
negotiate,20,0.05,9,51,conflict,R0,1,1,0,1,0,0,2483,14,128.096321999692,True
negotiate,20,0.05,9,51,conflict,R0,1,1,0,1,0,0,2483,14,182.17668299985235,True
negotiate,20,0.05,9,51,conflict,R0,1,1,0,1,0,0,2483,14,122.50312699870847,True
negotiate,20,0.05,9,51,conflict,R0,1,1,0,1,0,0,2483,14,69.23473400092917,True
negotiate,20,0.05,9,51,conflict,R0,1,1,0,1,0,0,2483,14,67.97791700046218,True
negotiate,20,0.05,9,51,conflict,R0,1,1,0,1,0,0,2483,14,161.38365299957513,True
negotiate,20,0.05,9,51,conflict,R0,1,1,0,1,0,0,2483,14,72.87800499943842,True
negotiate,20,0.05,9,51,conflict,R0,1,1,0,1,0,0,2483,14,69.42594599968288,True
negotiate,20,0.05,9,51,conflict,R0,1,1,0,1,0,0,2483,14,105.66660000040429,True
negotiate,20,0.05,9,51,conflict,R0,1,1,0,1,0,0,2483,14,108.30714599978819,True
negotiate,20,0.05,9,51,conflict,R0,1,1,0,1,0,0,2483,14,88.16851699884865,True
negotiate,20,0.05,9,51,conflict,R0,1,1,0,1,0,0,2483,14,78.01413299966953,True
negotiate,20,0.05,9,51,conflict,R0,1,1,0,1,0,0,2483,14,76.20818099894677,True
negotiate,20,0.05,9,51,conflict,R0,1,1,0,1,0,0,2483,14,71.79379999979574,True
negotiate,20,0.05,9,51,conflict,R0,1,1,0,1,0,0,2483,14,70.12786900122592,True
negotiate,20,0.05,9,51,conflict,R0,1,1,0,1,0,0,2483,14,76.37908099968627,True
negotiate,20,0.05,9,51,conflict,R0,1,1,0,1,0,0,2483,14,80.3667910004151,True
negotiate,20,0.05,9,51,conflict,R0,1,1,0,1,0,0,2483,14,104.30158300005132,True
negotiate,20,0.05,9,51,conflict,R0,1,1,0,1,0,0,2483,14,80.0823039990064,True
negotiate,20,0.05,9,51,conflict,R0,1,1,0,1,0,0,2483,14,94.15946599983727,True
negotiate,20,0.05,9,51,conflict,R0,1,1,0,1,0,0,2483,14,94.6264220001467,True
negotiate,20,0.05,9,51,conflict,R0,1,1,0,1,0,0,2483,14,78.73168900005112,True
negotiate,20,0.05,9,51,conflict,R0,1,1,0,1,0,0,2483,14,74.03844599866716,True
negotiate,20,0.05,9,51,conflict,R0,1,1,0,1,0,0,2483,14,72.97743399976753,True
negotiate,20,0.05,9,51,conflict,R0,1,1,0,1,0,0,2483,14,151.7067139993742,True
negotiate,20,0.05,9,51,conflict,R0,1,1,0,1,0,0,2483,14,85.3405890011345,True
negotiate,20,0.05,9,51,conflict,R0,1,1,0,1,0,0,2483,14,224.4084379999549,True
negotiate,20,0.05,9,51,conflict,R0,1,1,0,1,0,0,2483,14,87.86080899881199,True
negotiate,20,0.05,9,51,conflict,R0,1,1,0,1,0,0,2483,14,234.32995899929665,True
negotiate,20,0.05,9,51,conflict,R0,1,1,0,1,0,0,2483,14,248.7121459998889,True
negotiate,20,0.05,9,51,conflict,R0,1,1,0,1,0,0,2483,14,79.77986100013368,True
negotiate,20,0.05,9,51,conflict,R0,1,1,0,1,0,0,2483,14,128.84136699904047,True
negotiate,20,0.05,9,51,conflict,R0,1,1,0,1,0,0,2483,14,97.60060000007797,True
negotiate,20,0.05,9,51,conflict,R0,1,1,0,1,0,0,2483,14,78.03579400024319,True
negotiate,20,0.05,9,51,conflict,R0,1,1,0,1,0,0,2483,14,78.12427400131128,True
negotiate,20,0.05,9,51,conflict,R0,1,1,0,1,0,0,2483,14,112.40130599981057,True
negotiate,20,0.05,9,51,conflict,R0,1,1,0,1,0,0,2483,14,108.56069599867624,True
negotiate,20,0.05,9,51,conflict,R0,1,1,0,1,0,0,2483,14,108.90746099903481,True
negotiate,20,0.05,9,51,conflict,R0,1,1,0,1,0,0,2483,14,108.33944099977089,True
negotiate,20,0.05,9,51,conflict,R0,1,1,0,1,0,0,2483,14,81.49940099974629,True
negotiate,20,0.05,9,51,conflict,R0,1,1,0,1,0,0,2483,14,80.54930999969656,True
negotiate,20,0.05,9,51,conflict,R0,1,1,0,1,0,0,2483,14,114.84034700151824,True
negotiate,20,0.05,9,51,conflict,R0,1,1,0,1,0,0,2483,14,122.88210899896512,True
negotiate,20,0.05,9,51,conflict,R0,1,1,0,1,0,0,2483,14,81.81170600073528,True
negotiate,20,0.05,9,51,conflict,R0,1,1,0,1,0,0,2483,14,130.44121699931566,True
negotiate,20,0.05,9,51,conflict,R0,1,1,0,1,0,0,2483,14,124.4653779995133,True
negotiate,20,0.05,9,51,conflict,R0,1,1,0,1,0,0,2496,14,73.00380699962261,True
negotiate,20,0.05,9,51,conflict,R0,1,1,0,1,0,0,2496,14,75.45699500042247,True
negotiate,20,0.05,9,51,conflict,R0,1,1,0,1,0,0,2496,14,78.2498390017281,True
negotiate,20,0.05,9,51,conflict,R0,1,1,0,1,0,0,2496,14,76.45279999997001,True
negotiate,20,0.05,9,51,conflict,R0,1,1,0,1,0,0,2496,14,89.4258339994849,True
negotiate,20,0.05,9,51,conflict,R0,1,1,0,1,0,0,2496,14,168.49375099991448,True
negotiate,20,0.05,9,51,conflict,R0,1,1,0,1,0,0,2496,14,109.61801399935212,True
negotiate,20,0.05,9,51,conflict,R0,1,1,0,1,0,0,2496,14,78.03253700149071,True
negotiate,20,0.05,9,51,conflict,R0,1,1,0,1,0,0,2496,14,78.98292599929846,True
negotiate,20,0.05,9,51,conflict,R0,1,1,0,1,0,0,2496,14,92.2550310006045,True
negotiate,20,0.05,9,51,conflict,R0,1,1,0,1,0,0,2496,14,110.12985700108402,True
negotiate,20,0.05,9,51,conflict,R0,1,1,0,1,0,0,2496,14,85.02718100135098,True
negotiate,20,0.05,9,51,conflict,R0,1,1,0,1,0,0,2496,14,72.36818700039294,True
negotiate,20,0.05,9,51,conflict,R0,1,1,0,1,0,0,2496,14,69.60326199987321,True
negotiate,20,0.05,9,51,conflict,R0,1,1,0,1,0,0,2496,14,197.4744039998768,True
negotiate,20,0.05,9,51,conflict,R0,1,1,0,1,0,0,2496,14,75.25279800029239,True
negotiate,20,0.05,9,51,conflict,R0,1,1,0,1,0,0,2496,14,76.11855899995135,True
negotiate,20,0.05,9,51,conflict,R0,1,1,0,1,0,0,2496,14,76.18116899902816,True
negotiate,20,0.05,9,51,conflict,R0,1,1,0,1,0,0,2496,14,79.84705099988787,True
negotiate,20,0.05,9,51,conflict,R0,1,1,0,1,0,0,2496,14,88.29364400116901,True
negotiate,20,0.05,9,51,conflict,R0,1,1,0,1,0,0,2496,14,105.88011199979519,True
negotiate,20,0.05,9,51,conflict,R0,1,1,0,1,0,0,2496,14,107.66165899985936,True
negotiate,20,0.05,9,51,conflict,R0,1,1,0,1,0,0,2496,14,93.64925400041102,True
negotiate,20,0.05,9,51,conflict,R0,1,1,0,1,0,0,2496,14,73.86687200050801,True
negotiate,20,0.05,9,51,conflict,R0,1,1,0,1,0,0,2496,14,78.663153000889,True
negotiate,20,0.05,9,51,conflict,R0,1,1,0,1,0,0,2496,14,78.23946400094428,True
negotiate,20,0.05,9,51,conflict,R0,1,1,0,1,0,0,2496,14,79.55281199974706,True
negotiate,20,0.05,9,51,conflict,R0,1,1,0,1,0,0,2496,14,78.83427600063442,True
negotiate,20,0.05,9,51,conflict,R0,1,1,0,1,0,0,2496,14,77.15760899918678,True
negotiate,20,0.05,9,51,conflict,R0,1,1,0,1,0,0,2496,14,107.08660000091186,True
negotiate,20,0.05,9,51,conflict,R0,1,1,0,1,0,0,2496,14,75.97437399999762,True
negotiate,20,0.05,9,51,conflict,R0,1,1,0,1,0,0,2496,14,90.0635460002377,True
negotiate,20,0.05,9,51,conflict,R0,1,1,0,1,0,0,2496,14,162.22949500115647,True
negotiate,20,0.05,9,51,conflict,R0,1,1,0,1,0,0,2496,14,155.1735600005486,True
negotiate,20,0.05,9,51,conflict,R0,1,1,0,1,0,0,2496,14,190.5697099991812,True
negotiate,20,0.05,9,51,conflict,R0,1,1,0,1,0,0,2496,14,161.07533400099783,True
negotiate,20,0.05,9,51,conflict,R0,1,1,0,1,0,0,2496,14,158.14529199997196,True
negotiate,20,0.05,9,51,conflict,R0,1,1,0,1,0,0,2496,14,334.5043680001254,True
negotiate,20,0.05,9,51,conflict,R0,1,1,0,1,0,0,2496,14,121.72815400117543,True
negotiate,20,0.05,9,51,conflict,R0,1,1,0,1,0,0,2496,14,104.5968130001711,True
negotiate,20,0.05,9,51,conflict,R0,1,1,0,1,0,0,2496,14,129.9469509995106,True
negotiate,20,0.05,9,51,conflict,R0,1,1,0,1,0,0,2496,14,118.57121300090512,True
negotiate,20,0.05,9,51,conflict,R0,1,1,0,1,0,0,2496,14,134.67874400157598,True
negotiate,20,0.05,9,51,conflict,R0,1,1,0,1,0,0,2496,14,132.05515499976173,True
negotiate,20,0.05,9,51,conflict,R0,1,1,0,1,0,0,2496,14,131.19343500147806,True
negotiate,20,0.05,9,51,conflict,R0,1,1,0,1,0,0,2496,14,211.05445400098688,True
negotiate,20,0.05,9,51,conflict,R0,1,1,0,1,0,0,2496,14,211.37308300058066,True
negotiate,20,0.05,9,51,conflict,R0,1,1,0,1,0,0,2496,14,122.07917800151336,True
negotiate,20,0.05,9,51,conflict,R0,1,1,0,1,0,0,2496,14,85.45095000044967,True
negotiate,20,0.05,9,51,conflict,R0,1,1,0,1,0,0,2496,14,99.67159799998626,True
negotiate,20,0.05,9,51,conflict,R0,1,1,0,1,0,0,2496,14,174.7369400000025,True
negotiate,20,0.05,9,51,conflict,R0,1,1,0,1,0,0,2496,14,140.22443999965617,True
negotiate,20,0.05,9,51,conflict,R0,1,1,0,1,0,0,2496,14,158.5943819991371,True
negotiate,20,0.05,9,51,conflict,R0,1,1,0,1,0,0,2496,14,184.92059300115216,True
negotiate,20,0.05,9,51,conflict,R0,1,1,0,1,0,0,2496,14,88.36122299908311,True
negotiate,20,0.05,9,51,conflict,R0,1,1,0,1,0,0,2496,14,113.17145800057915,True
negotiate,20,0.05,9,51,conflict,R0,1,1,0,1,0,0,2496,14,93.57862300021225,True
negotiate,20,0.05,9,51,conflict,R0,1,1,0,1,0,0,2496,14,87.73786600067979,True
negotiate,20,0.05,9,51,conflict,R0,1,1,0,1,0,0,2496,14,88.59427999959735,True
negotiate,20,0.05,9,51,conflict,R0,1,1,0,1,0,0,2496,14,87.76490399941395,True
negotiate,20,0.05,9,51,conflict,R0,1,1,0,1,0,0,2496,14,155.80988700094167,True
negotiate,20,0.05,9,51,conflict,R0,1,1,0,1,0,0,2496,14,112.35819699868443,True
negotiate,20,0.05,9,51,conflict,R0,1,1,0,1,0,0,2496,14,133.16188599856105,True
negotiate,20,0.05,9,51,conflict,R0,1,1,0,1,0,0,2496,14,111.85010699955455,True
negotiate,20,0.05,9,51,conflict,R0,1,1,0,1,0,0,2496,14,112.36758000086411,True
negotiate,20,0.05,9,51,conflict,R0,1,1,0,1,0,0,2496,14,127.12943199949223,True
negotiate,20,0.05,9,51,conflict,R0,1,1,0,1,0,0,2496,14,112.72000800090609,True
negotiate,20,0.05,9,51,conflict,R0,1,1,0,1,0,0,2496,14,118.65764600042894,True
negotiate,20,0.05,9,51,conflict,R0,1,1,0,1,0,0,2496,14,161.4403340008721,True
negotiate,20,0.05,9,51,conflict,R0,1,1,0,1,0,0,2496,14,137.75022700065165,True
negotiate,20,0.05,9,51,conflict,R0,1,1,0,1,0,0,2496,14,133.98004800001218,True
negotiate,20,0.05,9,51,conflict,R0,1,1,0,1,0,0,2496,14,112.37727899970196,True
negotiate,20,0.05,9,51,conflict,R0,1,1,0,1,0,0,2496,14,135.936008000499,True
negotiate,20,0.05,9,51,conflict,R0,1,1,0,1,0,0,2496,14,118.26348199974746,True
negotiate,20,0.05,9,51,conflict,R0,1,1,0,1,0,0,2496,14,126.77619699934439,True
negotiate,20,0.05,9,51,conflict,R0,1,1,0,1,0,0,2496,14,123.73826300063229,True
negotiate,20,0.05,9,51,conflict,R0,1,1,0,1,0,0,2496,14,180.81312800131855,True
negotiate,20,0.05,9,51,conflict,R0,1,1,0,1,0,0,2496,14,116.53502500121249,True
negotiate,20,0.05,9,51,conflict,R0,1,1,0,1,0,0,2496,14,127.26402499902179,True
negotiate,20,0.05,9,51,conflict,R0,1,1,0,1,0,0,2496,14,178.8655589989503,True
negotiate,20,0.05,9,51,conflict,R0,1,1,0,1,0,0,2496,14,132.64588799938792,True
negotiate,20,0.05,9,51,conflict,R0,1,1,0,1,0,0,2496,14,104.87009699863847,True
negotiate,20,0.05,9,51,conflict,R0,1,1,0,1,0,0,2496,14,116.48573099955684,True
negotiate,20,0.05,9,51,conflict,R0,1,1,0,1,0,0,2496,14,193.35365000006277,True
negotiate,20,0.05,9,51,conflict,R0,1,1,0,1,0,0,2496,14,339.1880060007679,True
negotiate,20,0.05,9,51,conflict,R0,1,1,0,1,0,0,2496,14,137.95980800023244,True
negotiate,20,0.05,9,51,conflict,R0,1,1,0,1,0,0,2496,14,119.44531799963443,True
negotiate,20,0.05,9,51,conflict,R0,1,1,0,1,0,0,2496,14,124.28277099934348,True
negotiate,20,0.05,9,51,conflict,R0,1,1,0,1,0,0,2496,14,155.79649599931145,True
negotiate,20,0.05,9,51,conflict,R0,1,1,0,1,0,0,2496,14,151.96353500141413,True
negotiate,20,0.05,9,51,conflict,R0,1,1,0,1,0,0,2496,14,110.01849100102845,True
negotiate,20,0.05,9,51,conflict,R0,1,1,0,1,0,0,2496,14,129.5479800010071,True
negotiate,20,0.05,9,51,conflict,R0,1,1,0,1,0,0,2496,14,149.9864189991058,True
negotiate,20,0.05,9,51,conflict,R0,1,1,0,1,0,0,2496,14,124.49468900013017,True
negotiate,20,0.05,9,51,conflict,R0,1,1,0,1,0,0,2496,14,97.45951100012462,True
negotiate,20,0.05,9,51,conflict,R0,1,1,0,1,0,0,2496,14,251.2575939999806,True
negotiate,20,0.05,9,51,conflict,R0,1,1,0,1,0,0,2496,14,104.09379300108412,True
negotiate,20,0.05,9,51,conflict,R0,1,1,0,1,0,0,2496,14,104.14250200119568,True
negotiate,20,0.05,9,51,conflict,R0,1,1,0,1,0,0,2496,14,110.56720899978245,True
negotiate,20,0.05,9,51,conflict,R0,1,1,0,1,0,0,2496,14,113.67242800042732,True
negotiate,20,0.05,9,51,conflict,R0,1,1,0,1,0,0,2496,14,304.0645380006026,True
negotiate,20,0.05,9,51,conflict,R0,1,1,0,1,0,0,2496,14,128.7613179993059,True
negotiate,20,0.05,9,51,conflict,R0,1,1,0,1,0,0,2496,14,202.4769710005785,True
negotiate,20,0.05,9,51,conflict,R0,1,1,0,1,0,0,2496,14,111.44625399901997,True
negotiate,20,0.05,9,51,conflict,R0,1,1,0,1,0,0,2496,14,97.24348900090263,True
negotiate,20,0.05,9,51,conflict,R0,1,1,0,1,0,0,2496,14,120.47908700151311,True
negotiate,20,0.05,9,51,conflict,R0,1,1,0,1,0,0,2496,14,117.50132400084112,True
negotiate,20,0.05,9,51,conflict,R0,1,1,0,1,0,0,2496,14,194.80466700042598,True
negotiate,20,0.05,9,51,conflict,R0,1,1,0,1,0,0,2496,14,98.68334000020695,True
negotiate,20,0.05,9,51,conflict,R0,1,1,0,1,0,0,2496,14,95.9251200001745,True
negotiate,20,0.05,9,51,conflict,R0,1,1,0,1,0,0,2496,14,88.2425730014802,True
negotiate,20,0.05,9,51,conflict,R0,1,1,0,1,0,0,2496,14,116.776798000501,True
negotiate,20,0.05,9,51,conflict,R0,1,1,0,1,0,0,2496,14,114.98038500030816,True
negotiate,20,0.05,9,51,conflict,R0,1,1,0,1,0,0,2496,14,121.6804809992027,True
negotiate,20,0.05,9,51,conflict,R0,1,1,0,1,0,0,2496,14,110.67865499899199,True
negotiate,20,0.05,9,51,conflict,R0,1,1,0,1,0,0,2496,14,146.48300199951336,True
negotiate,20,0.05,9,51,conflict,R0,1,1,0,1,0,0,2496,14,104.23556200112216,True
negotiate,20,0.05,9,51,conflict,R0,1,1,0,1,0,0,2496,14,102.5453899983404,True
negotiate,20,0.05,9,51,conflict,R0,1,1,0,1,0,0,2496,14,113.97153600046295,True
negotiate,20,0.05,9,51,conflict,R0,1,1,0,1,0,0,2496,14,95.88497900040238,True
negotiate,20,0.05,9,51,conflict,R0,1,1,0,1,0,0,2496,14,92.63517100043828,True
negotiate,20,0.05,9,51,conflict,R0,1,1,0,1,0,0,2496,14,91.6442179986916,True
negotiate,20,0.05,9,51,conflict,R0,1,1,0,1,0,0,2496,14,219.31123600006686,True
negotiate,20,0.05,9,51,conflict,R0,1,1,0,1,0,0,2496,14,433.0300109995733,True
negotiate,20,0.05,9,51,conflict,R0,1,1,0,1,0,0,2496,14,333.75357200020517,True
negotiate,20,0.05,9,51,conflict,R0,1,1,0,1,0,0,2496,14,226.84522300005483,True
negotiate,20,0.05,9,51,conflict,R0,1,1,0,1,0,0,2496,14,370.31598700014,True
negotiate,20,0.05,9,51,conflict,R0,1,1,0,1,0,0,2496,14,190.30313200164528,True
negotiate,20,0.05,9,51,conflict,R0,1,1,0,1,0,0,2496,14,150.11515699916345,True
negotiate,20,0.05,9,51,conflict,R0,1,1,0,1,0,0,2496,14,168.8092290005443,True
negotiate,20,0.05,9,51,conflict,R0,1,1,0,1,0,0,2496,14,160.03491599985864,True
negotiate,20,0.05,9,51,conflict,R0,1,1,0,1,0,0,2496,14,186.00754200087977,True
negotiate,20,0.05,9,51,conflict,R0,1,1,0,1,0,0,2496,14,94.09287800008315,True
negotiate,20,0.05,9,51,conflict,R0,1,1,0,1,0,0,2496,14,137.08062600017,True
negotiate,20,0.05,9,51,conflict,R0,1,1,0,1,0,0,2496,14,71.79317400004948,True
negotiate,20,0.05,9,51,conflict,R0,1,1,0,1,0,0,2496,14,74.82424399859156,True
negotiate,20,0.05,9,51,conflict,R0,1,1,0,1,0,0,2496,14,145.85632099988288,True
negotiate,20,0.05,9,51,conflict,R0,1,1,0,1,0,0,2496,14,162.6032860003761,True
negotiate,20,0.05,9,51,conflict,R0,1,1,0,1,0,0,2496,14,156.53852300056315,True
negotiate,20,0.05,9,51,conflict,R0,1,1,0,1,0,0,2496,14,164.4795880001766,True
negotiate,20,0.05,9,51,conflict,R0,1,1,0,1,0,0,2496,14,75.92601800024568,True
negotiate,20,0.05,9,51,conflict,R0,1,1,0,1,0,0,2496,14,75.99895699968329,True
negotiate,20,0.05,9,51,conflict,R0,1,1,0,1,0,0,2496,14,102.43892399921606,True
negotiate,20,0.05,9,51,conflict,R0,1,1,0,1,0,0,2496,14,101.20031500082405,True
negotiate,20,0.05,9,51,conflict,R0,1,1,0,1,0,0,2496,14,152.23831799994514,True
negotiate,20,0.05,9,51,conflict,R0,1,1,0,1,0,0,2496,14,85.24285099883855,True
negotiate,20,0.05,9,51,conflict,R0,1,1,0,1,0,0,2496,14,141.40910600144707,True
negotiate,20,0.05,9,51,conflict,R0,1,1,0,1,0,0,2496,14,90.93097299955843,True
negotiate,20,0.05,9,51,conflict,R0,1,1,0,1,0,0,2496,14,71.71851500061166,True
negotiate,20,0.05,9,51,conflict,R0,1,1,0,1,0,0,2496,14,74.55187699997623,True
negotiate,20,0.05,9,51,conflict,R0,1,1,0,1,0,0,2496,14,92.39860299931024,True
negotiate,20,0.05,9,51,conflict,R0,1,1,0,1,0,0,2496,14,131.35888000033447,True
negotiate,20,0.05,9,51,conflict,R0,1,1,0,1,0,0,2496,14,73.3826349987794,True
negotiate,20,0.05,9,51,conflict,R0,1,1,0,1,0,0,2496,14,71.12494000102743,True
negotiate,20,0.05,9,51,conflict,R0,1,1,0,1,0,0,2496,14,105.53378599979624,True
negotiate,20,0.05,9,51,conflict,R0,1,1,0,1,0,0,2496,14,118.17201600024418,True
negotiate,20,0.05,9,51,conflict,R0,1,1,0,1,0,0,2496,14,84.3503950000013,True
negotiate,20,0.05,9,51,conflict,R0,1,1,0,1,0,0,2496,14,71.09112199941592,True
negotiate,20,0.05,9,51,conflict,R0,1,1,0,1,0,0,2496,14,71.55163300012646,True
negotiate,20,0.05,9,51,conflict,R0,1,1,0,1,0,0,2496,14,95.67146299923479,True
negotiate,20,0.05,9,53,accident,R1,1,1,0,1,6,0,533,15,97.31175300112227,True
negotiate,20,0.05,9,57,blockage,R1,3,3,0,3,0,0,11060,24,719.8687899999641,True
negotiate,20,0.05,9,78,blockage,R0,1,1,0,1,0,0,1969,10,66.93174999963958,True
negotiate,20,0.05,9,88,blockage,R1,4,4,0,4,6,0,976,19,45.47629099943151,True
negotiate,30,0.05,0,11,emergency,R2,1,1,0,1,30,0,656,16,58.93063700023049,True
negotiate,30,0.05,0,21,conflict,R2,3,4,0,4,21,0,2304,42,258.5425950001081,True
negotiate,30,0.05,0,30,blockage,R2,7,7,0,7,41,0,7241,66,514.4128769989038,True
negotiate,30,0.05,0,33,accident,R2,3,3,0,3,17,0,2011,31,174.13969699919107,True
negotiate,30,0.05,0,34,accident,R1,1,1,0,1,3,0,1133,14,158.3901590001915,True
negotiate,30,0.05,0,40,emergency,R2,2,2,0,2,27,0,1388,19,119.84228300025279,True
negotiate,30,0.05,0,45,blockage,R1,1,2,0,2,0,0,1096,20,94.48860900010914,True
negotiate,30,0.05,0,53,blockage,R2,1,1,0,1,9,0,844,15,64.64912500086939,True
negotiate,30,0.05,0,56,blockage,R1,2,2,0,2,5,0,783,20,54.438655999547336,True
negotiate,30,0.05,0,66,blockage,R1,7,7,0,7,15,0,2257,52,126.51980800001184,True
negotiate,30,0.05,0,67,blockage,R1,1,1,0,1,0,0,530,10,33.838309998827754,True
negotiate,30,0.05,1,13,blockage,R2,2,2,0,2,21,0,6493,21,340.6289069989725,True
negotiate,30,0.05,1,20,blockage,R1,1,1,0,1,4,0,676,14,63.65163299960841,True
negotiate,30,0.05,1,30,conflict,R2,8,8,0,8,35,0,15944,59,753.0897269989509,True
negotiate,30,0.05,1,40,blockage,R1,8,8,0,8,4,0,16761,66,708.4094900001219,True
negotiate,30,0.05,1,41,conflict,R0,1,1,0,1,0,0,2365,34,94.79120699870691,True
negotiate,30,0.05,1,41,conflict,R0,1,1,0,1,0,0,2365,34,95.25724099876243,True
negotiate,30,0.05,1,41,conflict,R0,1,1,0,1,0,0,2365,34,94.56080699965241,True
negotiate,30,0.05,1,41,conflict,R0,1,1,0,1,0,0,2365,34,95.19365599953744,True
negotiate,30,0.05,1,41,conflict,R0,1,1,0,1,0,0,2365,34,95.26147699943976,True
negotiate,30,0.05,1,41,conflict,R0,1,1,0,1,0,0,2365,34,93.76877400063677,True
negotiate,30,0.05,1,41,conflict,R0,1,1,0,1,0,0,2365,34,95.27468699889141,True
negotiate,30,0.05,1,41,conflict,R0,1,1,0,1,0,0,2365,34,99.93011599908641,True
negotiate,30,0.05,1,41,conflict,R0,1,1,0,1,0,0,2365,34,117.34375299965905,True
negotiate,30,0.05,1,41,conflict,R0,1,1,0,1,0,0,2365,34,100.93971799869905,True
negotiate,30,0.05,1,41,conflict,R0,1,1,0,1,0,0,2365,34,109.90767899966158,True
negotiate,30,0.05,1,41,conflict,R0,1,1,0,1,0,0,2365,34,92.87604999917676,True
negotiate,30,0.05,1,41,conflict,R0,1,1,0,1,0,0,2365,34,94.09917999983008,True
negotiate,30,0.05,1,41,conflict,R0,1,1,0,1,0,0,2365,34,129.0422429992759,True
negotiate,30,0.05,1,41,conflict,R0,1,1,0,1,0,0,2365,34,104.9350819994288,True
negotiate,30,0.05,1,41,conflict,R0,1,1,0,1,0,0,2365,34,190.36890899951686,True
negotiate,30,0.05,1,41,conflict,R0,1,1,0,1,0,0,2365,34,104.71015599978273,True
negotiate,30,0.05,1,41,conflict,R0,1,1,0,1,0,0,2365,34,175.6635980000283,True
negotiate,30,0.05,1,41,conflict,R0,1,1,0,1,0,0,2365,34,93.54448700105422,True
negotiate,30,0.05,1,41,conflict,R0,1,1,0,1,0,0,2365,34,97.45778900105506,True
negotiate,30,0.05,1,41,conflict,R0,1,1,0,1,0,0,2365,34,94.32017600011022,True
negotiate,30,0.05,1,41,conflict,R0,1,1,0,1,0,0,2365,34,95.05476600133989,True
negotiate,30,0.05,1,41,conflict,R0,1,1,0,1,0,0,2365,34,89.60645400111389,True
negotiate,30,0.05,1,41,conflict,R0,1,1,0,1,0,0,2365,34,255.60788400071033,True
negotiate,30,0.05,1,41,conflict,R0,1,1,0,1,0,0,2365,34,204.1044020006666,True
negotiate,30,0.05,1,41,conflict,R0,1,1,0,1,0,0,2365,34,197.09899500048778,True
negotiate,30,0.05,1,41,conflict,R0,1,1,0,1,0,0,2365,34,199.7647939988383,True
negotiate,30,0.05,1,41,conflict,R0,1,1,0,1,0,0,2365,34,92.30032699997537,True
negotiate,30,0.05,1,41,conflict,R0,1,1,0,1,0,0,2365,34,94.57005900003423,True
negotiate,30,0.05,1,41,conflict,R0,1,1,0,1,0,0,2365,34,142.61068800078647,True
negotiate,30,0.05,1,41,conflict,R0,1,1,0,1,0,0,2365,34,192.2343810001621,True
negotiate,30,0.05,1,41,conflict,R0,1,1,0,1,0,0,2365,34,93.67724999901839,True
negotiate,30,0.05,1,41,conflict,R0,1,1,0,1,0,0,2365,34,108.92479399990407,True
negotiate,30,0.05,1,41,conflict,R0,1,1,0,1,0,0,2365,34,117.78603099992324,True
negotiate,30,0.05,1,41,conflict,R0,1,1,0,1,0,0,2365,34,132.4174210003548,True
negotiate,30,0.05,1,41,conflict,R0,1,1,0,1,0,0,2365,34,119.46680700020806,True
negotiate,30,0.05,1,41,conflict,R0,1,1,0,1,0,0,2365,34,201.47018500028935,True
negotiate,30,0.05,1,41,conflict,R0,1,1,0,1,0,0,2365,34,134.75423800082353,True
negotiate,30,0.05,1,41,conflict,R0,1,1,0,1,0,0,2365,34,123.51897100052156,True
negotiate,30,0.05,1,41,conflict,R0,1,1,0,1,0,0,2365,34,94.34776499983855,True
negotiate,30,0.05,1,41,conflict,R0,1,1,0,1,0,0,2365,34,192.1327799991559,True
negotiate,30,0.05,1,41,conflict,R0,1,1,0,1,0,0,2365,34,94.17853499871853,True
negotiate,30,0.05,1,41,conflict,R0,1,1,0,1,0,0,2365,34,117.96638800115034,True
negotiate,30,0.05,1,41,conflict,R0,1,1,0,1,0,0,2365,34,125.45842399958929,True
negotiate,30,0.05,1,41,conflict,R0,1,1,0,1,0,0,2365,34,199.467234999247,True
negotiate,30,0.05,1,41,conflict,R0,1,1,0,1,0,0,2365,34,97.60073100005684,True
negotiate,30,0.05,1,41,conflict,R0,1,1,0,1,0,0,2365,34,93.1127160001779,True
negotiate,30,0.05,1,41,conflict,R0,1,1,0,1,0,0,2365,34,149.1194190002716,True
negotiate,30,0.05,1,41,conflict,R0,1,1,0,1,0,0,2365,34,103.2726339999499,True
negotiate,30,0.05,1,41,conflict,R0,1,1,0,1,0,0,2365,34,92.94549900005222,True
negotiate,30,0.05,1,41,conflict,R0,1,1,0,1,0,0,2365,34,146.75127399823396,True
negotiate,30,0.05,1,41,conflict,R0,1,1,0,1,0,0,2365,34,90.52408800016565,True
negotiate,30,0.05,1,41,conflict,R0,1,1,0,1,0,0,2365,34,95.79643700089946,True
negotiate,30,0.05,1,41,conflict,R0,1,1,0,1,0,0,2365,34,93.22483600044507,True
negotiate,30,0.05,1,41,conflict,R0,1,1,0,1,0,0,2365,34,90.45981400049641,True
negotiate,30,0.05,1,41,conflict,R0,1,1,0,1,0,0,2365,34,88.93813899885572,True
negotiate,30,0.05,1,41,conflict,R0,1,1,0,1,0,0,2365,34,100.19496200038702,True
negotiate,30,0.05,1,41,conflict,R0,1,1,0,1,0,0,2365,34,92.39448100015579,True
negotiate,30,0.05,1,41,conflict,R0,1,1,0,1,0,0,2365,34,119.7671129993978,True
negotiate,30,0.05,1,41,conflict,R0,1,1,0,1,0,0,2365,34,91.11554300034186,True
negotiate,30,0.05,1,41,conflict,R0,1,1,0,1,0,0,2365,34,94.28455700071936,True
negotiate,30,0.05,1,41,conflict,R0,1,1,0,1,0,0,2365,34,99.20868900007918,True
negotiate,30,0.05,1,41,conflict,R0,1,1,0,1,0,0,2365,34,93.83498900024279,True
negotiate,30,0.05,1,41,conflict,R0,1,1,0,1,0,0,2365,34,89.654301000337,True
negotiate,30,0.05,1,41,conflict,R0,1,1,0,1,0,0,2365,34,99.09210300065752,True
negotiate,30,0.05,1,41,conflict,R0,1,1,0,1,0,0,2365,34,93.87414199954947,True
negotiate,30,0.05,1,41,conflict,R0,1,1,0,1,0,0,2365,34,92.49438099868712,True
negotiate,30,0.05,1,41,conflict,R0,1,1,0,1,0,0,2365,34,90.05551200061745,True
negotiate,30,0.05,1,41,conflict,R0,1,1,0,1,0,0,2365,34,88.48970899998676,True
negotiate,30,0.05,1,41,conflict,R0,1,1,0,1,0,0,2365,34,121.19152399827726,True
negotiate,30,0.05,1,41,conflict,R0,1,1,0,1,0,0,2365,34,92.998574999001,True
negotiate,30,0.05,1,41,conflict,R0,1,1,0,1,0,0,2365,34,91.88747699954547,True
negotiate,30,0.05,1,41,conflict,R0,1,1,0,1,0,0,2365,34,88.50691199950234,True
negotiate,30,0.05,1,41,conflict,R0,1,1,0,1,0,0,2365,34,91.10983800019312,True
negotiate,30,0.05,1,41,conflict,R0,1,1,0,1,0,0,2365,34,90.45487300136301,True
negotiate,30,0.05,1,41,conflict,R0,1,1,0,1,0,0,2365,34,92.19554199989943,True
negotiate,30,0.05,1,41,conflict,R0,1,1,0,1,0,0,2365,34,103.10617399954936,True
negotiate,30,0.05,1,41,conflict,R0,1,1,0,1,0,0,2365,34,88.7085960002878,True
negotiate,30,0.05,1,41,conflict,R0,1,1,0,1,0,0,2365,34,88.51126700028544,True
negotiate,30,0.05,1,41,conflict,R0,1,1,0,1,0,0,2365,34,92.39961800085439,True
negotiate,30,0.05,1,41,conflict,R1,2,2,0,2,0,0,2360,34,122.01270799960184,True
negotiate,30,0.05,1,41,conflict,R0,1,1,0,1,0,0,2360,34,91.2772829997266,True
negotiate,30,0.05,1,41,conflict,R0,1,1,0,1,0,0,2360,34,93.102288999944,True
negotiate,30,0.05,1,41,conflict,R0,1,1,0,1,0,0,2360,34,197.89011499960907,True
negotiate,30,0.05,1,41,conflict,R0,1,1,0,1,0,0,2360,34,170.93047599882993,True
negotiate,30,0.05,1,41,conflict,R0,1,1,0,1,0,0,2360,34,86.50478300114628,True
negotiate,30,0.05,1,41,conflict,R0,1,1,0,1,0,0,2360,34,115.09871700036456,True
negotiate,30,0.05,1,41,conflict,R0,1,1,0,1,0,0,2360,34,123.84935400041286,True
negotiate,30,0.05,1,41,conflict,R0,1,1,0,1,0,0,2360,34,124.03909099884913,True
negotiate,30,0.05,1,41,conflict,R0,1,1,0,1,0,0,2360,34,112.01180399984878,True
negotiate,30,0.05,1,41,conflict,R0,1,1,0,1,0,0,2360,34,116.39858700073091,True
negotiate,30,0.05,1,41,conflict,R0,1,1,0,1,0,0,2360,34,298.29308800071885,True
negotiate,30,0.05,1,41,conflict,R0,1,1,0,1,0,0,2360,34,179.94747000011557,True
negotiate,30,0.05,1,41,conflict,R0,1,1,0,1,0,0,2360,34,249.13678399934724,True
negotiate,30,0.05,1,41,conflict,R0,1,1,0,1,0,0,2360,34,137.32422300017788,True
negotiate,30,0.05,1,41,conflict,R0,1,1,0,1,0,0,2360,34,124.9791570007801,True
negotiate,30,0.05,1,41,conflict,R0,1,1,0,1,0,0,2360,34,82.05342800101789,True
negotiate,30,0.05,1,41,conflict,R0,1,1,0,1,0,0,2360,34,83.02455000011832,True
negotiate,30,0.05,1,41,conflict,R0,1,1,0,1,0,0,2360,34,82.69176199974027,True
negotiate,30,0.05,1,41,conflict,R0,1,1,0,1,0,0,2360,34,82.15831800043816,True
negotiate,30,0.05,1,41,conflict,R0,1,1,0,1,0,0,2360,34,280.49159799957124,True
negotiate,30,0.05,1,41,conflict,R0,1,1,0,1,0,0,2360,34,115.81863399987924,True
negotiate,30,0.05,1,41,conflict,R0,1,1,0,1,0,0,2360,34,165.71011599990015,True
negotiate,30,0.05,1,41,conflict,R0,1,1,0,1,0,0,2360,34,137.66284799930872,True
negotiate,30,0.05,1,41,conflict,R0,1,1,0,1,0,0,2360,34,113.78612199951021,True
negotiate,30,0.05,1,41,conflict,R0,1,1,0,1,0,0,2360,34,143.99533700088796,True
negotiate,30,0.05,1,41,conflict,R0,1,1,0,1,0,0,2360,34,96.15148800003226,True
negotiate,30,0.05,1,41,conflict,R0,1,1,0,1,0,0,2360,34,100.61981199942238,True
negotiate,30,0.05,1,41,conflict,R0,1,1,0,1,0,0,2360,34,233.27200500170875,True
negotiate,30,0.05,1,41,conflict,R0,1,1,0,1,0,0,2360,34,161.34023000086017,True
negotiate,30,0.05,1,41,conflict,R0,1,1,0,1,0,0,2360,34,158.84148300028755,True
negotiate,30,0.05,1,41,conflict,R0,1,1,0,1,0,0,2360,34,155.35006900063308,True
negotiate,30,0.05,1,41,conflict,R0,1,1,0,1,0,0,2360,34,219.02747099920816,True
negotiate,30,0.05,1,41,conflict,R0,1,1,0,1,0,0,2360,34,114.30316500081972,True
negotiate,30,0.05,1,41,conflict,R0,1,1,0,1,0,0,2360,34,136.34215999991284,True
negotiate,30,0.05,1,41,conflict,R0,1,1,0,1,0,0,2360,34,128.12638800096465,True
negotiate,30,0.05,1,41,conflict,R0,1,1,0,1,0,0,2360,34,141.41782200022135,True
negotiate,30,0.05,1,41,conflict,R0,1,1,0,1,0,0,2360,34,119.85807600103726,True
negotiate,30,0.05,1,41,conflict,R0,1,1,0,1,0,0,2360,34,197.97658999959822,True
negotiate,30,0.05,1,41,conflict,R0,1,1,0,1,0,0,2360,34,165.93472299973655,True
negotiate,30,0.05,1,41,conflict,R0,1,1,0,1,0,0,2360,34,142.06850999835297,True
negotiate,30,0.05,1,41,conflict,R0,1,1,0,1,0,0,2360,34,214.09084600054484,True
negotiate,30,0.05,1,41,conflict,R0,1,1,0,1,0,0,2360,34,178.4707629994955,True
negotiate,30,0.05,1,41,conflict,R0,1,1,0,1,0,0,2360,34,119.52814399955969,True
negotiate,30,0.05,1,41,conflict,R0,1,1,0,1,0,0,2360,34,113.65922200093337,True
negotiate,30,0.05,1,41,conflict,R0,1,1,0,1,0,0,2360,34,222.40972600047826,True
negotiate,30,0.05,1,41,conflict,R0,1,1,0,1,0,0,2360,34,150.21629100010614,True
negotiate,30,0.05,1,41,conflict,R0,1,1,0,1,0,0,2360,34,145.43967499957944,True
negotiate,30,0.05,1,41,conflict,R0,1,1,0,1,0,0,2360,34,129.65235199953895,True
negotiate,30,0.05,1,41,conflict,R0,1,1,0,1,0,0,2360,34,142.36545200037654,True
negotiate,30,0.05,1,41,conflict,R0,1,1,0,1,0,0,2360,34,202.69164700039255,True
negotiate,30,0.05,1,41,conflict,R0,1,1,0,1,0,0,2360,34,135.54573300098127,True
negotiate,30,0.05,1,41,conflict,R0,1,1,0,1,0,0,2360,34,254.62407400118536,True
negotiate,30,0.05,1,41,conflict,R0,1,1,0,1,0,0,2360,34,225.78483699908247,True
negotiate,30,0.05,1,41,conflict,R0,1,1,0,1,0,0,2360,34,124.82953399921826,True
negotiate,30,0.05,1,41,conflict,R0,1,1,0,1,0,0,2360,34,154.66861999993853,True
negotiate,30,0.05,1,41,conflict,R0,1,1,0,1,0,0,2360,34,286.435750000237,True
negotiate,30,0.05,1,41,conflict,R0,1,1,0,1,0,0,2360,34,245.99202199897263,True
negotiate,30,0.05,1,41,conflict,R0,1,1,0,1,0,0,2360,34,137.54211800005578,True
negotiate,30,0.05,1,41,conflict,R0,1,1,0,1,0,0,2360,34,138.8015690008615,True
negotiate,30,0.05,1,41,conflict,R0,1,1,0,1,0,0,2360,34,145.99585100040713,True
negotiate,30,0.05,1,41,conflict,R0,1,1,0,1,0,0,2360,34,153.33403900149278,True
negotiate,30,0.05,1,41,conflict,R0,1,1,0,1,0,0,2360,34,210.12557500034745,True
negotiate,30,0.05,1,41,conflict,R0,1,1,0,1,0,0,2360,34,239.32466600126645,True
negotiate,30,0.05,1,41,conflict,R0,1,1,0,1,0,0,2360,34,144.68959899932088,True
negotiate,30,0.05,1,41,conflict,R0,1,1,0,1,0,0,2360,34,128.90421799966134,True
negotiate,30,0.05,1,41,conflict,R0,1,1,0,1,0,0,2360,34,132.58002600014152,True
negotiate,30,0.05,1,41,conflict,R0,1,1,0,1,0,0,2360,34,128.81894299971464,True
negotiate,30,0.05,1,41,conflict,R0,1,1,0,1,0,0,2360,34,154.93491999950493,True
negotiate,30,0.05,1,41,conflict,R0,1,1,0,1,0,0,2360,34,143.77493199935998,True
negotiate,30,0.05,1,41,conflict,R0,1,1,0,1,0,0,2360,34,147.8406599999289,True
negotiate,30,0.05,1,41,conflict,R0,1,1,0,1,0,0,2360,34,143.28700599980948,True
negotiate,30,0.05,1,41,conflict,R0,1,1,0,1,0,0,2360,34,132.24557800094772,True
negotiate,30,0.05,1,41,conflict,R0,1,1,0,1,0,0,2360,34,132.40008700086037,True
negotiate,30,0.05,1,41,conflict,R0,1,1,0,1,0,0,2360,34,132.04066199978115,True
negotiate,30,0.05,1,41,conflict,R0,1,1,0,1,0,0,2360,34,141.22279200091725,True
negotiate,30,0.05,1,41,conflict,R0,1,1,0,1,0,0,2360,34,131.6220440003235,True
negotiate,30,0.05,1,41,conflict,R0,1,1,0,1,0,0,2360,34,139.28778300032718,True
negotiate,30,0.05,1,41,conflict,R0,1,1,0,1,0,0,2360,34,121.74959399999352,True
negotiate,30,0.05,1,41,conflict,R0,1,1,0,1,0,0,2360,34,180.02586900001916,True
negotiate,30,0.05,1,41,conflict,R0,1,1,0,1,0,0,2360,34,115.34252899946296,True
negotiate,30,0.05,1,41,conflict,R0,1,1,0,1,0,0,2360,34,127.62450500122213,True
negotiate,30,0.05,1,41,conflict,R0,1,1,0,1,0,0,2360,34,209.5586909999838,True
negotiate,30,0.05,1,41,conflict,R0,1,1,0,1,0,0,2360,34,209.97235199865827,True
negotiate,30,0.05,1,41,conflict,R0,1,1,0,1,0,0,2360,34,224.36215500056278,True
negotiate,30,0.05,1,41,conflict,R0,1,1,0,1,0,0,2360,34,169.10844599988195,True
negotiate,30,0.05,1,41,conflict,R0,1,1,0,1,0,0,2360,34,93.9717830005975,True
negotiate,30,0.05,1,41,conflict,R0,1,1,0,1,0,0,2360,34,87.54710699940915,True
negotiate,30,0.05,1,41,conflict,R0,1,1,0,1,0,0,2360,34,87.07805599988205,True
negotiate,30,0.05,1,41,conflict,R0,1,1,0,1,0,0,2360,34,81.40040199941723,True
negotiate,30,0.05,1,41,conflict,R0,1,1,0,1,0,0,2360,34,112.62229900057719,True
negotiate,30,0.05,1,41,conflict,R0,1,1,0,1,0,0,2360,34,185.43931500062172,True
negotiate,30,0.05,1,41,conflict,R0,1,1,0,1,0,0,2360,34,332.7773389992217,True
negotiate,30,0.05,1,41,conflict,R0,1,1,0,1,0,0,2360,34,152.14948299944808,True
negotiate,30,0.05,1,41,conflict,R0,1,1,0,1,0,0,2360,34,118.81019900101819,True
negotiate,30,0.05,1,41,conflict,R0,1,1,0,1,0,0,2360,34,93.17664299851458,True
negotiate,30,0.05,1,41,conflict,R0,1,1,0,1,0,0,2360,34,125.52459099970292,True
negotiate,30,0.05,1,41,conflict,R0,1,1,0,1,0,0,2360,34,123.67425799857301,True
negotiate,30,0.05,1,41,conflict,R0,1,1,0,1,0,0,2360,34,165.36070900110644,True
negotiate,30,0.05,1,41,conflict,R0,1,1,0,1,0,0,2360,34,188.84487300056207,True
negotiate,30,0.05,1,41,conflict,R0,1,1,0,1,0,0,2360,34,156.50195899979735,True
negotiate,30,0.05,1,41,conflict,R0,1,1,0,1,0,0,2360,34,112.03500400006305,True
negotiate,30,0.05,1,41,conflict,R0,1,1,0,1,0,0,2360,34,89.95971300100791,True
negotiate,30,0.05,1,41,conflict,R0,1,1,0,1,0,0,2360,34,95.15481099879253,True
negotiate,30,0.05,1,41,conflict,R0,1,1,0,1,0,0,2360,34,140.95902500048396,True
negotiate,30,0.05,1,41,conflict,R0,1,1,0,1,0,0,2360,34,81.17064699945331,True
negotiate,30,0.05,1,41,conflict,R0,1,1,0,1,0,0,2360,34,83.28098099991621,True
negotiate,30,0.05,1,41,conflict,R0,1,1,0,1,0,0,2360,34,214.54322199861053,True
negotiate,30,0.05,1,41,conflict,R0,1,1,0,1,0,0,2360,34,125.0801380010671,True
negotiate,30,0.05,1,41,conflict,R0,1,1,0,1,0,0,2360,34,84.06211799956509,True
negotiate,30,0.05,1,41,conflict,R0,1,1,0,1,0,0,2360,34,82.3157650011126,True
negotiate,30,0.05,1,41,conflict,R0,1,1,0,1,0,0,2360,34,148.84575299947755,True
negotiate,30,0.05,1,41,conflict,R0,1,1,0,1,0,0,2360,34,174.2148739995173,True
negotiate,30,0.05,1,41,conflict,R0,1,1,0,1,0,0,2360,34,208.05778999965696,True
negotiate,30,0.05,1,41,conflict,R0,1,1,0,1,0,0,2360,34,137.40237900128704,True
negotiate,30,0.05,1,41,conflict,R0,1,1,0,1,0,0,2360,34,116.90302500028338,True
negotiate,30,0.05,1,41,conflict,R0,1,1,0,1,0,0,2360,34,118.71116700058337,True
negotiate,30,0.05,1,41,conflict,R0,1,1,0,1,0,0,2360,34,114.27780700068979,True
negotiate,30,0.05,1,41,conflict,R0,1,1,0,1,0,0,2360,34,283.75520299960044,True
negotiate,30,0.05,1,41,conflict,R0,1,1,0,1,0,0,2360,34,197.43772900073964,True
negotiate,30,0.05,1,41,conflict,R0,1,1,0,1,0,0,2360,34,101.01091800061113,True
negotiate,30,0.05,1,41,conflict,R0,1,1,0,1,0,0,2360,34,95.3021080003964,True
negotiate,30,0.05,1,41,conflict,R0,1,1,0,1,0,0,2360,34,96.74298699974315,True
negotiate,30,0.05,1,41,conflict,R0,1,1,0,1,0,0,2360,34,163.18875700017088,True
negotiate,30,0.05,1,41,conflict,R0,1,1,0,1,0,0,2360,34,97.70753200064064,True
negotiate,30,0.05,1,41,conflict,R0,1,1,0,1,0,0,2360,34,95.55077500044717,True
negotiate,30,0.05,1,41,conflict,R0,1,1,0,1,0,0,2360,34,111.50965900014853,True
negotiate,30,0.05,1,41,conflict,R0,1,1,0,1,0,0,2360,34,231.45467699941946,True
negotiate,30,0.05,1,41,conflict,R0,1,1,0,1,0,0,2360,34,132.23430299876782,True
negotiate,30,0.05,1,41,conflict,R0,1,1,0,1,0,0,2360,34,141.00699000118766,True
negotiate,30,0.05,1,41,conflict,R0,1,1,0,1,0,0,2360,34,101.17515099955199,True
negotiate,30,0.05,1,41,conflict,R0,1,1,0,1,0,0,2360,34,117.61964700053795,True
negotiate,30,0.05,1,41,conflict,R0,1,1,0,1,0,0,2360,34,90.32936299990979,True
negotiate,30,0.05,1,41,conflict,R0,1,1,0,1,0,0,2360,34,119.77430200022354,True
negotiate,30,0.05,1,41,conflict,R0,1,1,0,1,0,0,2360,34,86.8268470003386,True
negotiate,30,0.05,1,41,conflict,R0,1,1,0,1,0,0,2360,34,116.93449899939878,True
negotiate,30,0.05,1,41,conflict,R0,1,1,0,1,0,0,2360,34,238.39925100037362,True
negotiate,30,0.05,1,41,conflict,R0,1,1,0,1,0,0,2360,34,459.2733660010708,True
negotiate,30,0.05,1,41,conflict,R0,1,1,0,1,0,0,2360,34,91.00040799967246,True
negotiate,30,0.05,1,41,conflict,R0,1,1,0,1,0,0,2360,34,93.19664500071667,True
negotiate,30,0.05,1,41,conflict,R0,1,1,0,1,0,0,2360,34,233.907233001446,True
negotiate,30,0.05,1,41,conflict,R0,1,1,0,1,0,0,2360,34,190.6628559991077,True
negotiate,30,0.05,1,41,conflict,R0,1,1,0,1,0,0,2360,34,164.21899600027245,True
negotiate,30,0.05,1,41,conflict,R0,1,1,0,1,0,0,2360,34,92.05144200132054,True
negotiate,30,0.05,1,41,conflict,R0,1,1,0,1,0,0,2360,34,102.55062000032922,True
negotiate,30,0.05,1,41,conflict,R0,1,1,0,1,0,0,2360,34,170.6563029983954,True
negotiate,30,0.05,1,41,conflict,R0,1,1,0,1,0,0,2360,34,196.7889469997317,True
negotiate,30,0.05,1,41,conflict,R0,1,1,0,1,0,0,2360,34,188.06908599981398,True
negotiate,30,0.05,1,41,conflict,R0,1,1,0,1,0,0,2360,34,190.17901300139783,True
negotiate,30,0.05,1,41,conflict,R0,1,1,0,1,0,0,2360,34,160.40916300153185,True
negotiate,30,0.05,1,41,conflict,R0,1,1,0,1,0,0,2360,34,118.41980600001989,True
negotiate,30,0.05,1,41,conflict,R0,1,1,0,1,0,0,2360,34,121.30189600065933,True
negotiate,30,0.05,1,41,conflict,R0,1,1,0,1,0,0,2360,34,206.5853940002853,True
negotiate,30,0.05,1,41,conflict,R0,1,1,0,1,0,0,2360,34,170.76013299993065,True
negotiate,30,0.05,1,41,conflict,R0,1,1,0,1,0,0,2360,34,170.90412200013816,True
negotiate,30,0.05,1,41,conflict,R0,1,1,0,1,0,0,2360,34,168.8210810007149,True
negotiate,30,0.05,1,41,conflict,R0,1,1,0,1,0,0,2360,34,89.65383800023119,True
negotiate,30,0.05,1,41,conflict,R0,1,1,0,1,0,0,2360,34,114.87822200069786,True
negotiate,30,0.05,1,41,conflict,R0,1,1,0,1,0,0,2360,34,180.25689800015243,True
negotiate,30,0.05,1,41,conflict,R0,1,1,0,1,0,0,2360,34,264.32399499935855,True
negotiate,30,0.05,1,41,conflict,R0,1,1,0,1,0,0,2360,34,102.08105399942724,True
negotiate,30,0.05,1,41,conflict,R0,1,1,0,1,0,0,2360,34,123.27328699939244,True
negotiate,30,0.05,1,41,conflict,R0,1,1,0,1,0,0,2360,34,105.18966400013596,True
negotiate,30,0.05,1,41,conflict,R0,1,1,0,1,0,0,2360,34,93.58199999951466,True
negotiate,30,0.05,1,41,conflict,R0,1,1,0,1,0,0,2360,34,153.06958300061524,True
negotiate,30,0.05,1,41,conflict,R0,1,1,0,1,0,0,2360,34,103.10531499999342,True
negotiate,30,0.05,1,41,conflict,R0,1,1,0,1,0,0,2360,34,125.18686799921852,True
negotiate,30,0.05,1,41,conflict,R0,1,1,0,1,0,0,2360,34,94.44471099959628,True
negotiate,30,0.05,1,41,conflict,R0,1,1,0,1,0,0,2360,34,107.28054900027928,True
negotiate,30,0.05,1,41,conflict,R0,1,1,0,1,0,0,2360,34,163.80421800022305,True
negotiate,30,0.05,1,41,conflict,R0,1,1,0,1,0,0,2360,34,145.47824500004936,True
negotiate,30,0.05,1,41,conflict,R0,1,1,0,1,0,0,2360,34,149.43545700043614,True
negotiate,30,0.05,1,41,conflict,R0,1,1,0,1,0,0,2360,34,207.88820899906568,True
negotiate,30,0.05,1,41,conflict,R0,1,1,0,1,0,0,2360,34,140.9426149984938,True
negotiate,30,0.05,1,41,conflict,R0,1,1,0,1,0,0,2360,34,180.02640400118253,True
negotiate,30,0.05,1,41,conflict,R0,1,1,0,1,0,0,2360,34,118.72783700164291,True
negotiate,30,0.05,1,41,conflict,R0,1,1,0,1,0,0,2360,34,137.24482100042223,True
negotiate,30,0.05,1,41,conflict,R0,1,1,0,1,0,0,2360,34,192.48930999856384,True
negotiate,30,0.05,1,41,conflict,R0,1,1,0,1,0,0,2360,34,137.93498000086402,True
negotiate,30,0.05,1,41,conflict,R0,1,1,0,1,0,0,2360,34,151.11567999883846,True
negotiate,30,0.05,1,41,conflict,R0,1,1,0,1,0,0,2360,34,166.40517599989835,True
negotiate,30,0.05,1,41,conflict,R0,1,1,0,1,0,0,2360,34,104.58617800031789,True
negotiate,30,0.05,1,41,conflict,R0,1,1,0,1,0,0,2360,34,148.98994000031962,True
negotiate,30,0.05,1,41,conflict,R0,1,1,0,1,0,0,2360,34,142.48117200077104,True
negotiate,30,0.05,1,41,conflict,R0,1,1,0,1,0,0,2360,34,175.32967300030577,True
negotiate,30,0.05,1,41,conflict,R0,1,1,0,1,0,0,2360,34,137.22118899931957,True
negotiate,30,0.05,1,41,conflict,R0,1,1,0,1,0,0,2360,34,167.9510810008651,True
negotiate,30,0.05,1,41,conflict,R0,1,1,0,1,0,0,2360,34,129.33965499905753,True
negotiate,30,0.05,1,41,conflict,R0,1,1,0,1,0,0,2360,34,202.13522699850728,True
negotiate,30,0.05,1,41,conflict,R0,1,1,0,1,0,0,2360,34,164.98221499932697,True
negotiate,30,0.05,1,41,conflict,R0,1,1,0,1,0,0,2360,34,118.59339299917337,True
negotiate,30,0.05,1,41,conflict,R0,1,1,0,1,0,0,2360,34,125.62974200045574,True
negotiate,30,0.05,1,41,conflict,R0,1,1,0,1,0,0,2360,34,228.5262639998109,True
negotiate,30,0.05,1,41,conflict,R0,1,1,0,1,0,0,2360,34,161.08340000027965,True
negotiate,30,0.05,1,41,conflict,R0,1,1,0,1,0,0,2360,34,246.22317799912707,True
negotiate,30,0.05,1,41,conflict,R0,1,1,0,1,0,0,2360,34,168.92294799981755,True
negotiate,30,0.05,1,41,conflict,R0,1,1,0,1,0,0,2360,34,127.14159399911296,True
negotiate,30,0.05,1,41,conflict,R0,1,1,0,1,0,0,2360,34,118.68730099922686,True
negotiate,30,0.05,1,41,conflict,R0,1,1,0,1,0,0,2360,34,122.65056800060847,True
negotiate,30,0.05,1,41,conflict,R0,1,1,0,1,0,0,2360,34,184.8535200006154,True
negotiate,30,0.05,1,41,conflict,R0,1,1,0,1,0,0,2360,34,124.5032810002158,True
negotiate,30,0.05,1,41,conflict,R0,1,1,0,1,0,0,2360,34,158.32015799969668,True
negotiate,30,0.05,1,41,conflict,R0,1,1,0,1,0,0,2360,34,121.93086299885181,True
negotiate,30,0.05,1,41,conflict,R0,1,1,0,1,0,0,2360,34,138.18200800051272,True
negotiate,30,0.05,1,41,conflict,R0,1,1,0,1,0,0,2360,34,134.29065899981651,True
negotiate,30,0.05,1,41,conflict,R0,1,1,0,1,0,0,2360,34,124.99132699849724,True
negotiate,30,0.05,1,41,conflict,R0,1,1,0,1,0,0,2360,34,119.61524599973927,True
negotiate,30,0.05,1,41,conflict,R0,1,1,0,1,0,0,2360,34,119.77629400098522,True
negotiate,30,0.05,1,41,conflict,R0,1,1,0,1,0,0,2360,34,147.83480199912447,True
negotiate,30,0.05,1,41,conflict,R0,1,1,0,1,0,0,2360,34,124.64910699964094,True
negotiate,30,0.05,1,41,conflict,R0,1,1,0,1,0,0,2360,34,163.91035999913584,True
negotiate,30,0.05,1,41,conflict,R0,1,1,0,1,0,0,2360,34,118.40674899940495,True
negotiate,30,0.05,1,41,conflict,R0,1,1,0,1,0,0,2360,34,117.55169400021259,True
negotiate,30,0.05,1,41,conflict,R0,1,1,0,1,0,0,2360,34,117.02385200078425,True
negotiate,30,0.05,1,41,conflict,R0,1,1,0,1,0,0,2360,34,131.49577299918747,True
negotiate,30,0.05,1,41,conflict,R0,1,1,0,1,0,0,2360,34,174.21887700038496,True
negotiate,30,0.05,1,41,conflict,R0,1,1,0,1,0,0,2360,34,117.61732599916286,True
negotiate,30,0.05,1,41,conflict,R0,1,1,0,1,0,0,2360,34,176.77889299920935,True
negotiate,30,0.05,1,41,conflict,R0,1,1,0,1,0,0,2360,34,242.17096800020954,True
negotiate,30,0.05,1,41,conflict,R0,1,1,0,1,0,0,2360,34,546.0038680012076,True
negotiate,30,0.05,1,41,conflict,R0,1,1,0,1,0,0,2360,34,137.7851950001059,True
negotiate,30,0.05,1,41,conflict,R0,1,1,0,1,0,0,2360,34,177.14853799952834,True
negotiate,30,0.05,1,41,conflict,R0,1,1,0,1,0,0,2360,34,138.64824600022985,True
negotiate,30,0.05,1,41,conflict,R0,1,1,0,1,0,0,2360,34,130.0878769998235,True
negotiate,30,0.05,1,41,conflict,R0,1,1,0,1,0,0,2360,34,127.98697099970013,True
negotiate,30,0.05,1,41,conflict,R0,1,1,0,1,0,0,2360,34,128.3686540009512,True
negotiate,30,0.05,1,41,conflict,R0,1,1,0,1,0,0,2360,34,186.95552900135226,True
negotiate,30,0.05,1,41,conflict,R0,1,1,0,1,0,0,2360,34,115.5210540000553,True
negotiate,30,0.05,1,41,conflict,R0,1,1,0,1,0,0,2360,34,127.59061399992788,True
negotiate,30,0.05,1,41,conflict,R0,1,1,0,1,0,0,2360,34,130.74489799873845,True
negotiate,30,0.05,1,41,conflict,R0,1,1,0,1,0,0,2360,34,129.83309299852408,True
negotiate,30,0.05,1,41,conflict,R0,1,1,0,1,0,0,2360,34,123.6018569998123,True
negotiate,30,0.05,1,41,conflict,R0,1,1,0,1,0,0,2360,34,159.2305939993821,True
negotiate,30,0.05,1,41,conflict,R0,1,1,0,1,0,0,2360,34,149.57492199937406,True
negotiate,30,0.05,1,41,conflict,R0,1,1,0,1,0,0,2360,34,191.38654900052643,True
negotiate,30,0.05,1,41,conflict,R0,1,1,0,1,0,0,2360,34,144.9286970000685,True
negotiate,30,0.05,1,41,conflict,R0,1,1,0,1,0,0,2360,34,171.33130699949106,True
negotiate,30,0.05,1,41,conflict,R0,1,1,0,1,0,0,2360,34,139.55720699959784,True
negotiate,30,0.05,1,41,conflict,R0,1,1,0,1,0,0,2360,34,136.2949579997803,True
negotiate,30,0.05,1,41,conflict,R0,1,1,0,1,0,0,2360,34,125.50264200035599,True
negotiate,30,0.05,1,41,conflict,R1,2,2,0,2,0,0,2094,34,96.5207270000974,True
negotiate,30,0.05,1,41,conflict,R0,1,1,0,1,0,0,2094,34,104.72748900065199,True
negotiate,30,0.05,1,41,conflict,R0,1,1,0,1,0,0,2094,34,97.8485539999383,True
negotiate,30,0.05,1,41,conflict,R0,1,1,0,1,0,0,2094,34,191.92545299847552,True
negotiate,30,0.05,1,41,conflict,R0,1,1,0,1,0,0,2094,34,109.08650800047326,True
negotiate,30,0.05,1,41,conflict,R0,1,1,0,1,0,0,2094,34,96.6685180010245,True
negotiate,30,0.05,1,41,conflict,R0,1,1,0,1,0,0,2094,34,110.57701899881067,True
negotiate,30,0.05,1,41,conflict,R0,1,1,0,1,0,0,2094,34,105.30069800006459,True
negotiate,30,0.05,1,41,conflict,R0,1,1,0,1,0,0,2094,34,214.2950559991732,True
negotiate,30,0.05,1,41,conflict,R0,1,1,0,1,0,0,2094,34,147.75706399996125,True
negotiate,30,0.05,1,41,conflict,R0,1,1,0,1,0,0,2094,34,119.61073199927341,True
negotiate,30,0.05,1,41,conflict,R0,1,1,0,1,0,0,2094,34,111.52920499989705,True
negotiate,30,0.05,1,41,conflict,R0,1,1,0,1,0,0,2094,34,126.75878800109786,True
negotiate,30,0.05,1,41,conflict,R0,1,1,0,1,0,0,2094,34,125.31754199881107,True
negotiate,30,0.05,1,41,conflict,R0,1,1,0,1,0,0,2094,34,233.57991100056097,True
negotiate,30,0.05,1,41,conflict,R0,1,1,0,1,0,0,2094,34,227.11396199883893,True
negotiate,30,0.05,1,41,conflict,R0,1,1,0,1,0,0,2094,34,246.99644899919804,True
negotiate,30,0.05,1,41,conflict,R0,1,1,0,1,0,0,2094,34,125.15815400001884,True
negotiate,30,0.05,1,41,conflict,R0,1,1,0,1,0,0,2094,34,115.35796799944364,True
negotiate,30,0.05,1,41,conflict,R0,1,1,0,1,0,0,2094,34,127.85187200097425,True
negotiate,30,0.05,1,41,conflict,R0,1,1,0,1,0,0,2094,34,127.02599499971257,True
negotiate,30,0.05,1,41,conflict,R0,1,1,0,1,0,0,2094,34,120.0820769990969,True
negotiate,30,0.05,1,41,conflict,R0,1,1,0,1,0,0,2094,34,114.35259600148129,True
negotiate,30,0.05,1,41,conflict,R0,1,1,0,1,0,0,2094,34,126.94619099966076,True
negotiate,30,0.05,1,41,conflict,R0,1,1,0,1,0,0,2094,34,134.3032820004737,True
negotiate,30,0.05,1,41,conflict,R0,1,1,0,1,0,0,2094,34,180.71365499963576,True
negotiate,30,0.05,1,41,conflict,R0,1,1,0,1,0,0,2094,34,243.4572450001724,True
negotiate,30,0.05,1,41,conflict,R0,1,1,0,1,0,0,2094,34,189.7236860004341,True
negotiate,30,0.05,1,41,conflict,R0,1,1,0,1,0,0,2094,34,112.96196500006772,True
negotiate,30,0.05,1,41,conflict,R0,1,1,0,1,0,0,2094,34,178.93608099984704,True
negotiate,30,0.05,1,41,conflict,R0,1,1,0,1,0,0,2094,34,115.46050099968852,True
negotiate,30,0.05,1,41,conflict,R0,1,1,0,1,0,0,2094,34,167.3759430013888,True
negotiate,30,0.05,1,41,conflict,R0,1,1,0,1,0,0,2094,34,113.62272899896197,True
negotiate,30,0.05,1,41,conflict,R0,1,1,0,1,0,0,2094,34,183.6474450010428,True
negotiate,30,0.05,1,41,conflict,R0,1,1,0,1,0,0,2094,34,121.24609099919326,True
negotiate,30,0.05,1,41,conflict,R0,1,1,0,1,0,0,2094,34,104.11894000026223,True
negotiate,30,0.05,1,41,conflict,R0,1,1,0,1,0,0,2094,34,108.43906899935973,True
negotiate,30,0.05,1,41,conflict,R0,1,1,0,1,0,0,2094,34,126.36364399986633,True
negotiate,30,0.05,1,41,conflict,R0,1,1,0,1,0,0,2094,34,113.64437100019131,True
negotiate,30,0.05,1,41,conflict,R0,1,1,0,1,0,0,2094,34,142.9277280003589,True
negotiate,30,0.05,1,41,conflict,R0,1,1,0,1,0,0,2094,34,90.27201299977605,True
negotiate,30,0.05,1,41,conflict,R0,1,1,0,1,0,0,2094,34,94.12777100078529,True
negotiate,30,0.05,1,41,conflict,R0,1,1,0,1,0,0,2094,34,182.97069700020074,True
negotiate,30,0.05,1,41,conflict,R0,1,1,0,1,0,0,2094,34,138.54682400051388,True
negotiate,30,0.05,1,41,conflict,R0,1,1,0,1,0,0,2094,34,179.64914299955126,True
negotiate,30,0.05,1,41,conflict,R0,1,1,0,1,0,0,2094,34,275.4898430011963,True
negotiate,30,0.05,1,41,conflict,R0,1,1,0,1,0,0,2094,34,221.10247000091476,True
negotiate,30,0.05,1,41,conflict,R0,1,1,0,1,0,0,2094,34,188.49833799868065,True
negotiate,30,0.05,1,41,conflict,R0,1,1,0,1,0,0,2094,34,111.30549100016651,True
negotiate,30,0.05,1,41,conflict,R0,1,1,0,1,0,0,2094,34,114.14833999879193,True
negotiate,30,0.05,1,41,conflict,R0,1,1,0,1,0,0,2094,34,133.7749750000512,True
negotiate,30,0.05,1,41,conflict,R0,1,1,0,1,0,0,2094,34,200.36089799941692,True
negotiate,30,0.05,1,41,conflict,R0,1,1,0,1,0,0,2094,34,110.05408599885413,True
negotiate,30,0.05,1,41,conflict,R0,1,1,0,1,0,0,2094,34,94.42336000029172,True
negotiate,30,0.05,1,41,conflict,R0,1,1,0,1,0,0,2094,34,97.93047499988461,True
negotiate,30,0.05,1,41,conflict,R0,1,1,0,1,0,0,2094,34,99.30947300017579,True
negotiate,30,0.05,1,41,conflict,R0,1,1,0,1,0,0,2094,34,102.11693000019295,True
negotiate,30,0.05,1,41,conflict,R0,1,1,0,1,0,0,2094,34,95.39321399824985,True
negotiate,30,0.05,1,41,conflict,R0,1,1,0,1,0,0,2094,34,96.29810099977476,True
negotiate,30,0.05,1,41,conflict,R0,1,1,0,1,0,0,2094,34,146.0052149996045,True
negotiate,30,0.05,1,41,conflict,R0,1,1,0,1,0,0,2094,34,104.53035299906333,True
negotiate,30,0.05,1,41,conflict,R0,1,1,0,1,0,0,2094,34,137.00594900001306,True
negotiate,30,0.05,1,41,conflict,R0,1,1,0,1,0,0,2094,34,111.46361700048146,True
negotiate,30,0.05,1,41,conflict,R0,1,1,0,1,0,0,2094,34,156.66924600009224,True
negotiate,30,0.05,1,41,conflict,R0,1,1,0,1,0,0,2094,34,184.69811199975084,True
negotiate,30,0.05,1,41,conflict,R0,1,1,0,1,0,0,2094,34,113.13418899953831,True
negotiate,30,0.05,1,41,conflict,R0,1,1,0,1,0,0,2094,34,96.87550099988584,True
negotiate,30,0.05,1,41,conflict,R0,1,1,0,1,0,0,2094,34,148.05788999910874,True
negotiate,30,0.05,1,41,conflict,R0,1,1,0,1,0,0,2094,34,137.59158399989246,True
negotiate,30,0.05,1,41,conflict,R0,1,1,0,1,0,0,2094,34,168.88936400027887,True
negotiate,30,0.05,1,41,conflict,R0,1,1,0,1,0,0,2094,34,207.6200550000067,True
negotiate,30,0.05,1,41,conflict,R0,1,1,0,1,0,0,2094,34,291.3976250001724,True
negotiate,30,0.05,1,41,conflict,R0,1,1,0,1,0,0,2094,34,134.35084100092354,True
negotiate,30,0.05,1,41,conflict,R0,1,1,0,1,0,0,2094,34,111.23960000077204,True
negotiate,30,0.05,1,41,conflict,R0,1,1,0,1,0,0,2094,34,122.78990199956752,True
negotiate,30,0.05,1,41,conflict,R0,1,1,0,1,0,0,2094,34,169.43829900083074,True
negotiate,30,0.05,1,41,conflict,R0,1,1,0,1,0,0,2094,34,129.71135299994785,True
negotiate,30,0.05,1,41,conflict,R0,1,1,0,1,0,0,2094,34,109.99275599897373,True
negotiate,30,0.05,1,41,conflict,R0,1,1,0,1,0,0,2094,34,123.8835519998247,True
negotiate,30,0.05,1,41,conflict,R0,1,1,0,1,0,0,2094,34,166.59308599992073,True
negotiate,30,0.05,1,41,conflict,R1,1,2,0,2,0,0,2119,34,193.8267449986597,True
negotiate,30,0.05,1,41,conflict,R0,1,1,0,1,0,0,2119,34,112.17583899997408,True
negotiate,30,0.05,1,41,conflict,R0,1,1,0,1,0,0,2119,34,144.90696599932562,True
negotiate,30,0.05,1,41,conflict,R0,1,1,0,1,0,0,2119,34,139.9266490006994,True
negotiate,30,0.05,1,41,conflict,R0,1,1,0,1,0,0,2119,34,137.05182000012428,True
negotiate,30,0.05,1,41,conflict,R0,1,1,0,1,0,0,2119,34,121.26186200111988,True
negotiate,30,0.05,1,41,conflict,R0,1,1,0,1,0,0,2119,34,134.5409509995079,True
negotiate,30,0.05,1,41,conflict,R0,1,1,0,1,0,0,2119,34,116.34911799956171,True
negotiate,30,0.05,1,41,conflict,R0,1,1,0,1,0,0,2119,34,171.78492399943934,True
negotiate,30,0.05,1,41,conflict,R0,1,1,0,1,0,0,2119,34,205.3785420011991,True
negotiate,30,0.05,1,41,conflict,R0,1,1,0,1,0,0,2119,34,177.45385499983968,True
negotiate,30,0.05,1,41,conflict,R0,1,1,0,1,0,0,2119,34,143.7026280000282,True
negotiate,30,0.05,1,41,conflict,R0,1,1,0,1,0,0,2119,34,152.97856100005447,True
negotiate,30,0.05,1,41,conflict,R0,1,1,0,1,0,0,2119,34,109.39677499845857,True
negotiate,30,0.05,1,41,conflict,R0,1,1,0,1,0,0,2119,34,115.69360500106995,True
negotiate,30,0.05,1,41,conflict,R0,1,1,0,1,0,0,2119,34,113.92643100043642,True
negotiate,30,0.05,1,41,conflict,R0,1,1,0,1,0,0,2119,34,226.29904499990516,True
negotiate,30,0.05,1,41,conflict,R0,1,1,0,1,0,0,2119,34,120.46001400085515,True
negotiate,30,0.05,1,41,conflict,R0,1,1,0,1,0,0,2119,34,134.27820700053417,True
negotiate,30,0.05,1,41,conflict,R0,1,1,0,1,0,0,2119,34,186.31279900000663,True
negotiate,30,0.05,1,41,conflict,R0,1,1,0,1,0,0,2119,34,176.82849200173223,True
negotiate,30,0.05,1,41,conflict,R0,1,1,0,1,0,0,2119,34,110.59695800031477,True
negotiate,30,0.05,1,41,conflict,R0,1,1,0,1,0,0,2119,34,115.69880699971691,True
negotiate,30,0.05,1,41,conflict,R0,1,1,0,1,0,0,2119,34,99.08135499972559,True
negotiate,30,0.05,1,41,conflict,R0,1,1,0,1,0,0,2119,34,110.82312300095509,True
negotiate,30,0.05,1,41,conflict,R0,1,1,0,1,0,0,2119,34,101.48836099870095,True
negotiate,30,0.05,1,41,conflict,R0,1,1,0,1,0,0,2119,34,110.7097160002013,True
negotiate,30,0.05,1,41,conflict,R0,1,1,0,1,0,0,2119,34,115.50440099927073,True
negotiate,30,0.05,1,41,conflict,R0,1,1,0,1,0,0,2119,34,146.88465099970927,True
negotiate,30,0.05,1,41,conflict,R0,1,1,0,1,0,0,2119,34,131.0491899985209,True
negotiate,30,0.05,1,41,conflict,R0,1,1,0,1,0,0,2119,34,107.23398400114093,True
negotiate,30,0.05,1,41,conflict,R0,1,1,0,1,0,0,2119,34,111.73206899911747,True
negotiate,30,0.05,1,41,conflict,R0,1,1,0,1,0,0,2119,34,103.31985599987092,True
negotiate,30,0.05,1,41,conflict,R0,1,1,0,1,0,0,2119,34,98.24583799854736,True
negotiate,30,0.05,1,41,conflict,R0,1,1,0,1,0,0,2119,34,89.85672000017075,True
negotiate,30,0.05,1,41,conflict,R0,1,1,0,1,0,0,2119,34,95.37747499962279,True
negotiate,30,0.05,1,41,conflict,R0,1,1,0,1,0,0,2119,34,125.15741599963803,True
negotiate,30,0.05,1,41,conflict,R0,1,1,0,1,0,0,2119,34,203.62963099978515,True
negotiate,30,0.05,1,41,conflict,R0,1,1,0,1,0,0,2119,34,205.91660600075556,True
negotiate,30,0.05,1,41,conflict,R0,1,1,0,1,0,0,2119,34,121.64702699919872,True
negotiate,30,0.05,1,41,conflict,R0,1,1,0,1,0,0,2119,34,121.97896699944977,True
negotiate,30,0.05,1,41,conflict,R0,1,1,0,1,0,0,2119,34,112.12359400087735,True
negotiate,30,0.05,1,41,conflict,R0,1,1,0,1,0,0,2119,34,240.12671600030444,True
negotiate,30,0.05,1,41,conflict,R0,1,1,0,1,0,0,2119,34,262.03843299845175,True
negotiate,30,0.05,1,41,conflict,R0,1,1,0,1,0,0,2119,34,177.33710599895858,True
negotiate,30,0.05,1,41,conflict,R0,1,1,0,1,0,0,2119,34,225.2458460006892,True
negotiate,30,0.05,1,41,conflict,R0,1,1,0,1,0,0,2119,34,155.50335999978415,True
negotiate,30,0.05,1,41,conflict,R0,1,1,0,1,0,0,2119,34,424.0718740002194,True
negotiate,30,0.05,1,41,conflict,R0,1,1,0,1,0,0,2119,34,139.72179200027313,True
negotiate,30,0.05,1,41,conflict,R0,1,1,0,1,0,0,2119,34,173.89790800007177,True
negotiate,30,0.05,1,41,conflict,R0,1,1,0,1,0,0,2119,34,239.89644699940982,True
negotiate,30,0.05,1,41,conflict,R0,1,1,0,1,0,0,2119,34,333.94041700012167,True
negotiate,30,0.05,1,41,conflict,R0,1,1,0,1,0,0,2119,34,304.3114939991938,True
negotiate,30,0.05,1,41,conflict,R0,1,1,0,1,0,0,2119,34,145.36635699914768,True
negotiate,30,0.05,1,41,conflict,R0,1,1,0,1,0,0,2119,34,82.21723799942993,True
negotiate,30,0.05,1,41,conflict,R0,1,1,0,1,0,0,2119,34,81.35233000029984,True
negotiate,30,0.05,1,41,conflict,R0,1,1,0,1,0,0,2119,34,86.72418999958609,True
negotiate,30,0.05,1,41,conflict,R0,1,1,0,1,0,0,2119,34,146.9724149992544,True
negotiate,30,0.05,1,41,conflict,R0,1,1,0,1,0,0,2119,34,160.47208999953,True
negotiate,30,0.05,1,41,conflict,R0,1,1,0,1,0,0,2119,34,158.98864700102422,True
negotiate,30,0.05,1,41,conflict,R0,1,1,0,1,0,0,2119,34,86.4530079998076,True
negotiate,30,0.05,1,41,conflict,R0,1,1,0,1,0,0,2119,34,87.43565400072839,True
negotiate,30,0.05,1,41,conflict,R0,1,1,0,1,0,0,2119,34,106.61238299871911,True
negotiate,30,0.05,1,41,conflict,R0,1,1,0,1,0,0,2119,34,151.73234899884847,True
negotiate,30,0.05,1,41,conflict,R0,1,1,0,1,0,0,2119,34,83.83195400165278,True
negotiate,30,0.05,1,41,conflict,R0,1,1,0,1,0,0,2119,34,89.20216699880257,True
negotiate,30,0.05,1,41,conflict,R0,1,1,0,1,0,0,2119,34,86.01977600119426,True
negotiate,30,0.05,1,41,conflict,R0,1,1,0,1,0,0,2119,34,82.64911500009475,True
negotiate,30,0.05,1,41,conflict,R0,1,1,0,1,0,0,2119,34,88.69993700136547,True
negotiate,30,0.05,1,41,conflict,R0,1,1,0,1,0,0,2119,34,81.03491200017743,True
negotiate,30,0.05,1,41,conflict,R0,1,1,0,1,0,0,2119,34,80.78465000107826,True
negotiate,30,0.05,1,41,conflict,R0,1,1,0,1,0,0,2119,34,79.28598199941916,True
negotiate,30,0.05,1,41,conflict,R0,1,1,0,1,0,0,2119,34,84.85023199864372,True
negotiate,30,0.05,1,41,conflict,R0,1,1,0,1,0,0,2119,34,108.32227500031877,True
negotiate,30,0.05,1,41,conflict,R0,1,1,0,1,0,0,2119,34,96.28162100125337,True
negotiate,30,0.05,1,41,conflict,R0,1,1,0,1,0,0,2119,34,120.32422499942186,True
negotiate,30,0.05,1,41,conflict,R0,1,1,0,1,0,0,2119,34,82.40491799915617,True
negotiate,30,0.05,1,41,conflict,R0,1,1,0,1,0,0,2119,34,77.48795500083361,True
negotiate,30,0.05,1,41,conflict,R0,1,1,0,1,0,0,2119,34,87.84182199997304,True
negotiate,30,0.05,1,41,conflict,R0,1,1,0,1,0,0,2119,34,92.97240699925169,True
negotiate,30,0.05,1,41,conflict,R1,2,3,0,3,0,0,2081,34,116.12544700074068,True
negotiate,30,0.05,1,41,conflict,R0,1,1,0,1,0,0,2079,34,168.75766700104577,True
negotiate,30,0.05,1,41,conflict,R0,1,1,0,1,0,0,2079,34,118.85142900064238,True
negotiate,30,0.05,1,41,conflict,R0,1,1,0,1,0,0,2079,34,83.44553599999927,True
negotiate,30,0.05,1,41,conflict,R0,1,1,0,1,0,0,2079,34,75.80328499898314,True
negotiate,30,0.05,1,41,conflict,R0,1,1,0,1,0,0,2079,34,79.35578400065424,True
negotiate,30,0.05,1,41,conflict,R0,1,1,0,1,0,0,2079,34,75.52363599825185,True
negotiate,30,0.05,1,41,conflict,R0,1,1,0,1,0,0,2079,34,164.3601840005431,True
negotiate,30,0.05,1,41,conflict,R0,1,1,0,1,0,0,2079,34,87.8773620006541,True
negotiate,30,0.05,1,41,conflict,R0,1,1,0,1,0,0,2079,34,88.35374199952639,True
negotiate,30,0.05,1,41,conflict,R0,1,1,0,1,0,0,2079,34,138.769847999356,True
negotiate,30,0.05,1,41,conflict,R0,1,1,0,1,0,0,2079,34,354.99617499954184,True
negotiate,30,0.05,1,41,conflict,R0,1,1,0,1,0,0,2079,34,91.99386699947354,True
negotiate,30,0.05,1,41,conflict,R0,1,1,0,1,0,0,2079,34,95.00704899983248,True
negotiate,30,0.05,1,41,conflict,R0,1,1,0,1,0,0,2079,34,98.72240299955592,True
negotiate,30,0.05,1,41,conflict,R0,1,1,0,1,0,0,2079,34,91.00973100066767,True
negotiate,30,0.05,1,41,conflict,R0,1,1,0,1,0,0,2079,34,107.67452800064348,True
negotiate,30,0.05,1,41,conflict,R0,1,1,0,1,0,0,2079,34,89.55894700011413,True
negotiate,30,0.05,1,41,conflict,R0,1,1,0,1,0,0,2079,34,96.90784700069344,True
negotiate,30,0.05,1,41,conflict,R0,1,1,0,1,0,0,2079,34,182.11211400011962,True
negotiate,30,0.05,1,41,conflict,R0,1,1,0,1,0,0,2079,34,105.41757299870369,True
negotiate,30,0.05,1,41,conflict,R0,1,1,0,1,0,0,2079,34,107.06809399925987,True
negotiate,30,0.05,1,41,conflict,R0,1,1,0,1,0,0,2079,34,102.80888099987351,True
negotiate,30,0.05,1,41,conflict,R0,1,1,0,1,0,0,2079,34,96.25310999945214,True
negotiate,30,0.05,1,41,conflict,R0,1,1,0,1,0,0,2079,34,100.97164400031033,True
negotiate,30,0.05,1,41,conflict,R0,1,1,0,1,0,0,2079,34,185.66873900090286,True
negotiate,30,0.05,1,41,conflict,R0,1,1,0,1,0,0,2079,34,132.12886700057425,True
negotiate,30,0.05,1,41,conflict,R0,1,1,0,1,0,0,2079,34,92.86693399917567,True
negotiate,30,0.05,1,41,conflict,R0,1,1,0,1,0,0,2079,34,89.9553780000133,True
negotiate,30,0.05,1,41,conflict,R0,1,1,0,1,0,0,2079,34,94.36718699907942,True
negotiate,30,0.05,1,41,conflict,R0,1,1,0,1,0,0,2079,34,87.91699100038386,True
negotiate,30,0.05,1,41,conflict,R0,1,1,0,1,0,0,2079,34,88.56614300020738,True
negotiate,30,0.05,1,41,conflict,R0,1,1,0,1,0,0,2079,34,87.23341299992171,True
negotiate,30,0.05,1,41,conflict,R0,1,1,0,1,0,0,2079,34,87.68771199902403,True
negotiate,30,0.05,1,41,conflict,R0,1,1,0,1,0,0,2079,34,87.04169399970851,True
negotiate,30,0.05,1,41,conflict,R0,1,1,0,1,0,0,2079,34,87.66381999885198,True
negotiate,30,0.05,1,41,conflict,R0,1,1,0,1,0,0,2079,34,87.85832099965774,True
negotiate,30,0.05,1,41,conflict,R0,1,1,0,1,0,0,2079,34,88.55071800098813,True
negotiate,30,0.05,1,41,conflict,R0,1,1,0,1,0,0,2079,34,87.91116000065813,True
negotiate,30,0.05,1,41,conflict,R0,1,1,0,1,0,0,2079,34,89.43016299963347,True
negotiate,30,0.05,1,41,conflict,R0,1,1,0,1,0,0,2079,34,87.00005399987276,True
negotiate,30,0.05,1,41,conflict,R0,1,1,0,1,0,0,2079,34,90.12849500140874,True
negotiate,30,0.05,1,41,conflict,R0,1,1,0,1,0,0,2079,34,120.30944899925089,True
negotiate,30,0.05,1,41,conflict,R0,1,1,0,1,0,0,2079,34,98.02606099947297,True
negotiate,30,0.05,1,41,conflict,R0,1,1,0,1,0,0,2079,34,87.10503200018138,True
negotiate,30,0.05,1,41,conflict,R0,1,1,0,1,0,0,2079,34,86.25595999910729,True
negotiate,30,0.05,1,41,conflict,R0,1,1,0,1,0,0,2079,34,88.15609399971436,True
negotiate,30,0.05,1,41,conflict,R0,1,1,0,1,0,0,2079,34,94.32735999871511,True
negotiate,30,0.05,1,41,conflict,R0,1,1,0,1,0,0,2079,34,174.19852999955765,True
negotiate,30,0.05,1,41,conflict,R0,1,1,0,1,0,0,2079,34,124.90993599931244,True
negotiate,30,0.05,1,41,conflict,R0,1,1,0,1,0,0,2079,34,141.37535400004708,True
negotiate,30,0.05,1,41,conflict,R0,1,1,0,1,0,0,2079,34,142.8194430009171,True
negotiate,30,0.05,1,41,conflict,R0,1,1,0,1,0,0,2079,34,151.72786100083613,True
negotiate,30,0.05,1,41,conflict,R0,1,1,0,1,0,0,2079,34,125.41391600097995,True
negotiate,30,0.05,1,41,conflict,R0,1,1,0,1,0,0,2079,34,134.26793000144244,True
negotiate,30,0.05,1,41,conflict,R0,1,1,0,1,0,0,2079,34,134.8602710004343,True
negotiate,30,0.05,1,41,conflict,R0,1,1,0,1,0,0,2079,34,115.19513100029144,True
negotiate,30,0.05,1,41,conflict,R0,1,1,0,1,0,0,2079,34,103.67708400008269,True
negotiate,30,0.05,1,41,conflict,R0,1,1,0,1,0,0,2079,34,90.20587899976817,True
negotiate,30,0.05,1,41,conflict,R0,1,1,0,1,0,0,2079,34,93.92497100088804,True
negotiate,30,0.05,1,41,conflict,R0,1,1,0,1,0,0,2079,34,89.08550599880982,True
negotiate,30,0.05,1,41,conflict,R0,1,1,0,1,0,0,2079,34,87.6337469999271,True
negotiate,30,0.05,1,41,conflict,R0,1,1,0,1,0,0,2079,34,87.75767399856704,True
negotiate,30,0.05,1,41,conflict,R0,1,1,0,1,0,0,2079,34,91.58195599957253,True
negotiate,30,0.05,1,41,conflict,R0,1,1,0,1,0,0,2079,34,180.08235299930675,True
negotiate,30,0.05,1,41,conflict,R0,1,1,0,1,0,0,2079,34,169.3350069999724,True
negotiate,30,0.05,1,41,conflict,R0,1,1,0,1,0,0,2079,34,126.29081700106326,True
negotiate,30,0.05,1,41,conflict,R0,1,1,0,1,0,0,2079,34,89.84053399944969,True
negotiate,30,0.05,1,41,conflict,R0,1,1,0,1,0,0,2079,34,208.0551849994663,True
negotiate,30,0.05,1,41,conflict,R0,1,1,0,1,0,0,2079,34,87.82872499978112,True
negotiate,30,0.05,1,41,conflict,R0,1,1,0,1,0,0,2079,34,86.74401399912313,True
negotiate,30,0.05,1,41,conflict,R0,1,1,0,1,0,0,2079,34,83.38597900001332,True
negotiate,30,0.05,1,41,conflict,R0,1,1,0,1,0,0,2079,34,85.5840240001271,True
negotiate,30,0.05,1,41,conflict,R0,1,1,0,1,0,0,2079,34,90.4728140012594,True
negotiate,30,0.05,1,41,conflict,R0,1,1,0,1,0,0,2079,34,88.32102999986091,True
negotiate,30,0.05,1,41,conflict,R0,1,1,0,1,0,0,2079,34,81.45456200145418,True
negotiate,30,0.05,1,41,conflict,R0,1,1,0,1,0,0,2079,34,82.39235899964115,True
negotiate,30,0.05,1,41,conflict,R0,1,1,0,1,0,0,2079,34,89.04497000003175,True
negotiate,30,0.05,1,41,conflict,R0,1,1,0,1,0,0,2079,34,87.6028930015309,True
negotiate,30,0.05,1,41,conflict,R0,1,1,0,1,0,0,2079,34,163.98921600011818,True
negotiate,30,0.05,1,41,conflict,R0,1,1,0,1,0,0,2079,34,132.16865899994445,True
negotiate,30,0.05,1,41,conflict,R0,1,1,0,1,0,0,2079,34,198.7234999996872,True
negotiate,30,0.05,1,41,conflict,R0,1,1,0,1,0,0,2079,34,184.64117699841154,True
negotiate,30,0.05,1,41,conflict,R0,1,1,0,1,0,0,2079,34,348.07716800060007,True
negotiate,30,0.05,1,41,conflict,R0,1,1,0,1,0,0,2079,34,95.04431800087332,True
negotiate,30,0.05,1,41,conflict,R0,1,1,0,1,0,0,2079,34,273.6796260014671,True
negotiate,30,0.05,1,41,conflict,R0,1,1,0,1,0,0,2079,34,218.63728300013463,True
negotiate,30,0.05,1,41,conflict,R0,1,1,0,1,0,0,2079,34,131.94133500110183,True
negotiate,30,0.05,1,41,conflict,R0,1,1,0,1,0,0,2079,34,177.62856899935286,True
negotiate,30,0.05,1,41,conflict,R0,1,1,0,1,0,0,2079,34,190.29813799897966,True
negotiate,30,0.05,1,41,conflict,R0,1,1,0,1,0,0,2079,34,97.81779799959622,True
negotiate,30,0.05,1,41,conflict,R0,1,1,0,1,0,0,2079,34,79.99552900037088,True
negotiate,30,0.05,1,41,conflict,R0,1,1,0,1,0,0,2079,34,83.47143399987544,True
negotiate,30,0.05,1,41,conflict,R0,1,1,0,1,0,0,2079,34,78.63431500118168,True
negotiate,30,0.05,1,41,conflict,R0,1,1,0,1,0,0,2079,34,73.77222600007372,True
negotiate,30,0.05,1,41,conflict,R0,1,1,0,1,0,0,2079,34,77.19809499940311,True
negotiate,30,0.05,1,41,conflict,R0,1,1,0,1,0,0,2079,34,77.98679000006814,True
negotiate,30,0.05,1,41,conflict,R0,1,1,0,1,0,0,2079,34,103.69868700036022,True
negotiate,30,0.05,1,41,conflict,R0,1,1,0,1,0,0,2079,34,113.52178700144577,True
negotiate,30,0.05,1,41,conflict,R0,1,1,0,1,0,0,2079,34,117.42593999952078,True
negotiate,30,0.05,1,41,conflict,R0,1,1,0,1,0,0,2079,34,113.04195999946387,True
negotiate,30,0.05,1,41,conflict,R0,1,1,0,1,0,0,2079,34,108.06329400111281,True
negotiate,30,0.05,1,41,conflict,R0,1,1,0,1,0,0,2079,34,154.3645519996062,True
negotiate,30,0.05,1,41,conflict,R0,1,1,0,1,0,0,2079,34,115.64301399994292,True
negotiate,30,0.05,1,41,conflict,R0,1,1,0,1,0,0,2079,34,250.6565319999936,True
negotiate,30,0.05,1,41,conflict,R0,1,1,0,1,0,0,2079,34,219.62781500042183,True
negotiate,30,0.05,1,41,conflict,R0,1,1,0,1,0,0,2079,34,129.57845100027043,True
negotiate,30,0.05,1,41,conflict,R0,1,1,0,1,0,0,2079,34,109.57280900038313,True
negotiate,30,0.05,1,41,conflict,R0,1,1,0,1,0,0,2079,34,244.33857499934675,True
negotiate,30,0.05,1,41,conflict,R0,1,1,0,1,0,0,2079,34,230.35058200002823,True
negotiate,30,0.05,1,41,conflict,R0,1,1,0,1,0,0,2079,34,179.54440799985605,True
negotiate,30,0.05,1,41,conflict,R0,1,1,0,1,0,0,2079,34,256.8064000006416,True
negotiate,30,0.05,1,41,conflict,R0,1,1,0,1,0,0,2079,34,244.34526799996092,True
negotiate,30,0.05,1,41,conflict,R0,1,1,0,1,0,0,2079,34,125.33297399932053,True
negotiate,30,0.05,1,41,conflict,R0,1,1,0,1,0,0,2079,34,124.84309900173685,True
negotiate,30,0.05,1,41,conflict,R0,1,1,0,1,0,0,2079,34,121.4876699996239,True
negotiate,30,0.05,1,41,conflict,R0,1,1,0,1,0,0,2079,34,124.08471100025054,True
negotiate,30,0.05,1,41,conflict,R0,1,1,0,1,0,0,2079,34,166.6262269991421,True
negotiate,30,0.05,1,41,conflict,R0,1,1,0,1,0,0,2079,34,205.0754470001266,True
negotiate,30,0.05,1,41,conflict,R0,1,1,0,1,0,0,2079,34,126.06967300052929,True
negotiate,30,0.05,1,41,conflict,R0,1,1,0,1,0,0,2079,34,146.75310500024352,True
negotiate,30,0.05,1,41,conflict,R0,1,1,0,1,0,0,2079,34,137.5720989999536,True
negotiate,30,0.05,1,41,conflict,R0,1,1,0,1,0,0,2079,34,334.6491980009887,True
negotiate,30,0.05,1,41,conflict,R0,1,1,0,1,0,0,2079,34,171.6564539983665,True
negotiate,30,0.05,1,41,conflict,R0,1,1,0,1,0,0,2079,34,126.03734000003897,True
negotiate,30,0.05,1,41,conflict,R0,1,1,0,1,0,0,2079,34,150.8620169988717,True
negotiate,30,0.05,1,41,conflict,R0,1,1,0,1,0,0,2079,34,129.4823019998148,True
negotiate,30,0.05,1,41,conflict,R0,1,1,0,1,0,0,2079,34,128.20655300129147,True
negotiate,30,0.05,1,41,conflict,R0,1,1,0,1,0,0,2079,34,153.7793990009959,True
negotiate,30,0.05,1,41,conflict,R0,1,1,0,1,0,0,2079,34,107.21973100044124,True
negotiate,30,0.05,1,41,conflict,R0,1,1,0,1,0,0,2079,34,131.39947400122765,True
negotiate,30,0.05,1,41,conflict,R0,1,1,0,1,0,0,2079,34,123.91469000067445,True
negotiate,30,0.05,1,41,conflict,R0,1,1,0,1,0,0,2079,34,138.41737599977932,True
negotiate,30,0.05,1,41,conflict,R0,1,1,0,1,0,0,2079,34,171.28389900062757,True
negotiate,30,0.05,1,41,conflict,R0,1,1,0,1,0,0,2079,34,166.80069100038963,True
negotiate,30,0.05,1,41,conflict,R0,1,1,0,1,0,0,2079,34,129.53554699925007,True
negotiate,30,0.05,1,41,conflict,R0,1,1,0,1,0,0,2079,34,143.3949299989763,True
negotiate,30,0.05,1,41,conflict,R0,1,1,0,1,0,0,2079,34,161.318738000773,True
negotiate,30,0.05,1,41,conflict,R0,1,1,0,1,0,0,2079,34,135.48252700093144,True
negotiate,30,0.05,1,41,conflict,R0,1,1,0,1,0,0,2079,34,106.5937089988438,True
negotiate,30,0.05,1,41,conflict,R0,1,1,0,1,0,0,2079,34,135.14158799989673,True
negotiate,30,0.05,1,41,conflict,R0,1,1,0,1,0,0,2079,34,131.66158800049743,True
negotiate,30,0.05,1,41,conflict,R0,1,1,0,1,0,0,2079,34,154.88564499901258,True
negotiate,30,0.05,1,41,conflict,R0,1,1,0,1,0,0,2079,34,214.81970199965872,True
negotiate,30,0.05,1,41,conflict,R0,1,1,0,1,0,0,2079,34,250.92732600023737,True
negotiate,30,0.05,1,41,conflict,R0,1,1,0,1,0,0,2079,34,292.5696190013696,True
negotiate,30,0.05,1,41,conflict,R0,1,1,0,1,0,0,2079,34,336.7392630007089,True
negotiate,30,0.05,1,41,conflict,R0,1,1,0,1,0,0,2079,34,339.4507129996782,True
negotiate,30,0.05,1,41,conflict,R0,1,1,0,1,0,0,2079,34,299.92334700000356,True
negotiate,30,0.05,1,41,conflict,R0,1,1,0,1,0,0,2079,34,335.6147960003,True
negotiate,30,0.05,1,41,conflict,R0,1,1,0,1,0,0,2079,34,195.61890300064988,True
negotiate,30,0.05,1,41,conflict,R0,1,1,0,1,0,0,2079,34,160.64406000077724,True
negotiate,30,0.05,1,41,conflict,R0,1,1,0,1,0,0,2079,34,199.17569700010063,True
negotiate,30,0.05,1,41,conflict,R0,1,1,0,1,0,0,2079,34,187.7671319998626,True
negotiate,30,0.05,1,41,conflict,R0,1,1,0,1,0,0,2079,34,284.40093000062916,True
negotiate,30,0.05,1,41,conflict,R0,1,1,0,1,0,0,2079,34,290.1945699995849,True
negotiate,30,0.05,1,41,conflict,R0,1,1,0,1,0,0,2079,34,210.37041700037662,True
negotiate,30,0.05,1,41,conflict,R0,1,1,0,1,0,0,2079,34,229.21190400120395,True
negotiate,30,0.05,1,41,conflict,R0,1,1,0,1,0,0,2079,34,129.37364999925194,True
negotiate,30,0.05,1,41,conflict,R0,1,1,0,1,0,0,2079,34,120.5432019996806,True
negotiate,30,0.05,1,41,emergency,R2,8,8,0,8,151,0,10187,70,417.86914500153216,True
negotiate,30,0.05,1,46,blockage,R1,1,1,0,1,0,0,388,14,32.71315099846106,True
negotiate,30,0.05,1,50,blockage,R0,1,1,0,1,0,0,673,10,51.53944699850399,True
negotiate,30,0.05,1,52,accident,R2,1,1,0,1,17,0,11861,19,885.3466140008095,True
negotiate,30,0.05,1,56,blockage,R1,4,4,0,4,0,0,2083,27,120.38623800071946,True
negotiate,30,0.05,1,57,accident,R2,1,1,0,1,16,0,538,10,115.40465199868777,True
negotiate,30,0.05,1,61,blockage,R1,4,4,1,5,1,0,1664,33,98.24525399926642,True
negotiate,30,0.05,2,5,accident,R1,2,2,0,2,8,0,1812,21,108.09379200145486,True
negotiate,30,0.05,2,7,emergency,R2,3,3,0,3,99,0,27310,30,1106.5280789989629,True
negotiate,30,0.05,2,18,blockage,R1,2,3,0,3,1,0,2112,28,191.25975300084974,True
negotiate,30,0.05,2,23,blockage,R1,1,1,0,1,0,0,298,14,130.19071000053373,True
negotiate,30,0.05,2,24,emergency,R2,2,2,0,2,72,0,1950,23,221.659646000262,True
negotiate,30,0.05,2,35,blockage,R0,1,1,0,1,0,0,488,10,68.51283200012404,True
negotiate,30,0.05,2,40,accident,R2,4,4,0,4,13,0,2814,39,320.38433700108726,True
negotiate,30,0.05,2,47,blockage,R1,3,4,0,4,1,0,2096,38,96.73396500147646,True
negotiate,30,0.05,2,50,blockage,R1,2,3,0,3,1,0,1986,26,97.48679000040283,True
negotiate,30,0.05,2,67,blockage,R1,6,6,0,6,11,0,1678,39,254.32577999890782,True
negotiate,30,0.05,2,78,blockage,R1,3,3,0,3,0,0,23805,19,1461.0838730004616,True
negotiate,30,0.05,2,90,blockage,R1,2,2,0,2,1,0,360,9,71.8742419994669,True
negotiate,30,0.05,4,5,emergency,R1,2,3,0,3,0,0,6883,30,706.3201300006767,True
negotiate,30,0.05,4,10,blockage,R1,2,3,0,3,2,0,7134,36,383.9244390001113,True
negotiate,30,0.05,4,23,blockage,R1,2,2,0,2,7,0,1099,21,67.67298199883953,True
negotiate,30,0.05,4,30,conflict,R1,10,10,0,10,8,0,9614,77,675.4293100002542,True
negotiate,30,0.05,4,31,accident,R2,9,9,0,9,22,0,3343,63,436.61932500072,True
negotiate,30,0.05,4,37,blockage,R1,6,7,0,7,16,0,3512,63,245.2988719996938,True
negotiate,30,0.05,4,38,emergency,R2,7,7,0,7,60,0,3367,64,173.92631200164033,True
negotiate,30,0.05,4,40,blockage,R1,2,2,0,2,4,0,1338,17,75.24048199957178,True
negotiate,30,0.05,4,51,accident,R2,1,1,0,1,13,0,1608,15,88.97914800036233,True
negotiate,30,0.05,4,61,blockage,R2,10,11,0,11,20,0,11200,63,452.7815590008686,True
negotiate,30,0.05,4,68,blockage,R1,7,7,0,7,10,0,1808,34,133.72588499987614,True
negotiate,30,0.05,4,80,blockage,R1,9,9,0,9,15,0,2813,57,149.51589799966314,True
negotiate,30,0.05,5,7,blockage,R1,3,5,0,5,4,0,2795,42,256.4660019997973,True
negotiate,30,0.05,5,9,emergency,R2,2,2,0,2,42,0,2062,30,206.5985860008368,True
negotiate,30,0.05,5,20,accident,R2,3,3,0,3,15,0,1254,28,218.0440100000851,True
negotiate,30,0.05,5,21,blockage,R2,4,4,0,4,19,0,2997,42,416.4766449994204,True
negotiate,30,0.05,5,24,blockage,R1,1,1,0,1,3,0,1248,14,161.58206000000064,True
negotiate,30,0.05,5,33,blockage,R1,2,2,0,2,0,0,1547,17,145.35443199929432,True
negotiate,30,0.05,5,36,emergency,R2,1,1,0,1,21,0,810,12,107.63933300040662,True
negotiate,30,0.05,5,48,accident,R2,6,6,0,6,28,0,2567,43,425.0196200009668,True
negotiate,30,0.05,5,57,blockage,R1,11,11,0,11,22,0,5616,70,464.97389700016356,True
negotiate,30,0.05,5,62,blockage,R1,2,2,0,2,0,0,913,17,81.57391300119343,True
negotiate,30,0.05,5,64,blockage,R1,6,7,0,7,6,0,6494,46,573.6181529991882,True
negotiate,30,0.05,5,66,blockage,R1,3,3,0,3,1,0,1342,24,118.10750999939046,True
negotiate,30,0.05,5,68,blockage,R1,3,3,0,3,2,0,1799,25,127.51467199996114,True
negotiate,30,0.05,5,70,conflict,R1,1,2,0,2,1,0,363,11,48.551926000072854,True
negotiate,30,0.05,5,76,blockage,R1,3,4,0,4,1,0,1998,26,177.9377540005953,True
negotiate,30,0.05,6,6,blockage,R1,5,6,0,6,6,0,6832,70,455.6539019995398,True
negotiate,30,0.05,6,8,blockage,R1,3,5,0,5,4,0,7344,42,432.6210400013224,True
negotiate,30,0.05,6,18,emergency,R2,2,2,0,2,52,0,2613,30,148.07735300018976,True
negotiate,30,0.05,6,39,blockage,R2,3,5,0,5,14,0,2789,47,308.8385749997542,True
negotiate,30,0.05,6,41,blockage,R0,1,1,0,1,0,0,321,10,33.84048800035089,True
negotiate,30,0.05,6,46,accident,R2,2,2,0,2,20,0,1174,13,69.5859190000192,True
negotiate,30,0.05,6,47,accident,R2,4,4,0,4,14,0,2491,31,178.08029299885675,True
negotiate,30,0.05,6,49,emergency,R2,2,2,0,2,30,0,534,17,41.61594299876015,True
negotiate,30,0.05,6,52,blockage,R1,2,2,0,2,5,0,1206,22,58.31612699876132,True
negotiate,30,0.05,6,61,blockage,R2,2,2,0,2,11,0,1584,15,70.0671840004361,True
negotiate,30,0.05,6,77,conflict,R1,7,7,0,7,1,0,2251,35,112.71283300084178,True
negotiate,30,0.05,6,78,conflict,R1,6,6,0,6,1,0,1961,32,120.65757699929236,True
negotiate,30,0.05,6,79,blockage,R1,10,11,0,11,27,0,3968,62,264.766389000215,True
negotiate,30,0.05,6,82,blockage,R1,6,6,0,6,1,0,8916,31,393.0221540013008,True
negotiate,30,0.05,6,87,blockage,R1,7,7,0,7,20,0,2357,39,103.05660400081251,True
negotiate,30,0.05,6,90,blockage,R1,2,2,0,2,1,0,1518,16,81.22536600058083,True
negotiate,30,0.05,6,100,blockage,R1,1,1,0,1,1,0,552,6,73.75679799952195,True
negotiate,30,0.05,7,2,emergency,R2,3,3,0,3,35,0,3423,30,553.5340779988474,True
negotiate,30,0.05,7,6,conflict,R1,2,2,0,2,6,0,1007,21,253.20617999932438,True
negotiate,30,0.05,7,12,blockage,R2,3,3,0,3,22,0,3743,43,291.4526870008558,True
negotiate,30,0.05,7,27,blockage,R2,3,3,0,3,44,0,16212,31,947.1532460011076,True
negotiate,30,0.05,7,28,breakdown+emergency,R4,8,8,0,8,74,0,2435445,71,129633.49003400072,False
negotiate,30,0.05,7,30,blockage,R4,2,2,0,2,0,0,3211722,32,172057.45192700124,False
negotiate,30,0.05,7,35,blockage,R2,10,10,0,10,65,0,4362,76,354.8672609995265,True
negotiate,30,0.05,7,45,accident,R2,1,1,0,1,11,0,680,10,123.24237100074242,True
negotiate,30,0.05,7,45,conflict,R2,4,6,0,6,54,0,6016,44,294.90641899974435,True
negotiate,30,0.05,7,67,blockage,R1,2,2,0,2,6,0,684,15,56.111496000085026,True
negotiate,30,0.05,7,92,blockage,R1,3,4,0,4,9,0,726,18,65.83050600056595,True
negotiate,30,0.05,8,18,emergency,R2,2,2,0,2,18,0,1318,23,111.27121100071236,True
negotiate,30,0.05,8,35,emergency,R2,3,3,0,3,37,0,7518,24,378.18238900035794,True
negotiate,30,0.05,8,50,accident,R2,9,9,0,9,37,0,3774,52,343.85614299935696,True
negotiate,30,0.05,8,53,blockage,R1,2,2,0,2,3,0,2177,26,143.61303099940415,True
negotiate,30,0.05,8,55,blockage,R2,4,5,0,5,15,0,1404,28,160.2774919992953,True
negotiate,30,0.05,8,60,accident,R1,1,1,0,1,0,0,556,6,58.868268999503925,True
negotiate,30,0.05,8,79,blockage,R1,6,6,0,6,4,0,1337,37,126.60285899983137,True
negotiate,30,0.05,8,88,blockage,R1,5,5,0,5,16,0,1354,26,135.87087900123151,True
self_only,5,0.05,0,22,emergency,R2,1,1,0,1,51,0,482,8,50.33722199914337,True
self_only,5,0.05,0,23,emergency,R2,1,1,0,1,20,0,382,8,44.230855999558116,True
self_only,5,0.05,0,26,blockage,R1,1,1,0,1,1,0,133,7,32.91357900161529,True
self_only,5,0.05,0,30,accident,R2,1,1,0,1,11,0,130,7,11.512057999425451,True
self_only,5,0.05,0,48,breakdown,R4,2,2,0,2,103,0,966,23,5487.833193001279,True
self_only,5,0.05,0,109,conflict,R2,2,2,0,2,128,0,636,6,44.82889700011583,True
self_only,5,0.05,1,5,emergency,R2,1,1,0,1,92,0,816,8,64.73242100037169,True
self_only,5,0.05,1,24,accident,R2,1,1,0,1,14,0,119,7,27.402448000430013,True
self_only,5,0.05,1,45,emergency,R2,1,1,0,1,68,0,996,6,79.94142200004717,True
self_only,5,0.05,1,49,breakdown,R4,1,1,0,1,0,0,0,0,88.27269799985515,False
self_only,5,0.05,2,10,emergency,R2,1,1,0,1,42,0,512,8,67.41490099921066,True
self_only,5,0.05,2,27,accident,R1,1,1,0,1,7,0,167,7,33.93070899983286,True
self_only,5,0.05,2,28,conflict,R1,1,1,0,1,1,0,409,7,50.23144500046328,True
self_only,5,0.05,2,29,conflict,R1,2,2,0,2,4,0,272,14,38.39328399953956,True
self_only,5,0.05,2,30,emergency,R2,1,1,0,1,72,0,742,8,42.514831000517006,True
self_only,5,0.05,2,32,accident,R1,1,1,0,1,7,0,114,7,7.384224998531863,True
self_only,5,0.05,3,8,accident,R2,1,1,0,1,13,0,381,7,113.4882110000035,True
self_only,5,0.05,3,11,emergency,R2,1,1,0,1,61,0,300,8,47.10353699920233,True
self_only,5,0.05,3,17,accident,R1,1,1,0,1,8,0,337,7,44.91960700033815,True
self_only,5,0.05,3,38,emergency,R2,1,1,0,1,84,0,568,8,54.70585100010794,True
self_only,5,0.05,4,19,blockage,R1,1,1,0,1,8,0,651,7,57.1504029994685,True
self_only,5,0.05,4,35,emergency,R2,1,1,0,1,64,0,591,8,62.07206299950485,True
self_only,5,0.05,4,44,emergency,R2,1,1,0,1,66,0,739,6,35.743794000154594,True
self_only,5,0.05,4,49,accident,R1,1,1,0,1,4,0,322,5,31.64142800051195,True
self_only,5,0.05,4,61,accident,R2,1,1,0,1,16,0,390,5,32.06836000026669,True
self_only,5,0.05,5,11,accident,R2,1,1,0,1,12,0,615,7,54.69708700002229,True
self_only,5,0.05,5,20,emergency,R2,1,1,0,1,75,0,735,6,59.05886500113411,True
self_only,5,0.05,5,35,emergency,R2,1,1,0,1,106,0,1020,8,67.50609899972915,True
self_only,5,0.05,5,42,breakdown,R4,1,1,0,1,0,0,833096,6,40145.46428799986,False
self_only,5,0.05,5,55,conflict,R1,2,2,0,2,2,0,833,15,125.27715999931388,True
self_only,5,0.05,5,56,conflict,R2,2,2,0,2,93,0,833,15,72.65070699941134,True
self_only,5,0.05,6,1,blockage,R1,1,1,0,1,0,0,263,7,37.03919500003394,True
self_only,5,0.05,6,3,accident,R2,1,1,0,1,14,0,344,7,39.33753599994816,True
self_only,5,0.05,6,27,emergency,R2,1,1,0,1,53,0,296,8,47.90703999969992,True
self_only,5,0.05,6,40,emergency,R2,1,1,0,1,27,0,382,6,55.06772000080673,True
self_only,5,0.05,6,45,accident,R2,1,1,0,1,15,0,164,7,43.44587899868202,True
self_only,5,0.05,6,78,blockage,R0,1,1,0,1,0,0,296,6,23.809487998732948,True
self_only,5,0.05,7,8,emergency,R2,1,1,0,1,48,0,853,8,103.92117700030212,True
self_only,5,0.05,7,15,emergency,R2,1,1,0,1,42,0,691,8,67.67171200044686,True
self_only,5,0.05,7,17,blockage,R1,2,2,0,2,1,0,991,15,174.70819899972412,True
self_only,5,0.05,7,19,accident,R1,1,1,0,1,6,0,212,7,84.08828299980087,True
self_only,5,0.05,7,33,accident,R2,1,1,0,1,9,0,346,7,27.563051000470296,True
self_only,5,0.05,7,41,blockage,R1,1,1,0,1,1,0,150,7,19.645154001409537,True
self_only,5,0.05,7,54,blockage,R1,1,1,0,1,1,0,320,7,25.173747999360785,True
self_only,5,0.05,7,64,blockage,R1,1,1,0,1,3,0,109,5,57.23831900104415,True
self_only,5,0.05,8,2,emergency,R2,1,1,0,1,46,0,316,8,47.523769999315846,True
self_only,5,0.05,8,3,accident,R2,1,1,0,1,10,0,317,7,43.35042400089151,True
self_only,5,0.05,8,13,emergency,R2,1,1,0,1,36,0,521,8,45.93496000052255,True
self_only,5,0.05,8,56,accident,R2,1,1,0,1,13,0,645,5,38.60548600096081,True
self_only,5,0.05,8,62,blockage,R1,1,1,0,1,1,0,177,7,30.065488999753143,True
self_only,5,0.05,9,8,accident,R1,1,1,0,1,7,0,403,7,30.21647599962307,True
self_only,5,0.05,9,15,accident,R2,1,1,0,1,9,0,318,7,33.17468200111762,True
self_only,5,0.05,9,18,emergency,R2,1,1,0,1,28,0,210,8,31.115494999539806,True
self_only,5,0.05,9,33,emergency,R2,1,1,0,1,62,0,293,8,38.80955899876426,True
self_only,5,0.05,9,67,blockage,R1,1,1,0,1,1,0,146,7,10.17798899920308,True
self_only,10,0.05,0,2,accident,R1,1,1,0,1,1,0,439,7,53.56722000033187,True
self_only,10,0.05,0,15,blockage,R1,1,1,0,1,2,0,170,7,35.27003999988665,True
self_only,10,0.05,0,16,emergency,R2,1,1,0,1,64,0,457,8,47.93379200054915,True
self_only,10,0.05,0,17,breakdown,R4,1,1,0,1,0,0,0,0,30.548604001523927,False
self_only,10,0.05,0,19,blockage,R1,1,1,0,1,2,0,335,7,52.187577999575296,True
self_only,10,0.05,0,28,conflict,R1,2,2,0,2,1,0,451,12,29.107471998941037,True
self_only,10,0.05,0,29,conflict,R2,2,2,0,2,71,0,427,12,78.01698699950066,True
self_only,10,0.05,0,30,emergency,R2,1,1,0,1,46,0,476,8,36.15658200033067,True
self_only,10,0.05,0,49,blockage,R1,1,1,0,1,0,0,409,7,25.115334001384326,True
self_only,10,0.05,0,58,blockage,R0,1,1,0,1,1,0,101,5,10.123154999746475,True
self_only,10,0.05,0,65,conflict,R1,1,1,0,1,3,0,281,5,32.535264999751234,True
self_only,10,0.05,0,81,blockage,R1,1,1,0,1,0,0,147,5,35.10835399902135,True
self_only,10,0.05,1,6,emergency,R2,1,1,0,1,27,0,406,8,47.812232998694526,True
self_only,10,0.05,1,16,blockage,R1,1,1,0,1,0,0,25397,7,1540.620519001095,True
self_only,10,0.05,1,26,blockage,R1,1,1,0,1,3,0,373,7,39.32450100001006,True
self_only,10,0.05,1,30,emergency,R2,1,1,0,1,75,0,1130,8,89.57350899981975,True
self_only,10,0.05,1,34,blockage,R1,1,1,0,1,3,0,536,7,52.602302999730455,True
self_only,10,0.05,1,39,breakdown,R4,1,1,0,1,0,0,408955,1,22155.45264100001,False
self_only,10,0.05,1,39,conflict,R2,2,2,0,2,99,0,1205,14,50.91785999866261,True
self_only,10,0.05,1,44,blockage,R1,1,1,0,1,2,0,268,5,23.212525999042555,True
self_only,10,0.05,1,56,accident,R2,1,1,0,1,17,0,202,7,25.614301001041895,True
self_only,10,0.05,1,71,blockage,R1,1,1,0,1,0,0,1090,7,45.447278000210645,True
self_only,10,0.05,1,96,blockage,R1,1,1,0,1,1,0,860,7,37.426168000820326,True
self_only,10,0.05,1,99,blockage,R0,1,1,0,1,0,0,47,1,8.945505000156118,True
self_only,10,0.05,1,103,blockage,R1,1,1,0,1,3,0,331,3,28.73645799991209,True
self_only,10,0.05,2,6,emergency,R2,1,1,0,1,24,0,250,8,31.71663700049976,True
self_only,10,0.05,2,12,accident,R2,1,1,0,1,14,0,212,5,23.667024999667774,True
self_only,10,0.05,2,14,emergency,R2,1,1,0,1,47,0,616,8,54.62593100128288,True
self_only,10,0.05,2,25,accident,R2,1,1,0,1,18,0,331,7,43.532036999749835,True
self_only,10,0.05,2,54,blockage,R1,1,1,0,1,2,0,264,7,35.66194999984873,True
self_only,10,0.05,2,62,blockage,R1,1,1,0,1,0,0,273,5,26.127004000954912,True
self_only,10,0.05,2,67,blockage,R1,1,1,0,1,3,0,165,5,18.458812000972102,True
self_only,10,0.05,3,11,emergency,R2,1,1,0,1,54,0,338,8,42.92725500090455,True
self_only,10,0.05,3,14,breakdown,R4,1,1,0,1,0,0,0,0,32.44300999904226,False
self_only,10,0.05,3,29,emergency,R2,1,1,0,1,42,0,456,6,38.48121199916932,True
self_only,10,0.05,3,39,blockage,R1,1,1,0,1,2,0,210,5,29.66085800107976,True
self_only,10,0.05,3,41,blockage,R1,1,1,0,1,5,0,211,7,26.972081999701913,True
self_only,10,0.05,3,46,blockage+breakdown,R4,2,2,0,2,1,0,821974,7,40081.70572000017,False
self_only,10,0.05,3,65,blockage,R2,1,1,0,1,24,0,202,5,17.829213000368327,True
self_only,10,0.05,3,121,conflict,R2,2,2,0,2,231,0,424,8,34.69406899966998,True
self_only,10,0.05,4,31,blockage+emergency,R2,1,1,0,1,64,0,724,8,62.45485900035419,True
self_only,10,0.05,4,37,accident,R2,1,1,0,1,13,0,331,5,71.28285799990408,True
self_only,10,0.05,4,38,blockage+emergency,R2,2,2,0,2,52,0,398,13,53.323933001593105,True
self_only,10,0.05,4,39,blockage,R1,1,1,0,1,0,0,275,7,23.099297999578994,True
self_only,10,0.05,4,39,conflict,R1,2,2,0,2,10,0,772,12,42.333577999670524,True
self_only,10,0.05,4,48,accident,R2,1,1,0,1,16,0,505,7,25.767383000129485,True
self_only,10,0.05,4,57,blockage,R1,1,1,0,1,0,0,289,5,16.662800999256433,True
self_only,10,0.05,5,9,emergency,R2,1,1,0,1,37,0,335,8,78.53425499888544,True
self_only,10,0.05,5,24,blockage,R0,1,1,0,1,0,0,311,8,23.655957000300987,True
self_only,10,0.05,5,26,emergency,R1,1,1,0,1,0,0,19031,8,640.8815450013208,True
self_only,10,0.05,5,33,blockage,R0,1,1,0,1,0,0,292,8,23.18298499994853,True
self_only,10,0.05,5,42,breakdown,R4,2,2,0,2,53,0,658,23,333.68018200053484,True
self_only,10,0.05,5,61,blockage,R1,1,1,0,1,3,0,91,5,42.10263000095438,True
self_only,10,0.05,5,73,accident,R0,1,1,0,1,8,0,76,5,35.4703459997836,True
self_only,10,0.05,5,77,conflict,R2,2,2,0,2,80,0,73419,8,2578.054161000182,True
self_only,10,0.05,5,86,blockage,R1,1,1,0,1,6,0,146,3,20.5058449992066,True
self_only,10,0.05,5,95,blockage,R1,1,1,0,1,0,0,198,3,17.82750600068539,True
self_only,10,0.05,6,2,blockage,R1,1,1,0,1,8,0,475,7,68.74653900013072,True
self_only,10,0.05,6,27,blockage,R1,1,1,0,1,3,0,539,7,60.63147100030619,True
self_only,10,0.05,6,33,emergency,R1,1,1,0,1,0,0,5515,6,223.05140599928563,True
self_only,10,0.05,6,40,accident,R2,1,1,0,1,14,0,244,7,46.82891899938113,True
self_only,10,0.05,6,46,emergency,R2,1,1,0,1,70,0,744,8,40.883095000026515,True
self_only,10,0.05,6,58,blockage,R1,1,1,0,1,3,0,224,7,38.968517999819596,True
self_only,10,0.05,6,62,blockage,R1,1,1,0,1,3,0,327,7,42.21379299997352,True
self_only,10,0.05,6,64,accident,R1,1,1,0,1,0,0,3534,5,172.91413800012378,True
self_only,10,0.05,7,5,breakdown,R4,3,3,0,3,103,0,2294,81,9038.988899999822,True
self_only,10,0.05,7,7,accident,R2,1,1,0,1,10,0,201,7,35.60388400001102,True
self_only,10,0.05,7,27,emergency,R2,1,1,0,1,46,0,352,6,46.680433999426896,True
self_only,10,0.05,7,33,emergency,R2,1,1,0,1,52,0,470,8,52.36280999997689,True
self_only,10,0.05,7,50,conflict,R2,2,2,0,2,146,0,827,12,69.97468199915602,True
self_only,10,0.05,7,54,blockage,R1,1,1,0,1,0,0,64,5,22.887477000040235,True
self_only,10,0.05,8,2,accident,R2,1,1,0,1,11,0,327,7,59.49096900076256,True
self_only,10,0.05,8,5,conflict,R1,2,2,0,2,0,0,594,14,66.93092699970293,True
self_only,10,0.05,8,10,emergency,R2,1,1,0,1,17,0,310,8,56.71907000032661,True
self_only,10,0.05,8,25,blockage,R1,1,1,0,1,6,0,218,7,68.68940499953169,True
self_only,10,0.05,8,29,emergency,R2,1,1,0,1,53,0,578,8,66.29522500043095,True
self_only,10,0.05,8,42,accident,R2,1,1,0,1,12,0,185,5,38.59631699924648,True
self_only,10,0.05,8,47,conflict,R1,2,2,0,2,6,0,462,10,94.52903800047352,True
self_only,10,0.05,9,19,emergency,R2,1,1,0,1,30,0,308,8,37.5933499999519,True
self_only,10,0.05,9,24,emergency,R2,1,1,0,1,33,0,329,8,36.670093999418896,True
self_only,10,0.05,9,27,accident,R2,1,1,0,1,12,0,260,7,43.982150998999714,True
self_only,10,0.05,9,29,blockage,R1,1,1,0,1,0,0,301,8,21.371389000705676,True
self_only,10,0.05,9,32,conflict,R1,2,2,0,2,5,0,464,14,51.501436999387806,True
self_only,10,0.05,9,46,accident,R1,1,1,0,1,8,0,266,7,40.30901400074072,True
self_only,10,0.05,9,48,blockage,R0,1,1,0,1,0,0,266,7,14.439517000937485,True
self_only,10,0.05,9,67,blockage,R0,1,1,0,1,0,0,233,5,15.43815600052767,True
self_only,20,0.05,0,24,emergency,R2,1,1,0,1,64,0,811,8,130.28728700010106,True
self_only,20,0.05,0,25,emergency,R2,1,1,0,1,34,0,281,8,49.29337699832104,True
self_only,20,0.05,0,30,blockage,R1,1,1,0,1,0,0,151,7,51.702675000342424,True
self_only,20,0.05,0,33,accident,R2,1,1,0,1,17,0,207,7,28.15386799920816,True
self_only,20,0.05,0,38,blockage,R1,1,1,0,1,5,0,502,5,62.749079001150676,True
self_only,20,0.05,0,50,blockage,R1,1,1,0,1,3,0,87,5,40.079070000501815,True
self_only,20,0.05,0,52,breakdown,R4,1,1,0,1,0,0,1629786,17,78570.00216600136,False
self_only,20,0.05,0,54,blockage,R1,1,1,0,1,4,0,330,5,48.815954998644884,True
self_only,20,0.05,0,57,conflict,R2,2,2,0,2,91,0,364,12,51.430530000288854,True
self_only,20,0.05,0,67,blockage,R0,1,1,0,1,0,0,45,3,17.88975700037554,True
self_only,20,0.05,0,77,blockage,R1,1,1,0,1,2,0,94,3,50.86044499876152,True
self_only,20,0.05,2,9,accident,R2,1,1,0,1,15,0,424,7,60.26850799935346,True
self_only,20,0.05,2,10,accident,R1,1,1,0,1,7,0,473,7,61.5796540005249,True
self_only,20,0.05,2,16,emergency,R2,1,1,0,1,74,0,789,8,71.1084739996295,True
self_only,20,0.05,2,19,blockage,R0,1,1,0,1,0,0,756,8,57.272290001492365,True
self_only,20,0.05,2,22,emergency,R2,1,1,0,1,54,0,739,8,86.31573200000275,True
self_only,20,0.05,2,28,conflict,R1,1,1,0,1,0,0,154,7,36.34498200153757,True
self_only,20,0.05,2,44,blockage,R1,1,1,0,1,0,0,262,7,27.83790400098951,True
self_only,20,0.05,2,44,conflict,R1,2,2,0,2,7,0,771,14,171.97285199836188,True
self_only,20,0.05,2,51,blockage,R1,1,1,0,1,2,0,189,5,79.00366799913172,True
self_only,20,0.05,2,55,conflict,R1,1,1,0,1,2,0,373,5,101.86174199952802,True
self_only,20,0.05,2,61,blockage,R1,3,3,0,3,5,0,1066,19,217.44439499889268,True
self_only,20,0.05,2,62,conflict,R1,2,2,0,2,0,0,707,10,70.24831999842718,True
self_only,20,0.05,2,63,blockage,R1,1,1,0,1,0,0,476,7,47.16082499908225,True
self_only,20,0.05,2,63,conflict,R1,2,2,0,2,0,0,565,8,119.13602499953413,True
self_only,20,0.05,2,64,conflict,R1,1,1,0,1,6,0,290,3,38.222315999519196,True
self_only,20,0.05,2,70,blockage,R1,1,1,0,1,1,0,278,3,29.557128998931148,True
self_only,20,0.05,2,84,blockage,R1,1,1,0,1,4,0,87,3,25.014242999532144,True
self_only,20,0.05,2,90,blockage,R1,1,1,0,1,9,0,441,7,37.40687599929515,True
self_only,20,0.05,3,2,blockage,R1,1,1,0,1,0,0,440,7,74.62792699880083,True
self_only,20,0.05,3,7,emergency,R1,1,1,0,1,0,0,9620,8,588.7596409993421,True
self_only,20,0.05,3,8,accident,R2,1,1,0,1,27,0,608,7,82.46620800127857,True
self_only,20,0.05,3,27,blockage,R1,1,1,0,1,0,0,216,7,36.84981299920764,True
self_only,20,0.05,3,33,conflict,R1,1,1,0,1,7,0,201,7,45.642649000001256,True
self_only,20,0.05,3,36,emergency,R2,1,1,0,1,36,0,245,8,59.90422800095985,True
self_only,20,0.05,3,39,blockage,R1,1,1,0,1,0,0,352,5,65.12426399967808,True
self_only,20,0.05,3,43,blockage,R1,1,1,0,1,4,0,250,5,42.202171998724225,True
self_only,20,0.05,3,48,accident,R2,1,1,0,1,17,0,203,7,38.46503299973847,True
self_only,20,0.05,3,72,blockage,R1,1,1,0,1,0,0,127,5,35.34072200091032,True
self_only,20,0.05,3,72,conflict,R1,1,1,0,1,0,0,186,3,34.18259200043394,True
self_only,20,0.05,3,74,blockage,R1,1,1,0,1,2,0,136,5,23.957545001394465,True
self_only,20,0.05,3,77,blockage,R1,1,1,0,1,4,0,207,5,54.96429400045599,True
self_only,20,0.05,3,96,conflict,R1,1,1,0,1,0,0,70,3,28.77954200084787,True
self_only,20,0.05,4,16,blockage,R1,1,1,0,1,1,0,250,7,53.852344999540946,True
self_only,20,0.05,4,17,emergency,R2,1,1,0,1,50,0,501,8,67.69348499983607,True
self_only,20,0.05,4,35,accident,R2,1,1,0,1,11,0,206,5,45.9824870013108,True
self_only,20,0.05,4,35,conflict,R1,2,2,0,2,6,0,464,12,66.09195300006832,True
self_only,20,0.05,4,35,conflict,R1,1,1,0,1,8,0,768,7,61.39462300052401,True
self_only,20,0.05,4,38,accident,R2,1,1,0,1,26,0,603,7,102.34863100049552,True
self_only,20,0.05,4,38,conflict,R1,2,2,0,2,5,0,508,12,63.624596999943606,True
self_only,20,0.05,4,40,conflict,R1,2,2,0,2,4,0,974,14,83.47920500091277,True
self_only,20,0.05,4,41,conflict,R2,2,2,0,2,11,0,1815,14,85.08514399909473,True
self_only,20,0.05,4,41,emergency,R2,1,1,0,1,54,0,466,6,64.58354699861957,True
self_only,20,0.05,4,43,conflict,R1,1,1,0,1,0,0,493,7,37.620703000357025,True
self_only,20,0.05,4,43,conflict,R0,1,1,0,1,0,0,493,7,32.994564000546234,True
self_only,20,0.05,4,43,conflict,R0,1,1,0,1,0,0,493,7,34.412970999255776,True
self_only,20,0.05,4,43,conflict,R0,1,1,0,1,0,0,493,7,43.6347430004389,True
self_only,20,0.05,4,43,conflict,R0,1,1,0,1,0,0,493,7,54.170155999599956,True
self_only,20,0.05,4,43,conflict,R0,1,1,0,1,0,0,493,7,39.56979299982777,True
self_only,20,0.05,4,43,conflict,R0,1,1,0,1,0,0,493,7,41.4243710001756,True
self_only,20,0.05,4,43,conflict,R0,1,1,0,1,0,0,493,7,41.38012200019148,True
self_only,20,0.05,4,43,conflict,R0,1,1,0,1,0,0,493,7,33.34297699984745,True
self_only,20,0.05,4,43,conflict,R0,1,1,0,1,0,0,493,7,35.603218000687775,True
self_only,20,0.05,4,43,conflict,R0,1,1,0,1,0,0,493,7,32.83059200111893,True
self_only,20,0.05,4,43,conflict,R0,1,1,0,1,0,0,493,7,32.56294700076978,True
self_only,20,0.05,4,43,conflict,R0,1,1,0,1,0,0,493,7,32.472794999193866,True
self_only,20,0.05,4,43,conflict,R0,1,1,0,1,0,0,493,7,34.09066600033839,True
self_only,20,0.05,4,43,conflict,R0,1,1,0,1,0,0,493,7,32.33767100027762,True
self_only,20,0.05,4,43,conflict,R0,1,1,0,1,0,0,493,7,33.31686000092304,True
self_only,20,0.05,4,43,conflict,R0,1,1,0,1,0,0,493,7,33.90636999938579,True
self_only,20,0.05,4,43,conflict,R0,1,1,0,1,0,0,493,7,32.850246998350485,True
self_only,20,0.05,4,43,conflict,R0,1,1,0,1,0,0,493,7,31.645114000639296,True
self_only,20,0.05,4,43,conflict,R0,1,1,0,1,0,0,493,7,42.2832339991146,True
self_only,20,0.05,4,43,conflict,R0,1,1,0,1,0,0,493,7,29.557003999798326,True
self_only,20,0.05,4,43,conflict,R0,1,1,0,1,0,0,493,7,30.23807099998521,True
self_only,20,0.05,4,43,conflict,R0,1,1,0,1,0,0,493,7,30.308733999845572,True
self_only,20,0.05,4,43,conflict,R0,1,1,0,1,0,0,493,7,32.3913709999033,True
self_only,20,0.05,4,43,conflict,R0,1,1,0,1,0,0,493,7,48.60596000071382,True
self_only,20,0.05,4,43,conflict,R0,1,1,0,1,0,0,493,7,40.425283999866224,True
self_only,20,0.05,4,43,conflict,R0,1,1,0,1,0,0,493,7,34.75397900001553,True
self_only,20,0.05,4,43,conflict,R0,1,1,0,1,0,0,493,7,57.917068001188454,True
self_only,20,0.05,4,43,conflict,R0,1,1,0,1,0,0,493,7,73.03321700055676,True
self_only,20,0.05,4,43,conflict,R0,1,1,0,1,0,0,493,7,81.21877000121458,True
self_only,20,0.05,4,43,conflict,R0,1,1,0,1,0,0,493,7,82.18207199934113,True
self_only,20,0.05,4,43,conflict,R0,1,1,0,1,0,0,493,7,78.6579729992809,True
self_only,20,0.05,4,43,conflict,R0,1,1,0,1,0,0,493,7,90.86422399923322,True
self_only,20,0.05,4,43,conflict,R0,1,1,0,1,0,0,493,7,72.34660799986159,True
self_only,20,0.05,4,43,conflict,R0,1,1,0,1,0,0,493,7,71.92107499940903,True
self_only,20,0.05,4,43,conflict,R0,1,1,0,1,0,0,493,7,33.95525300038571,True
self_only,20,0.05,4,43,conflict,R0,1,1,0,1,0,0,493,7,40.46618599932117,True
self_only,20,0.05,4,43,conflict,R0,1,1,0,1,0,0,493,7,36.6054450005322,True
self_only,20,0.05,4,43,conflict,R0,1,1,0,1,0,0,493,7,39.10580099909566,True
self_only,20,0.05,4,43,conflict,R0,1,1,0,1,0,0,493,7,40.412850999928196,True
self_only,20,0.05,4,43,conflict,R0,1,1,0,1,0,0,493,7,40.341299998544855,True
self_only,20,0.05,4,43,conflict,R0,1,1,0,1,0,0,493,7,35.856878999766195,True
self_only,20,0.05,4,43,conflict,R0,1,1,0,1,0,0,493,7,42.27463000097487,True
self_only,20,0.05,4,43,conflict,R0,1,1,0,1,0,0,493,7,75.05105899872433,True
self_only,20,0.05,4,43,conflict,R0,1,1,0,1,0,0,493,7,63.29838600140647,True
self_only,20,0.05,4,43,conflict,R0,1,1,0,1,0,0,493,7,78.56273300058092,True
self_only,20,0.05,4,43,conflict,R0,1,1,0,1,0,0,493,7,31.701848000011523,True
self_only,20,0.05,4,43,conflict,R0,1,1,0,1,0,0,493,7,31.29173900015303,True
self_only,20,0.05,4,43,conflict,R0,1,1,0,1,0,0,493,7,29.952606000733795,True
self_only,20,0.05,4,43,conflict,R0,1,1,0,1,0,0,493,7,30.50476700082072,True
self_only,20,0.05,4,43,conflict,R0,1,1,0,1,0,0,493,7,31.789120999746956,True
self_only,20,0.05,4,43,conflict,R0,1,1,0,1,0,0,493,7,34.484836000046926,True
self_only,20,0.05,4,43,conflict,R0,1,1,0,1,0,0,493,7,36.22443200038106,True
self_only,20,0.05,4,43,conflict,R0,1,1,0,1,0,0,493,7,34.7449550008605,True
self_only,20,0.05,4,43,conflict,R0,1,1,0,1,0,0,493,7,31.91463199982536,True
self_only,20,0.05,4,43,conflict,R0,1,1,0,1,0,0,493,7,35.37810099987837,True
self_only,20,0.05,4,43,conflict,R0,1,1,0,1,0,0,493,7,33.29912899971532,True
self_only,20,0.05,4,43,conflict,R0,1,1,0,1,0,0,493,7,35.772933000771445,True
self_only,20,0.05,4,43,conflict,R0,1,1,0,1,0,0,493,7,32.34008900108165,True
self_only,20,0.05,4,43,conflict,R0,1,1,0,1,0,0,493,7,31.11674700085132,True
self_only,20,0.05,4,43,conflict,R0,1,1,0,1,0,0,493,7,28.587544000401977,True
self_only,20,0.05,4,43,conflict,R0,1,1,0,1,0,0,493,7,28.73212600024999,True
self_only,20,0.05,4,43,conflict,R0,1,1,0,1,0,0,493,7,29.932632000054582,True
self_only,20,0.05,4,43,conflict,R0,1,1,0,1,0,0,493,7,28.598888999113115,True
self_only,20,0.05,4,43,conflict,R0,1,1,0,1,0,0,493,7,29.01978699992469,True
self_only,20,0.05,4,43,conflict,R0,1,1,0,1,0,0,493,7,28.47094000026118,True
self_only,20,0.05,4,43,conflict,R0,1,1,0,1,0,0,493,7,48.98234599932039,True
self_only,20,0.05,4,43,conflict,R0,1,1,0,1,0,0,493,7,53.583787001116434,True
self_only,20,0.05,4,43,conflict,R0,1,1,0,1,0,0,493,7,54.48277400137158,True
self_only,20,0.05,4,43,conflict,R0,1,1,0,1,0,0,493,7,32.74437000072794,True
self_only,20,0.05,4,43,conflict,R0,1,1,0,1,0,0,493,7,27.10752299935848,True
self_only,20,0.05,4,43,conflict,R0,1,1,0,1,0,0,493,7,37.93737599880842,True
self_only,20,0.05,4,43,conflict,R0,1,1,0,1,0,0,493,7,46.63551800149435,True
self_only,20,0.05,4,43,conflict,R0,1,1,0,1,0,0,493,7,36.33022700159927,True
self_only,20,0.05,4,43,conflict,R0,1,1,0,1,0,0,493,7,32.04091800034803,True
self_only,20,0.05,4,43,conflict,R0,1,1,0,1,0,0,493,7,27.97963500051992,True
self_only,20,0.05,4,43,conflict,R0,1,1,0,1,0,0,493,7,23.252839000633685,True
self_only,20,0.05,4,43,conflict,R0,1,1,0,1,0,0,493,7,23.40089999961492,True
self_only,20,0.05,4,43,conflict,R0,1,1,0,1,0,0,494,7,44.22374699970533,True
self_only,20,0.05,4,43,conflict,R0,1,1,0,1,0,0,494,7,46.98281600030896,True
self_only,20,0.05,4,43,conflict,R0,1,1,0,1,0,0,494,7,29.369529000177863,True
self_only,20,0.05,4,43,conflict,R0,1,1,0,1,0,0,494,7,22.911387000931427,True
self_only,20,0.05,4,43,conflict,R0,1,1,0,1,0,0,494,7,23.41465600147785,True
self_only,20,0.05,4,43,conflict,R0,1,1,0,1,0,0,494,7,21.815950000018347,True
self_only,20,0.05,4,43,conflict,R0,1,1,0,1,0,0,494,7,21.479996999914874,True
self_only,20,0.05,4,43,conflict,R0,1,1,0,1,0,0,494,7,22.64289800041297,True
self_only,20,0.05,4,43,conflict,R0,1,1,0,1,0,0,494,7,23.858962000304018,True
self_only,20,0.05,4,43,conflict,R0,1,1,0,1,0,0,494,7,41.3846100000228,True
self_only,20,0.05,4,43,conflict,R0,1,1,0,1,0,0,494,7,59.2703040001652,True
self_only,20,0.05,4,43,conflict,R0,1,1,0,1,0,0,494,7,72.3026720006601,True
self_only,20,0.05,4,43,conflict,R0,1,1,0,1,0,0,494,7,77.66755599914177,True
self_only,20,0.05,4,43,conflict,R0,1,1,0,1,0,0,494,7,70.45737500084215,True
self_only,20,0.05,4,43,conflict,R0,1,1,0,1,0,0,494,7,72.58608499978436,True
self_only,20,0.05,4,43,conflict,R0,1,1,0,1,0,0,494,7,38.71280999919691,True
self_only,20,0.05,4,43,conflict,R0,1,1,0,1,0,0,494,7,51.099984999382286,True
self_only,20,0.05,4,43,conflict,R0,1,1,0,1,0,0,494,7,122.14418300027319,True
self_only,20,0.05,4,43,conflict,R0,1,1,0,1,0,0,494,7,159.7325450002245,True
self_only,20,0.05,4,43,conflict,R0,1,1,0,1,0,0,494,7,149.6282070002053,True
self_only,20,0.05,4,43,conflict,R0,1,1,0,1,0,0,494,7,174.67426500115835,True
self_only,20,0.05,4,43,conflict,R0,1,1,0,1,0,0,494,7,52.50369199893612,True
self_only,20,0.05,4,43,conflict,R0,1,1,0,1,0,0,494,7,42.91070200088143,True
self_only,20,0.05,4,43,conflict,R0,1,1,0,1,0,0,494,7,45.41819599944574,True
self_only,20,0.05,4,43,conflict,R0,1,1,0,1,0,0,494,7,47.79889299970819,True
self_only,20,0.05,4,43,conflict,R0,1,1,0,1,0,0,494,7,51.486874999682186,True
self_only,20,0.05,4,43,conflict,R0,1,1,0,1,0,0,494,7,31.687440001405776,True
self_only,20,0.05,4,43,conflict,R0,1,1,0,1,0,0,494,7,30.5153249992145,True
self_only,20,0.05,4,43,conflict,R0,1,1,0,1,0,0,494,7,70.87811900055385,True
self_only,20,0.05,4,43,conflict,R0,1,1,0,1,0,0,494,7,38.846395998916705,True
self_only,20,0.05,4,43,conflict,R0,1,1,0,1,0,0,494,7,39.32598899882578,True
self_only,20,0.05,4,43,conflict,R0,1,1,0,1,0,0,494,7,33.93965700161061,True
self_only,20,0.05,4,43,conflict,R0,1,1,0,1,0,0,494,7,37.55051100051787,True
self_only,20,0.05,4,43,conflict,R0,1,1,0,1,0,0,494,7,82.00022700111731,True
self_only,20,0.05,4,43,conflict,R0,1,1,0,1,0,0,494,7,52.574467999875196,True
self_only,20,0.05,4,43,conflict,R0,1,1,0,1,0,0,494,7,45.40940600054455,True
self_only,20,0.05,4,43,conflict,R0,1,1,0,1,0,0,494,7,43.926346999796806,True
self_only,20,0.05,4,43,conflict,R0,1,1,0,1,0,0,494,7,155.49291299976176,True
self_only,20,0.05,4,43,conflict,R0,1,1,0,1,0,0,494,7,58.82350700085226,True
self_only,20,0.05,4,43,conflict,R0,1,1,0,1,0,0,494,7,85.73711799908779,True
self_only,20,0.05,4,43,conflict,R0,1,1,0,1,0,0,494,7,62.88501100061694,True
self_only,20,0.05,4,43,conflict,R0,1,1,0,1,0,0,494,7,63.31635299829941,True
self_only,20,0.05,4,43,conflict,R0,1,1,0,1,0,0,494,7,30.41807299996435,True
self_only,20,0.05,4,43,conflict,R0,1,1,0,1,0,0,494,7,30.1411359996564,True
self_only,20,0.05,4,43,conflict,R0,1,1,0,1,0,0,494,7,35.3945240003668,True
self_only,20,0.05,4,43,conflict,R0,1,1,0,1,0,0,494,7,59.79964800098969,True
self_only,20,0.05,4,43,conflict,R0,1,1,0,1,0,0,494,7,31.877948000328615,True
self_only,20,0.05,4,43,conflict,R0,1,1,0,1,0,0,494,7,31.59315199991397,True
self_only,20,0.05,4,43,conflict,R0,1,1,0,1,0,0,494,7,92.67398300107743,True
self_only,20,0.05,4,43,conflict,R0,1,1,0,1,0,0,494,7,112.63534399950004,True
self_only,20,0.05,4,43,conflict,R0,1,1,0,1,0,0,494,7,35.39770200040948,True
self_only,20,0.05,4,43,conflict,R0,1,1,0,1,0,0,494,7,27.500799000335974,True
self_only,20,0.05,4,43,conflict,R0,1,1,0,1,0,0,494,7,24.04312500038941,True
self_only,20,0.05,4,43,conflict,R0,1,1,0,1,0,0,494,7,24.306741001055343,True
self_only,20,0.05,4,43,conflict,R0,1,1,0,1,0,0,494,7,23.80021399949328,True
self_only,20,0.05,4,43,conflict,R0,1,1,0,1,0,0,494,7,23.44965699921886,True
self_only,20,0.05,4,43,conflict,R0,1,1,0,1,0,0,494,7,23.49535300163552,True
self_only,20,0.05,4,43,conflict,R0,1,1,0,1,0,0,494,7,27.009150999219855,True
self_only,20,0.05,4,43,conflict,R0,1,1,0,1,0,0,494,7,26.04013599921018,True
self_only,20,0.05,4,43,conflict,R0,1,1,0,1,0,0,494,7,23.982254999282304,True
self_only,20,0.05,4,43,conflict,R0,1,1,0,1,0,0,494,7,23.344834000454284,True
self_only,20,0.05,4,43,conflict,R0,1,1,0,1,0,0,494,7,23.88536299986299,True
self_only,20,0.05,4,43,conflict,R0,1,1,0,1,0,0,494,7,23.814760001187096,True
self_only,20,0.05,4,43,conflict,R0,1,1,0,1,0,0,494,7,38.101853999251034,True
self_only,20,0.05,4,43,conflict,R0,1,1,0,1,0,0,494,7,45.465142000466585,True
self_only,20,0.05,4,43,conflict,R0,1,1,0,1,0,0,494,7,72.56777099973988,True
self_only,20,0.05,4,43,conflict,R0,1,1,0,1,0,0,494,7,64.14133300131653,True
self_only,20,0.05,4,43,conflict,R0,1,1,0,1,0,0,494,7,55.804476998673636,True
self_only,20,0.05,4,43,conflict,R0,1,1,0,1,0,0,494,7,60.706993001076626,True
self_only,20,0.05,4,43,conflict,R0,1,1,0,1,0,0,494,7,49.01413300103741,True
self_only,20,0.05,4,43,conflict,R0,1,1,0,1,0,0,494,7,49.881542001458,True
self_only,20,0.05,4,43,conflict,R0,1,1,0,1,0,0,494,7,41.39026300072146,True
self_only,20,0.05,4,43,conflict,R0,1,1,0,1,0,0,494,7,23.634293000213802,True
self_only,20,0.05,4,43,conflict,R0,1,1,0,1,0,0,494,7,45.57939599908423,True
self_only,20,0.05,4,43,conflict,R0,1,1,0,1,0,0,494,7,28.912387999298517,True
self_only,20,0.05,4,43,conflict,R0,1,1,0,1,0,0,494,7,31.89630599990778,True
self_only,20,0.05,4,43,conflict,R0,1,1,0,1,0,0,494,7,29.228264998891973,True
self_only,20,0.05,4,43,conflict,R0,1,1,0,1,0,0,494,7,28.568085999722825,True
self_only,20,0.05,4,43,conflict,R0,1,1,0,1,0,0,494,7,30.160772001181613,True
self_only,20,0.05,4,43,conflict,R0,1,1,0,1,0,0,494,7,27.78790499905881,True
self_only,20,0.05,4,43,conflict,R0,1,1,0,1,0,0,494,7,29.719187999944552,True
self_only,20,0.05,4,43,conflict,R0,1,1,0,1,0,0,494,7,35.8611559986457,True
self_only,20,0.05,4,43,conflict,R0,1,1,0,1,0,0,494,7,48.23739499988733,True
self_only,20,0.05,4,43,conflict,R0,1,1,0,1,0,0,494,7,51.90618699998595,True
self_only,20,0.05,4,43,conflict,R0,1,1,0,1,0,0,494,7,49.931089000892825,True
self_only,20,0.05,4,43,conflict,R0,1,1,0,1,0,0,494,7,24.133275999702164,True
self_only,20,0.05,4,43,conflict,R0,1,1,0,1,0,0,494,7,23.911049998787348,True
self_only,20,0.05,4,43,conflict,R0,1,1,0,1,0,0,494,7,21.95777900124085,True
self_only,20,0.05,4,43,conflict,R0,1,1,0,1,0,0,494,7,22.522663999552606,True
self_only,20,0.05,4,43,conflict,R0,1,1,0,1,0,0,494,7,21.99066700086405,True
self_only,20,0.05,4,43,conflict,R0,1,1,0,1,0,0,494,7,21.632173000398325,True
self_only,20,0.05,4,43,conflict,R0,1,1,0,1,0,0,494,7,22.60626799943566,True
self_only,20,0.05,4,43,conflict,R0,1,1,0,1,0,0,494,7,22.342866001054063,True
self_only,20,0.05,4,43,conflict,R0,1,1,0,1,0,0,494,7,58.37240499931795,True
self_only,20,0.05,4,43,conflict,R0,1,1,0,1,0,0,494,7,47.66897999979847,True
self_only,20,0.05,4,43,conflict,R0,1,1,0,1,0,0,494,7,31.221229999573552,True
self_only,20,0.05,4,43,conflict,R0,1,1,0,1,0,0,494,7,22.392306000256212,True
self_only,20,0.05,4,43,conflict,R0,1,1,0,1,0,0,494,7,23.952978999659535,True
self_only,20,0.05,4,43,conflict,R0,1,1,0,1,0,0,494,7,24.18672699968738,True
self_only,20,0.05,4,43,conflict,R0,1,1,0,1,0,0,494,7,23.64046700131439,True
self_only,20,0.05,4,43,conflict,R0,1,1,0,1,0,0,494,7,23.399551999318646,True
self_only,20,0.05,4,43,conflict,R0,1,1,0,1,0,0,494,7,23.63341399905039,True
self_only,20,0.05,4,43,conflict,R0,1,1,0,1,0,0,494,7,23.408373999700416,True
self_only,20,0.05,4,43,conflict,R0,1,1,0,1,0,0,494,7,22.606552000070224,True
self_only,20,0.05,4,43,conflict,R0,1,1,0,1,0,0,494,7,21.91049400062184,True
self_only,20,0.05,4,43,conflict,R0,1,1,0,1,0,0,494,7,21.508538999114535,True
self_only,20,0.05,4,43,conflict,R0,1,1,0,1,0,0,494,7,21.528123999814852,True
self_only,20,0.05,4,43,conflict,R0,1,1,0,1,0,0,494,7,22.361317998729646,True
self_only,20,0.05,4,43,conflict,R0,1,1,0,1,0,0,494,7,21.878885998376063,True
self_only,20,0.05,4,43,conflict,R0,1,1,0,1,0,0,494,7,22.347837999404874,True
self_only,20,0.05,4,43,conflict,R0,1,1,0,1,0,0,494,7,22.615077999944333,True
self_only,20,0.05,4,43,conflict,R0,1,1,0,1,0,0,494,7,21.960647000014433,True
self_only,20,0.05,4,43,conflict,R0,1,1,0,1,0,0,494,7,23.995167999601108,True
self_only,20,0.05,4,43,conflict,R0,1,1,0,1,0,0,494,7,22.49236799980281,True
self_only,20,0.05,4,43,conflict,R0,1,1,0,1,0,0,494,7,22.306639000817086,True
self_only,20,0.05,4,43,conflict,R0,1,1,0,1,0,0,494,7,22.73847200012824,True
self_only,20,0.05,4,43,conflict,R0,1,1,0,1,0,0,494,7,25.018361999173067,True
self_only,20,0.05,4,43,conflict,R0,1,1,0,1,0,0,494,7,24.43562199914595,True
self_only,20,0.05,4,43,conflict,R0,1,1,0,1,0,0,494,7,24.890257000151905,True
self_only,20,0.05,4,43,conflict,R0,1,1,0,1,0,0,494,7,25.237808000383666,True
self_only,20,0.05,4,43,conflict,R0,1,1,0,1,0,0,494,7,24.939531000200077,True
self_only,20,0.05,4,43,conflict,R0,1,1,0,1,0,0,494,7,24.656640000102925,True
self_only,20,0.05,4,43,conflict,R0,1,1,0,1,0,0,494,7,23.817589999453048,True
self_only,20,0.05,4,43,conflict,R0,1,1,0,1,0,0,494,7,22.629627001151675,True
self_only,20,0.05,4,43,conflict,R0,1,1,0,1,0,0,494,7,47.57935700035887,True
self_only,20,0.05,4,43,conflict,R0,1,1,0,1,0,0,494,7,32.83302199997706,True
self_only,20,0.05,4,43,conflict,R0,1,1,0,1,0,0,494,7,39.5846609990258,True
self_only,20,0.05,4,43,conflict,R0,1,1,0,1,0,0,494,7,36.876643000141485,True
self_only,20,0.05,4,43,conflict,R0,1,1,0,1,0,0,494,7,89.03058899886673,True
self_only,20,0.05,4,43,conflict,R0,1,1,0,1,0,0,494,7,28.76739499879477,True
self_only,20,0.05,4,43,conflict,R0,1,1,0,1,0,0,494,7,28.27143700051238,True
self_only,20,0.05,4,43,conflict,R0,1,1,0,1,0,0,494,7,28.240456000276026,True
self_only,20,0.05,4,43,conflict,R0,1,1,0,1,0,0,494,7,30.438887000855175,True
self_only,20,0.05,4,43,conflict,R0,1,1,0,1,0,0,494,7,31.39531899978465,True
self_only,20,0.05,4,43,conflict,R0,1,1,0,1,0,0,494,7,78.47251099883579,True
self_only,20,0.05,4,43,conflict,R0,1,1,0,1,0,0,494,7,32.271063999360194,True
self_only,20,0.05,4,43,conflict,R0,1,1,0,1,0,0,494,7,28.82195899837825,True
self_only,20,0.05,4,43,conflict,R0,1,1,0,1,0,0,494,7,30.66362599929562,True
self_only,20,0.05,4,43,conflict,R0,1,1,0,1,0,0,494,7,33.654435001153615,True
self_only,20,0.05,4,43,conflict,R0,1,1,0,1,0,0,494,7,41.59744199932902,True
self_only,20,0.05,4,43,conflict,R0,1,1,0,1,0,0,494,7,63.79536299937172,True
self_only,20,0.05,4,43,conflict,R0,1,1,0,1,0,0,494,7,53.16835899975558,True
self_only,20,0.05,4,43,conflict,R0,1,1,0,1,0,0,494,7,39.2767779994756,True
self_only,20,0.05,4,43,conflict,R0,1,1,0,1,0,0,494,7,33.237161000215565,True
self_only,20,0.05,4,43,conflict,R0,1,1,0,1,0,0,494,7,31.4729100009572,True
self_only,20,0.05,4,43,conflict,R0,1,1,0,1,0,0,494,7,30.74809400095546,True
self_only,20,0.05,4,43,conflict,R0,1,1,0,1,0,0,494,7,29.48710599957849,True
self_only,20,0.05,4,43,conflict,R0,1,1,0,1,0,0,494,7,32.88809999867226,True
self_only,20,0.05,4,43,conflict,R0,1,1,0,1,0,0,494,7,32.903217999773915,True
self_only,20,0.05,4,43,conflict,R0,1,1,0,1,0,0,494,7,31.595854999977746,True
self_only,20,0.05,4,43,conflict,R0,1,1,0,1,0,0,494,7,47.727174998726696,True
self_only,20,0.05,4,43,conflict,R0,1,1,0,1,0,0,494,7,27.077051001469954,True
self_only,20,0.05,4,43,conflict,R0,1,1,0,1,0,0,494,7,28.708125000775908,True
self_only,20,0.05,4,43,conflict,R0,1,1,0,1,0,0,494,7,28.342408000753494,True
self_only,20,0.05,4,43,conflict,R0,1,1,0,1,0,0,494,7,85.0374780002312,True
self_only,20,0.05,4,43,conflict,R0,1,1,0,1,0,0,494,7,39.91136699914932,True
self_only,20,0.05,4,43,conflict,R0,1,1,0,1,0,0,494,7,33.44957099943713,True
self_only,20,0.05,4,43,conflict,R0,1,1,0,1,0,0,494,7,36.80175000044983,True
self_only,20,0.05,4,43,conflict,R0,1,1,0,1,0,0,494,7,34.19285899872193,True
self_only,20,0.05,4,43,conflict,R0,1,1,0,1,0,0,494,7,30.421649000345496,True
self_only,20,0.05,4,43,conflict,R0,1,1,0,1,0,0,494,7,31.01510899978166,True
self_only,20,0.05,4,43,conflict,R0,1,1,0,1,0,0,494,7,39.741332999255974,True
self_only,20,0.05,4,43,conflict,R0,1,1,0,1,0,0,494,7,45.22984599861957,True
self_only,20,0.05,4,43,conflict,R0,1,1,0,1,0,0,494,7,56.80776699955459,True
self_only,20,0.05,4,43,conflict,R0,1,1,0,1,0,0,494,7,32.95250299925101,True
self_only,20,0.05,4,43,conflict,R0,1,1,0,1,0,0,494,7,33.97845599829452,True
self_only,20,0.05,4,43,conflict,R0,1,1,0,1,0,0,494,7,26.34493700134044,True
self_only,20,0.05,4,43,conflict,R0,1,1,0,1,0,0,494,7,26.444311000886955,True
self_only,20,0.05,4,43,conflict,R0,1,1,0,1,0,0,494,7,26.4371419998497,True
self_only,20,0.05,4,43,conflict,R0,1,1,0,1,0,0,494,7,25.993016999564134,True
self_only,20,0.05,4,43,conflict,R0,1,1,0,1,0,0,494,7,25.808258000324713,True
self_only,20,0.05,4,43,conflict,R0,1,1,0,1,0,0,494,7,30.014656998901046,True
self_only,20,0.05,4,43,conflict,R0,1,1,0,1,0,0,494,7,33.48881599958986,True
self_only,20,0.05,4,43,conflict,R0,1,1,0,1,0,0,494,7,25.708625000333996,True
self_only,20,0.05,4,43,conflict,R0,1,1,0,1,0,0,494,7,24.631222999232705,True
self_only,20,0.05,4,43,conflict,R0,1,1,0,1,0,0,494,7,24.868557000445435,True
self_only,20,0.05,4,43,conflict,R0,1,1,0,1,0,0,494,7,26.36304299994663,True
self_only,20,0.05,4,43,conflict,R0,1,1,0,1,0,0,494,7,27.183735999642522,True
self_only,20,0.05,4,43,conflict,R0,1,1,0,1,0,0,494,7,28.82403900002828,True
self_only,20,0.05,4,43,conflict,R0,1,1,0,1,0,0,494,7,28.277093000724562,True
self_only,20,0.05,4,43,conflict,R0,1,1,0,1,0,0,494,7,27.054217000113567,True
self_only,20,0.05,4,43,conflict,R0,1,1,0,1,0,0,494,7,30.428341000515502,True
self_only,20,0.05,4,43,conflict,R0,1,1,0,1,0,0,494,7,27.20788800070295,True
self_only,20,0.05,4,43,conflict,R0,1,1,0,1,0,0,494,7,25.58066599885933,True
self_only,20,0.05,4,43,conflict,R0,1,1,0,1,0,0,494,7,25.64754000013636,True
self_only,20,0.05,4,43,conflict,R0,1,1,0,1,0,0,494,7,35.79495600024529,True
self_only,20,0.05,4,43,conflict,R0,1,1,0,1,0,0,494,7,29.612279999128077,True
self_only,20,0.05,4,43,conflict,R0,1,1,0,1,0,0,494,7,26.455159999386524,True
self_only,20,0.05,4,43,conflict,R0,1,1,0,1,0,0,494,7,27.16868199968303,True
self_only,20,0.05,4,43,conflict,R0,1,1,0,1,0,0,494,7,26.397304998681648,True
self_only,20,0.05,4,43,conflict,R0,1,1,0,1,0,0,494,7,31.032441998831928,True
self_only,20,0.05,4,43,conflict,R0,1,1,0,1,0,0,494,7,39.18278600031044,True
self_only,20,0.05,4,43,conflict,R0,1,1,0,1,0,0,494,7,33.1548260001,True
self_only,20,0.05,4,43,conflict,R0,1,1,0,1,0,0,494,7,35.91816900006961,True
self_only,20,0.05,4,43,conflict,R0,1,1,0,1,0,0,494,7,38.54438899907109,True
self_only,20,0.05,4,43,conflict,R0,1,1,0,1,0,0,494,7,30.79512799922668,True
self_only,20,0.05,4,43,conflict,R0,1,1,0,1,0,0,494,7,28.238566999789327,True
self_only,20,0.05,4,43,conflict,R0,1,1,0,1,0,0,494,7,59.05351699948369,True
self_only,20,0.05,4,43,conflict,R0,1,1,0,1,0,0,494,7,26.128850999157294,True
self_only,20,0.05,4,43,conflict,R0,1,1,0,1,0,0,494,7,29.269405000377446,True
self_only,20,0.05,4,43,conflict,R0,1,1,0,1,0,0,494,7,28.013070001179585,True
self_only,20,0.05,4,43,conflict,R0,1,1,0,1,0,0,494,7,27.20946699992055,True
self_only,20,0.05,4,43,conflict,R0,1,1,0,1,0,0,494,7,26.673484999264474,True
self_only,20,0.05,4,43,conflict,R0,1,1,0,1,0,0,494,7,28.118791000451893,True
self_only,20,0.05,4,43,conflict,R0,1,1,0,1,0,0,494,7,27.731195999876945,True
self_only,20,0.05,4,43,conflict,R0,1,1,0,1,0,0,494,7,27.868036000654683,True
self_only,20,0.05,4,43,conflict,R0,1,1,0,1,0,0,494,7,35.51701099968341,True
self_only,20,0.05,4,43,conflict,R0,1,1,0,1,0,0,494,7,37.60751699883258,True
self_only,20,0.05,4,43,conflict,R0,1,1,0,1,0,0,494,7,39.4805500000075,True
self_only,20,0.05,4,43,conflict,R0,1,1,0,1,0,0,494,7,46.290824000607245,True
self_only,20,0.05,4,43,conflict,R0,1,1,0,1,0,0,494,7,32.88676500051224,True
self_only,20,0.05,4,43,conflict,R0,1,1,0,1,0,0,494,7,32.13808200052881,True
self_only,20,0.05,4,43,conflict,R0,1,1,0,1,0,0,494,7,30.349120999744628,True
self_only,20,0.05,4,43,conflict,R0,1,1,0,1,0,0,494,7,25.380007000421756,True
self_only,20,0.05,4,43,conflict,R0,1,1,0,1,0,0,494,7,38.40355600004841,True
self_only,20,0.05,4,43,conflict,R0,1,1,0,1,0,0,494,7,27.548849999220693,True
self_only,20,0.05,4,43,conflict,R0,1,1,0,1,0,0,494,7,25.500247000309173,True
self_only,20,0.05,4,43,conflict,R0,1,1,0,1,0,0,494,7,25.496984999335837,True
self_only,20,0.05,4,43,conflict,R0,1,1,0,1,0,0,494,7,26.87268400040921,True
self_only,20,0.05,4,43,conflict,R0,1,1,0,1,0,0,494,7,26.299485998606542,True
self_only,20,0.05,4,43,conflict,R0,1,1,0,1,0,0,494,7,25.76145499915583,True
self_only,20,0.05,4,43,conflict,R0,1,1,0,1,0,0,494,7,27.565985999899567,True
self_only,20,0.05,4,43,conflict,R0,1,1,0,1,0,0,494,7,25.904779000484268,True
self_only,20,0.05,4,43,conflict,R0,1,1,0,1,0,0,494,7,25.85493900005531,True
self_only,20,0.05,4,43,conflict,R0,1,1,0,1,0,0,494,7,26.11945900025603,True
self_only,20,0.05,4,43,conflict,R0,1,1,0,1,0,0,494,7,28.732775999742444,True
self_only,20,0.05,4,43,conflict,R0,1,1,0,1,0,0,494,7,27.654980000079377,True
self_only,20,0.05,4,43,conflict,R0,1,1,0,1,0,0,494,7,26.93193499908375,True
self_only,20,0.05,4,43,conflict,R0,1,1,0,1,0,0,494,7,26.140861000385485,True
self_only,20,0.05,4,43,conflict,R0,1,1,0,1,0,0,494,7,26.299002000087057,True
self_only,20,0.05,4,43,conflict,R0,1,1,0,1,0,0,494,7,36.29614899909939,True
self_only,20,0.05,4,43,conflict,R0,1,1,0,1,0,0,494,7,32.574877001025015,True
self_only,20,0.05,4,43,conflict,R0,1,1,0,1,0,0,494,7,26.13593999922159,True
self_only,20,0.05,4,43,conflict,R0,1,1,0,1,0,0,494,7,26.0560919996351,True
self_only,20,0.05,4,43,conflict,R0,1,1,0,1,0,0,494,7,25.879879998683464,True
self_only,20,0.05,4,43,conflict,R0,1,1,0,1,0,0,494,7,26.81216500059236,True
self_only,20,0.05,4,43,conflict,R0,1,1,0,1,0,0,494,7,26.86567100136017,True
self_only,20,0.05,4,43,conflict,R0,1,1,0,1,0,0,494,7,25.596088000384043,True
self_only,20,0.05,4,43,conflict,R0,1,1,0,1,0,0,494,7,25.367095000547124,True
self_only,20,0.05,4,43,conflict,R0,1,1,0,1,0,0,494,7,35.41258699988248,True
self_only,20,0.05,4,60,blockage,R1,1,1,0,1,1,0,131,5,15.624207000655588,True
self_only,20,0.05,4,79,blockage,R1,1,1,0,1,0,0,72,1,20.1027660004911,True
self_only,20,0.05,5,16,blockage,R1,1,1,0,1,0,0,1702,7,89.00887399977364,True
self_only,20,0.05,5,19,emergency,R2,1,1,0,1,42,0,497,8,73.63399600035336,True
self_only,20,0.05,5,25,blockage,R1,2,2,0,2,2,0,5686,10,285.38697799922375,True
self_only,20,0.05,5,31,blockage,R1,1,1,0,1,3,0,173,7,55.28663000040979,True
self_only,20,0.05,5,33,blockage,R2,1,1,0,1,9,0,726,7,67.05020099980175,True
self_only,20,0.05,5,41,emergency,R2,1,1,0,1,49,0,379,6,46.55744800038519,True
self_only,20,0.05,5,50,accident,R2,1,1,0,1,15,0,208,7,46.374436000405694,True
self_only,20,0.05,5,52,accident,R1,1,1,0,1,0,0,2537,3,109.83668599874363,True
self_only,20,0.05,5,57,blockage,R1,1,1,0,1,1,0,294,5,37.28563500044402,True
self_only,20,0.05,5,66,blockage,R0,1,1,0,1,0,0,282,3,30.62289499939652,True
self_only,20,0.05,5,70,blockage,R1,1,1,0,1,0,0,88,5,24.655396000525798,True
self_only,20,0.05,5,87,blockage,R1,1,1,0,1,0,0,181,3,27.91397200053325,True
self_only,20,0.05,5,94,blockage,R1,2,2,0,2,2,0,243,6,33.53960800086497,True
self_only,20,0.05,6,3,accident,R2,1,1,0,1,18,0,248,7,58.143474998360034,True
self_only,20,0.05,6,4,blockage,R1,1,1,0,1,0,0,349,7,80.68045199979679,True
self_only,20,0.05,6,7,conflict,R1,1,1,0,1,0,0,323,7,37.312200000087614,True
self_only,20,0.05,6,10,conflict,R1,2,2,0,2,7,0,825,14,54.695999999239575,True
self_only,20,0.05,6,12,blockage,R0,1,1,0,1,0,0,257,7,17.858373001217842,True
self_only,20,0.05,6,19,blockage,R1,1,1,0,1,3,0,335,7,51.8486019991542,True
self_only,20,0.05,6,26,blockage,R0,1,1,0,1,0,0,246,7,20.333693999418756,True
self_only,20,0.05,6,30,emergency,R2,1,1,0,1,20,0,402,8,81.03398399907746,True
self_only,20,0.05,6,44,emergency,R2,1,1,0,1,67,0,519,6,56.93537300066964,True
self_only,20,0.05,6,50,accident,R1,1,1,0,1,0,0,16141,3,633.442586999081,True
self_only,20,0.05,6,51,conflict,R1,2,2,0,2,0,0,18905,8,865.7251149998046,True
self_only,20,0.05,6,53,conflict,R1,2,2,0,2,5,0,625,12,51.72819299878029,True
self_only,20,0.05,6,54,blockage,R1,1,1,0,1,0,0,211,7,23.769241999616497,True
self_only,20,0.05,6,69,blockage,R1,2,2,0,2,0,0,1760,8,116.09195200071554,True
self_only,20,0.05,6,78,blockage,R1,1,1,0,1,1,0,194,5,36.33986200111394,True
self_only,20,0.05,7,10,emergency,R2,1,1,0,1,48,0,735,8,42.49081999842019,True
self_only,20,0.05,7,14,blockage,R1,1,1,0,1,4,0,254,7,27.010186999177677,True
self_only,20,0.05,7,17,blockage,R0,1,1,0,1,0,0,726,8,26.608543999827816,True
self_only,20,0.05,7,19,emergency,R2,1,1,0,1,23,0,402,8,36.03448200010462,True
self_only,20,0.05,7,21,blockage,R1,1,1,0,1,5,0,557,7,37.27841399995668,True
self_only,20,0.05,7,23,accident,R2,1,1,0,1,17,0,473,7,36.22601299866801,True
self_only,20,0.05,7,41,accident,R2,1,1,0,1,9,0,283,5,46.19846999958099,True
self_only,20,0.05,7,45,blockage,R1,1,1,0,1,6,0,690,7,68.80372599880502,True
self_only,20,0.05,7,70,blockage,R1,1,1,0,1,1,0,327,5,31.695702000433812,True
self_only,20,0.05,7,73,blockage,R1,4,4,0,4,7,0,1028,16,62.53911500061804,True
self_only,20,0.05,7,92,blockage,R1,1,1,0,1,0,0,93,5,16.72779399996216,True
self_only,20,0.05,8,18,accident,R1,1,1,0,1,0,0,658,7,54.898169000807684,True
self_only,20,0.05,8,27,blockage,R1,3,3,0,3,5,0,3033,21,266.4725790000375,True
self_only,20,0.05,8,34,blockage,R1,2,2,0,2,0,0,1031,12,72.49858599971049,True
self_only,20,0.05,8,35,emergency,R2,1,1,0,1,72,0,702,6,41.36340500008373,True
self_only,20,0.05,8,41,accident,R1,1,1,0,1,0,0,631,5,35.37950300051307,True
self_only,20,0.05,8,42,conflict,R1,2,2,0,2,4,0,772,12,69.81902199913748,True
self_only,20,0.05,8,42,emergency,R2,1,1,0,1,74,0,709,8,51.73025899966888,True
self_only,20,0.05,8,77,blockage,R1,1,1,0,1,0,0,210,3,55.83619000026374,True
self_only,20,0.05,9,16,conflict,R1,1,1,0,1,0,0,1906,7,199.15083599880745,True
self_only,20,0.05,9,22,emergency,R2,1,1,0,1,70,0,316,8,95.55220100082806,True
self_only,20,0.05,9,28,emergency,R2,1,1,0,1,77,0,1063,6,145.60576199983188,True
self_only,20,0.05,9,31,accident,R2,1,1,0,1,11,0,196,7,81.42920099999174,True
self_only,20,0.05,9,34,conflict,R1,2,2,0,2,5,0,691,12,214.8853489998146,True
self_only,20,0.05,9,39,conflict,R1,2,2,0,2,0,0,637,12,98.50681300122233,True
self_only,20,0.05,9,40,blockage,R1,2,2,0,2,5,0,544,15,228.00182799983304,True
self_only,20,0.05,9,47,blockage,R0,1,1,0,1,0,0,185,5,40.820677000738215,True
self_only,20,0.05,9,48,conflict,R1,2,2,0,2,0,0,455,12,55.25978300101997,True
self_only,20,0.05,9,49,conflict,R1,1,1,0,1,5,0,157,5,104.01498099963646,True
self_only,20,0.05,9,53,accident,R1,1,1,0,1,6,0,136,5,35.113439998895046,True
self_only,20,0.05,9,57,blockage,R0,1,1,0,1,0,0,1018,6,83.48555100019439,True
self_only,20,0.05,9,78,blockage,R1,1,1,0,1,0,0,5832,5,165.2340529999492,True
self_only,20,0.05,9,88,blockage,R1,1,1,0,1,1,0,125,5,19.92162799979269,True
self_only,30,0.05,0,11,emergency,R2,1,1,0,1,30,0,328,8,45.925223999802256,True
self_only,30,0.05,0,21,conflict,R1,1,1,0,1,6,0,375,7,45.81057299947133,True
self_only,30,0.05,0,30,blockage,R1,3,3,0,3,18,0,1648,19,152.32845799982897,True
self_only,30,0.05,0,33,accident,R2,1,1,0,1,9,0,649,7,52.24529900078778,True
self_only,30,0.05,0,33,conflict,R2,2,2,0,2,10,0,900,14,60.133884000606486,True
self_only,30,0.05,0,34,accident,R1,1,1,0,1,0,0,723,7,40.13039100027527,True
self_only,30,0.05,0,40,emergency,R2,1,1,0,1,21,0,352,6,48.02136499893095,True
self_only,30,0.05,0,45,blockage,R1,1,1,0,1,0,0,331,5,29.632507999849622,True
self_only,30,0.05,0,53,blockage,R2,1,1,0,1,13,0,557,5,42.42778600018937,True
self_only,30,0.05,0,56,blockage,R2,1,1,0,1,10,0,273,5,34.49666199958301,True
self_only,30,0.05,0,66,blockage,R1,2,2,0,2,4,0,592,12,46.9853120011976,True
self_only,30,0.05,0,67,blockage,R1,1,1,0,1,0,0,476,5,32.841545000337646,True
self_only,30,0.05,1,12,conflict,R1,2,2,0,2,0,0,4057,14,564.7791800001869,True
self_only,30,0.05,1,13,blockage,R2,1,1,0,1,21,0,2531,7,156.36815200014098,True
self_only,30,0.05,1,20,blockage,R1,1,1,0,1,4,0,337,7,129.38215100075467,True
self_only,30,0.05,1,30,conflict,R2,1,1,0,1,11,0,583,7,183.1631750010274,True
self_only,30,0.05,1,40,blockage,R1,2,2,0,2,5,0,741,14,117.82737800058385,True
self_only,30,0.05,1,41,emergency,R2,2,2,0,2,103,0,1090,16,144.6813109996583,True
self_only,30,0.05,1,46,blockage,R1,1,1,0,1,2,0,191,5,46.83292699883168,True
self_only,30,0.05,1,50,blockage,R1,1,1,0,1,0,0,279,5,68.99527899986424,True
self_only,30,0.05,1,52,accident,R2,1,1,0,1,17,0,512,7,90.91922599873214,True
self_only,30,0.05,1,56,blockage,R2,1,1,0,1,12,0,1240,5,85.60551600021427,True
self_only,30,0.05,1,57,accident,R1,1,1,0,1,5,0,185,5,53.59188100010215,True
self_only,30,0.05,1,61,blockage,R2,1,1,0,1,9,0,249,3,61.62672299979022,True
self_only,30,0.05,1,62,conflict,R1,1,1,0,1,0,0,30832,5,1286.3654970005882,True
self_only,30,0.05,2,5,accident,R1,1,1,0,1,4,0,284,7,95.77432599871827,True
self_only,30,0.05,2,7,emergency,R2,1,1,0,1,27,0,1417,8,162.2680290001881,True
self_only,30,0.05,2,18,blockage,R1,1,1,0,1,0,0,691,7,115.58371799947054,True
self_only,30,0.05,2,23,blockage,R1,1,1,0,1,0,0,149,7,82.56310700016911,True
self_only,30,0.05,2,24,emergency,R2,1,1,0,1,75,0,745,8,119.94690100073058,True
self_only,30,0.05,2,35,blockage,R0,1,1,0,1,0,0,244,5,65.32075299946882,True
self_only,30,0.05,2,40,accident,R2,1,1,0,1,10,0,644,7,141.6972139995778,True
self_only,30,0.05,2,42,conflict,R1,2,2,0,2,2,0,914,14,155.9058990005724,True
self_only,30,0.05,2,47,blockage,R1,2,2,0,2,1,0,750,12,82.67239799897652,True
self_only,30,0.05,2,50,blockage,R0,1,1,0,1,0,0,680,8,42.857243999606,True
self_only,30,0.05,2,67,blockage,R1,2,2,0,2,12,0,415,8,51.64560499906656,True
self_only,30,0.05,2,71,conflict,R1,1,1,0,1,4,0,172,5,35.88702599881799,True
self_only,30,0.05,2,78,blockage,R1,1,1,0,1,0,0,317,3,39.3064689997118,True
self_only,30,0.05,2,90,blockage,R0,1,1,0,1,0,0,68,3,19.645741000203998,True
self_only,30,0.05,4,5,emergency,R1,1,1,0,1,0,0,2367,8,132.90990899986355,True
self_only,30,0.05,4,10,blockage,R1,1,1,0,1,0,0,522,7,57.270332999905804,True
self_only,30,0.05,4,23,blockage,R1,1,1,0,1,0,0,266,7,44.78572500011069,True
self_only,30,0.05,4,31,accident,R2,1,1,0,1,13,0,256,5,40.42904800007818,True
self_only,30,0.05,4,37,blockage,R1,2,2,0,2,1,0,2387,12,112.50321599982271,True
self_only,30,0.05,4,38,emergency,R2,1,1,0,1,46,0,535,8,52.33629299982567,True
self_only,30,0.05,4,40,blockage,R1,1,1,0,1,1,0,145,5,38.91591699903074,True
self_only,30,0.05,4,51,accident,R2,1,1,0,1,13,0,411,5,111.33607299962023,True
self_only,30,0.05,4,61,blockage,R1,2,2,0,2,4,0,5059,10,290.4046829989966,True
self_only,30,0.05,4,68,blockage,R0,1,1,0,1,0,0,68,3,25.83225599846628,True
self_only,30,0.05,4,71,conflict,R1,1,1,0,1,0,0,631,7,57.24508500134107,True
self_only,30,0.05,4,71,conflict,R0,1,1,0,1,0,0,631,7,52.521085999615025,True
self_only,30,0.05,4,71,conflict,R0,1,1,0,1,0,0,631,7,57.36416199943051,True
self_only,30,0.05,4,71,conflict,R0,1,1,0,1,0,0,631,7,56.811974000083865,True
self_only,30,0.05,4,71,conflict,R0,1,1,0,1,0,0,631,7,53.996403999917675,True
self_only,30,0.05,4,71,conflict,R0,1,1,0,1,0,0,631,7,54.1664190004667,True
self_only,30,0.05,4,71,conflict,R0,1,1,0,1,0,0,631,7,50.58582699894032,True
self_only,30,0.05,4,71,conflict,R0,1,1,0,1,0,0,631,7,54.328195001289714,True
self_only,30,0.05,4,71,conflict,R0,1,1,0,1,0,0,631,7,56.50877600055537,True
self_only,30,0.05,4,71,conflict,R0,1,1,0,1,0,0,631,7,51.392165001743706,True
self_only,30,0.05,4,71,conflict,R0,1,1,0,1,0,0,631,7,53.98301200148126,True
self_only,30,0.05,4,71,conflict,R0,1,1,0,1,0,0,631,7,56.81074199856084,True
self_only,30,0.05,4,71,conflict,R0,1,1,0,1,0,0,631,7,60.5261109994899,True
self_only,30,0.05,4,71,conflict,R0,1,1,0,1,0,0,631,7,58.5905920015648,True
self_only,30,0.05,4,71,conflict,R0,1,1,0,1,0,0,631,7,50.80283400093322,True
self_only,30,0.05,4,71,conflict,R0,1,1,0,1,0,0,631,7,59.78467900058604,True
self_only,30,0.05,4,71,conflict,R0,1,1,0,1,0,0,631,7,62.83853899913083,True
self_only,30,0.05,4,71,conflict,R0,1,1,0,1,0,0,631,7,51.91230299897143,True
self_only,30,0.05,4,71,conflict,R0,1,1,0,1,0,0,631,7,51.99583099965821,True
self_only,30,0.05,4,71,conflict,R0,1,1,0,1,0,0,631,7,104.95568399892363,True
self_only,30,0.05,4,71,conflict,R0,1,1,0,1,0,0,631,7,57.62033799874189,True
self_only,30,0.05,4,71,conflict,R0,1,1,0,1,0,0,631,7,51.04189999838127,True
self_only,30,0.05,4,71,conflict,R0,1,1,0,1,0,0,631,7,58.740870999827166,True
self_only,30,0.05,4,71,conflict,R0,1,1,0,1,0,0,631,7,51.982816999952774,True
self_only,30,0.05,4,71,conflict,R0,1,1,0,1,0,0,631,7,56.149641999581945,True
self_only,30,0.05,4,71,conflict,R0,1,1,0,1,0,0,631,7,62.62292800056457,True
self_only,30,0.05,4,71,conflict,R0,1,1,0,1,0,0,631,7,64.45807899945066,True
self_only,30,0.05,4,71,conflict,R0,1,1,0,1,0,0,631,7,52.195488000506884,True
self_only,30,0.05,4,71,conflict,R0,1,1,0,1,0,0,631,7,47.92988699955458,True
self_only,30,0.05,4,71,conflict,R0,1,1,0,1,0,0,631,7,46.48991499925614,True
self_only,30,0.05,4,71,conflict,R0,1,1,0,1,0,0,631,7,48.80049600069469,True
self_only,30,0.05,4,71,conflict,R0,1,1,0,1,0,0,631,7,50.01434400037397,True
self_only,30,0.05,4,71,conflict,R0,1,1,0,1,0,0,631,7,47.01668699999573,True
self_only,30,0.05,4,71,conflict,R0,1,1,0,1,0,0,631,7,52.70255400137103,True
self_only,30,0.05,4,71,conflict,R0,1,1,0,1,0,0,631,7,51.5525910013821,True
self_only,30,0.05,4,71,conflict,R0,1,1,0,1,0,0,631,7,53.90083699967363,True
self_only,30,0.05,4,71,conflict,R0,1,1,0,1,0,0,631,7,49.41461599992181,True
self_only,30,0.05,4,71,conflict,R0,1,1,0,1,0,0,631,7,50.4868419993727,True
self_only,30,0.05,4,71,conflict,R0,1,1,0,1,0,0,631,7,54.45372900067014,True
self_only,30,0.05,4,71,conflict,R0,1,1,0,1,0,0,631,7,57.985751000160235,True
self_only,30,0.05,4,71,conflict,R0,1,1,0,1,0,0,631,7,52.33665100058715,True
self_only,30,0.05,4,71,conflict,R0,1,1,0,1,0,0,631,7,71.29294300102629,True
self_only,30,0.05,4,71,conflict,R0,1,1,0,1,0,0,631,7,66.4010109994706,True
self_only,30,0.05,4,71,conflict,R0,1,1,0,1,0,0,631,7,52.744340000572265,True
self_only,30,0.05,4,71,conflict,R0,1,1,0,1,0,0,631,7,50.383439998768154,True
self_only,30,0.05,4,71,conflict,R0,1,1,0,1,0,0,631,7,57.566143999792985,True
self_only,30,0.05,4,71,conflict,R0,1,1,0,1,0,0,631,7,66.86287799857382,True
self_only,30,0.05,4,71,conflict,R0,1,1,0,1,0,0,631,7,63.20878400038055,True
self_only,30,0.05,4,71,conflict,R0,1,1,0,1,0,0,631,7,69.32293600038975,True
self_only,30,0.05,4,71,conflict,R0,1,1,0,1,0,0,631,7,65.60165300106746,True
self_only,30,0.05,4,71,conflict,R0,1,1,0,1,0,0,631,7,52.01510799997777,True
self_only,30,0.05,4,71,conflict,R0,1,1,0,1,0,0,631,7,58.25822199949471,True
self_only,30,0.05,4,71,conflict,R0,1,1,0,1,0,0,631,7,56.349755001065205,True
self_only,30,0.05,4,71,conflict,R0,1,1,0,1,0,0,631,7,51.28505600077915,True
self_only,30,0.05,4,71,conflict,R0,1,1,0,1,0,0,631,7,56.704734999584616,True
self_only,30,0.05,4,71,conflict,R0,1,1,0,1,0,0,631,7,101.80656600095972,True
self_only,30,0.05,4,71,conflict,R0,1,1,0,1,0,0,631,7,48.551034000411164,True
self_only,30,0.05,4,71,conflict,R0,1,1,0,1,0,0,631,7,54.347982000763295,True
self_only,30,0.05,4,71,conflict,R0,1,1,0,1,0,0,631,7,58.940115000950755,True
self_only,30,0.05,4,71,conflict,R0,1,1,0,1,0,0,631,7,61.76622299972223,True
self_only,30,0.05,4,71,conflict,R0,1,1,0,1,0,0,631,7,48.95303400007833,True
self_only,30,0.05,4,71,conflict,R0,1,1,0,1,0,0,631,7,54.54381799972907,True
self_only,30,0.05,4,71,conflict,R0,1,1,0,1,0,0,631,7,54.058539999459754,True
self_only,30,0.05,4,71,conflict,R0,1,1,0,1,0,0,631,7,58.36858700058656,True
self_only,30,0.05,4,71,conflict,R0,1,1,0,1,0,0,631,7,58.048979999512085,True
self_only,30,0.05,4,71,conflict,R0,1,1,0,1,0,0,631,7,58.954629001163994,True
self_only,30,0.05,4,71,conflict,R0,1,1,0,1,0,0,631,7,61.5669099988736,True
self_only,30,0.05,4,71,conflict,R0,1,1,0,1,0,0,631,7,62.08861100094509,True
self_only,30,0.05,4,71,conflict,R0,1,1,0,1,0,0,631,7,52.431682001042645,True
self_only,30,0.05,4,71,conflict,R0,1,1,0,1,0,0,631,7,53.20263499925204,True
self_only,30,0.05,4,71,conflict,R0,1,1,0,1,0,0,631,7,59.49624899949413,True
self_only,30,0.05,4,71,conflict,R0,1,1,0,1,0,0,631,7,59.691622998798266,True
self_only,30,0.05,4,71,conflict,R0,1,1,0,1,0,0,631,7,51.70706900025834,True
self_only,30,0.05,4,71,conflict,R0,1,1,0,1,0,0,631,7,54.337141000360134,True
self_only,30,0.05,4,71,conflict,R0,1,1,0,1,0,0,631,7,58.95813499955693,True
self_only,30,0.05,4,71,conflict,R0,1,1,0,1,0,0,631,7,60.59543299852521,True
self_only,30,0.05,4,71,conflict,R0,1,1,0,1,0,0,631,7,56.84798900074384,True
self_only,30,0.05,4,71,conflict,R0,1,1,0,1,0,0,631,7,61.849689000155195,True
self_only,30,0.05,4,71,conflict,R0,1,1,0,1,0,0,631,7,61.61304400120571,True
self_only,30,0.05,4,71,conflict,R0,1,1,0,1,0,0,631,7,54.12742000044091,True
self_only,30,0.05,4,71,conflict,R0,1,1,0,1,0,0,631,7,61.8649349999032,True
self_only,30,0.05,4,71,conflict,R0,1,1,0,1,0,0,631,7,54.268959000182804,True
self_only,30,0.05,4,71,conflict,R0,1,1,0,1,0,0,631,7,53.787196999110165,True
self_only,30,0.05,4,71,conflict,R0,1,1,0,1,0,0,631,7,46.49753400008194,True
self_only,30,0.05,4,71,conflict,R0,1,1,0,1,0,0,631,7,139.89408800080128,True
self_only,30,0.05,4,71,conflict,R0,1,1,0,1,0,0,631,7,70.53221400019538,True
self_only,30,0.05,4,71,conflict,R0,1,1,0,1,0,0,631,7,62.73918400074763,True
self_only,30,0.05,4,71,conflict,R0,1,1,0,1,0,0,631,7,73.19372500023746,True
self_only,30,0.05,4,71,conflict,R0,1,1,0,1,0,0,631,7,64.89865699950315,True
self_only,30,0.05,4,71,conflict,R0,1,1,0,1,0,0,631,7,58.144721000644495,True
self_only,30,0.05,4,71,conflict,R0,1,1,0,1,0,0,631,7,57.55692000093404,True
self_only,30,0.05,4,71,conflict,R0,1,1,0,1,0,0,631,7,84.85282400033611,True
self_only,30,0.05,4,71,conflict,R0,1,1,0,1,0,0,631,7,54.92383700038772,True
self_only,30,0.05,4,71,conflict,R0,1,1,0,1,0,0,631,7,62.48716600020998,True
self_only,30,0.05,4,71,conflict,R0,1,1,0,1,0,0,631,7,60.64356099886936,True
self_only,30,0.05,4,71,conflict,R0,1,1,0,1,0,0,631,7,53.1448530000489,True
self_only,30,0.05,4,71,conflict,R0,1,1,0,1,0,0,631,7,52.80583899912017,True
self_only,30,0.05,4,71,conflict,R0,1,1,0,1,0,0,631,7,53.026247000161675,True
self_only,30,0.05,4,71,conflict,R0,1,1,0,1,0,0,631,7,63.38576099915372,True
self_only,30,0.05,4,71,conflict,R0,1,1,0,1,0,0,631,7,60.50213999878906,True
self_only,30,0.05,4,71,conflict,R0,1,1,0,1,0,0,631,7,50.9222469991073,True
self_only,30,0.05,4,71,conflict,R0,1,1,0,1,0,0,631,7,109.64303299988387,True
self_only,30,0.05,4,71,conflict,R0,1,1,0,1,0,0,631,7,96.92373699908785,True
self_only,30,0.05,4,71,conflict,R0,1,1,0,1,0,0,631,7,63.6466849991848,True
self_only,30,0.05,4,71,conflict,R0,1,1,0,1,0,0,631,7,55.14572600077372,True
self_only,30,0.05,4,71,conflict,R0,1,1,0,1,0,0,631,7,54.98607700064895,True
self_only,30,0.05,4,71,conflict,R0,1,1,0,1,0,0,631,7,55.38792699917394,True
self_only,30,0.05,4,71,conflict,R0,1,1,0,1,0,0,631,7,51.68089600010717,True
self_only,30,0.05,4,71,conflict,R0,1,1,0,1,0,0,631,7,53.176576000623754,True
self_only,30,0.05,4,71,conflict,R0,1,1,0,1,0,0,631,7,52.14723700009927,True
self_only,30,0.05,4,71,conflict,R0,1,1,0,1,0,0,631,7,52.17483600063133,True
self_only,30,0.05,4,71,conflict,R0,1,1,0,1,0,0,631,7,54.91675499979465,True
self_only,30,0.05,4,71,conflict,R0,1,1,0,1,0,0,631,7,64.0708139999333,True
self_only,30,0.05,4,71,conflict,R0,1,1,0,1,0,0,631,7,145.3880270000809,True
self_only,30,0.05,4,71,conflict,R0,1,1,0,1,0,0,631,7,54.351841999960016,True
self_only,30,0.05,4,71,conflict,R0,1,1,0,1,0,0,631,7,59.98370399902342,True
self_only,30,0.05,4,71,conflict,R0,1,1,0,1,0,0,631,7,44.03375100082485,True
self_only,30,0.05,4,71,conflict,R0,1,1,0,1,0,0,631,7,42.34677299973555,True
self_only,30,0.05,4,71,conflict,R0,1,1,0,1,0,0,631,7,77.2694559982483,True
self_only,30,0.05,4,71,conflict,R0,1,1,0,1,0,0,631,7,39.08018800029822,True
self_only,30,0.05,4,71,conflict,R0,1,1,0,1,0,0,631,7,40.028154999163235,True
self_only,30,0.05,4,71,conflict,R0,1,1,0,1,0,0,631,7,50.10462000063853,True
self_only,30,0.05,4,71,conflict,R0,1,1,0,1,0,0,631,7,48.57367600016005,True
self_only,30,0.05,4,71,conflict,R0,1,1,0,1,0,0,631,7,70.62052500077698,True
self_only,30,0.05,4,71,conflict,R0,1,1,0,1,0,0,631,7,55.464140999902156,True
self_only,30,0.05,4,71,conflict,R0,1,1,0,1,0,0,631,7,58.93692400059081,True
self_only,30,0.05,4,71,conflict,R0,1,1,0,1,0,0,631,7,47.58520799987309,True
self_only,30,0.05,4,71,conflict,R0,1,1,0,1,0,0,631,7,96.4059100006125,True
self_only,30,0.05,4,71,conflict,R0,1,1,0,1,0,0,631,7,61.23623299936298,True
self_only,30,0.05,4,71,conflict,R0,1,1,0,1,0,0,631,7,39.83950899964839,True
self_only,30,0.05,4,71,conflict,R0,1,1,0,1,0,0,631,7,38.88692600048671,True
self_only,30,0.05,4,71,conflict,R0,1,1,0,1,0,0,631,7,42.33713900066505,True
self_only,30,0.05,4,71,conflict,R0,1,1,0,1,0,0,631,7,39.637387000766466,True
self_only,30,0.05,4,71,conflict,R0,1,1,0,1,0,0,631,7,38.912803000130225,True
self_only,30,0.05,4,71,conflict,R0,1,1,0,1,0,0,631,7,44.140696998510975,True
self_only,30,0.05,4,71,conflict,R0,1,1,0,1,0,0,631,7,67.44885799889744,True
self_only,30,0.05,4,71,conflict,R0,1,1,0,1,0,0,631,7,42.22487100014405,True
self_only,30,0.05,4,71,conflict,R0,1,1,0,1,0,0,631,7,40.555974999733735,True
self_only,30,0.05,4,71,conflict,R0,1,1,0,1,0,0,631,7,39.41691500040179,True
self_only,30,0.05,4,71,conflict,R0,1,1,0,1,0,0,631,7,38.864546000695555,True
self_only,30,0.05,4,71,conflict,R0,1,1,0,1,0,0,631,7,39.79101600089052,True
self_only,30,0.05,4,71,conflict,R0,1,1,0,1,0,0,631,7,74.68158499978017,True
self_only,30,0.05,4,71,conflict,R0,1,1,0,1,0,0,631,7,83.50917600000685,True
self_only,30,0.05,4,71,conflict,R0,1,1,0,1,0,0,631,7,53.175670000200626,True
self_only,30,0.05,4,71,conflict,R0,1,1,0,1,0,0,631,7,46.388343998842174,True
self_only,30,0.05,4,71,conflict,R0,1,1,0,1,0,0,631,7,46.718695000890875,True
self_only,30,0.05,4,71,conflict,R0,1,1,0,1,0,0,631,7,62.536245000956114,True
self_only,30,0.05,4,71,conflict,R0,1,1,0,1,0,0,631,7,91.14376599973184,True
self_only,30,0.05,4,71,conflict,R0,1,1,0,1,0,0,631,7,47.53009399973962,True
self_only,30,0.05,4,71,conflict,R0,1,1,0,1,0,0,631,7,37.10829299961915,True
self_only,30,0.05,4,71,conflict,R0,1,1,0,1,0,0,631,7,77.03420699908747,True
self_only,30,0.05,4,71,conflict,R0,1,1,0,1,0,0,631,7,46.2651409998216,True
self_only,30,0.05,4,71,conflict,R0,1,1,0,1,0,0,631,7,73.82567099921289,True
self_only,30,0.05,4,71,conflict,R0,1,1,0,1,0,0,631,7,85.83203700072772,True
self_only,30,0.05,4,71,conflict,R0,1,1,0,1,0,0,631,7,83.49768300104188,True
self_only,30,0.05,4,71,conflict,R0,1,1,0,1,0,0,631,7,61.886232999313506,True
self_only,30,0.05,4,71,conflict,R0,1,1,0,1,0,0,631,7,39.70451600071101,True
self_only,30,0.05,4,71,conflict,R0,1,1,0,1,0,0,631,7,37.22998400007782,True
self_only,30,0.05,4,71,conflict,R0,1,1,0,1,0,0,631,7,37.83823300000222,True
self_only,30,0.05,4,71,conflict,R0,1,1,0,1,0,0,631,7,46.35239599883789,True
self_only,30,0.05,4,71,conflict,R0,1,1,0,1,0,0,631,7,37.67308600072283,True
self_only,30,0.05,4,71,conflict,R0,1,1,0,1,0,0,631,7,90.10719599973527,True
self_only,30,0.05,4,71,conflict,R0,1,1,0,1,0,0,631,7,85.33258600073168,True
self_only,30,0.05,4,71,conflict,R0,1,1,0,1,0,0,631,7,76.08856300066691,True
self_only,30,0.05,4,71,conflict,R0,1,1,0,1,0,0,631,7,44.78554500019527,True
self_only,30,0.05,4,71,conflict,R0,1,1,0,1,0,0,631,7,38.254994000453735,True
self_only,30,0.05,4,71,conflict,R0,1,1,0,1,0,0,631,7,45.79067600025155,True
self_only,30,0.05,4,71,conflict,R0,1,1,0,1,0,0,631,7,46.01578000074369,True
self_only,30,0.05,4,71,conflict,R0,1,1,0,1,0,0,631,7,43.704710000383784,True
self_only,30,0.05,4,71,conflict,R0,1,1,0,1,0,0,631,7,83.17981800064445,True
self_only,30,0.05,4,71,conflict,R0,1,1,0,1,0,0,631,7,43.57599899958586,True
self_only,30,0.05,4,71,conflict,R0,1,1,0,1,0,0,631,7,50.71544300153619,True
self_only,30,0.05,4,71,conflict,R0,1,1,0,1,0,0,631,7,46.63844499918923,True
self_only,30,0.05,4,71,conflict,R0,1,1,0,1,0,0,631,7,48.07644100037578,True
self_only,30,0.05,4,71,conflict,R0,1,1,0,1,0,0,631,7,50.294570999540156,True
self_only,30,0.05,4,71,conflict,R0,1,1,0,1,0,0,631,7,59.208532999036834,True
self_only,30,0.05,4,71,conflict,R0,1,1,0,1,0,0,631,7,46.49658800008183,True
self_only,30,0.05,4,71,conflict,R0,1,1,0,1,0,0,631,7,96.28958799839893,True
self_only,30,0.05,4,71,conflict,R0,1,1,0,1,0,0,631,7,101.956431999497,True
self_only,30,0.05,4,71,conflict,R0,1,1,0,1,0,0,631,7,100.72916399985843,True
self_only,30,0.05,4,71,conflict,R0,1,1,0,1,0,0,631,7,44.996930000706925,True
self_only,30,0.05,4,71,conflict,R0,1,1,0,1,0,0,631,7,52.72702399997797,True
self_only,30,0.05,4,71,conflict,R0,1,1,0,1,0,0,631,7,60.20825499945204,True
self_only,30,0.05,4,71,conflict,R0,1,1,0,1,0,0,631,7,79.32617199912784,True
self_only,30,0.05,4,71,conflict,R0,1,1,0,1,0,0,631,7,44.83227899982012,True
self_only,30,0.05,4,71,conflict,R0,1,1,0,1,0,0,631,7,43.110736000016914,True
self_only,30,0.05,4,71,conflict,R0,1,1,0,1,0,0,631,7,42.958795000231476,True
self_only,30,0.05,4,71,conflict,R0,1,1,0,1,0,0,631,7,44.49819699948421,True
self_only,30,0.05,4,71,conflict,R0,1,1,0,1,0,0,631,7,50.170612001238624,True
self_only,30,0.05,4,71,conflict,R0,1,1,0,1,0,0,631,7,63.273892001234344,True
self_only,30,0.05,4,71,conflict,R0,1,1,0,1,0,0,631,7,50.25485600162938,True
self_only,30,0.05,4,71,conflict,R0,1,1,0,1,0,0,631,7,43.741429999499815,True
self_only,30,0.05,4,71,conflict,R0,1,1,0,1,0,0,631,7,44.297837999693,True
self_only,30,0.05,4,71,conflict,R0,1,1,0,1,0,0,631,7,84.87162699930195,True
self_only,30,0.05,4,71,conflict,R0,1,1,0,1,0,0,631,7,101.25245400013227,True
self_only,30,0.05,4,71,conflict,R0,1,1,0,1,0,0,631,7,51.53848200097855,True
self_only,30,0.05,4,71,conflict,R0,1,1,0,1,0,0,631,7,55.87894599921128,True
self_only,30,0.05,4,71,conflict,R0,1,1,0,1,0,0,631,7,87.24502399854828,True
self_only,30,0.05,4,71,conflict,R0,1,1,0,1,0,0,631,7,95.8176749991253,True
self_only,30,0.05,4,71,conflict,R0,1,1,0,1,0,0,631,7,85.78513400061638,True
self_only,30,0.05,4,71,conflict,R0,1,1,0,1,0,0,631,7,85.91893999982858,True
self_only,30,0.05,4,71,conflict,R0,1,1,0,1,0,0,631,7,37.87001999990025,True
self_only,30,0.05,4,71,conflict,R0,1,1,0,1,0,0,631,7,40.11666999940644,True
self_only,30,0.05,4,71,conflict,R0,1,1,0,1,0,0,631,7,44.215400999746635,True
self_only,30,0.05,4,71,conflict,R0,1,1,0,1,0,0,631,7,50.70010599956731,True
self_only,30,0.05,4,71,conflict,R0,1,1,0,1,0,0,631,7,58.35499000022537,True
self_only,30,0.05,4,71,conflict,R0,1,1,0,1,0,0,631,7,107.99946000042837,True
self_only,30,0.05,4,71,conflict,R0,1,1,0,1,0,0,631,7,115.30296399905637,True
self_only,30,0.05,4,71,conflict,R0,1,1,0,1,0,0,631,7,163.22999299882213,True
self_only,30,0.05,4,71,conflict,R0,1,1,0,1,0,0,631,7,106.10201800045616,True
self_only,30,0.05,4,71,conflict,R0,1,1,0,1,0,0,631,7,99.8497500004305,True
self_only,30,0.05,4,71,conflict,R0,1,1,0,1,0,0,631,7,114.32548799893993,True
self_only,30,0.05,4,71,conflict,R0,1,1,0,1,0,0,631,7,101.73129400027392,True
self_only,30,0.05,4,71,conflict,R0,1,1,0,1,0,0,631,7,95.45717800028797,True
self_only,30,0.05,4,71,conflict,R0,1,1,0,1,0,0,631,7,87.08046299943817,True
self_only,30,0.05,4,71,conflict,R0,1,1,0,1,0,0,631,7,154.7876710010314,True
self_only,30,0.05,4,71,conflict,R0,1,1,0,1,0,0,631,7,109.93233699991833,True
self_only,30,0.05,4,71,conflict,R0,1,1,0,1,0,0,631,7,101.39189700021234,True
self_only,30,0.05,4,71,conflict,R0,1,1,0,1,0,0,631,7,82.77711299888324,True
self_only,30,0.05,4,71,conflict,R0,1,1,0,1,0,0,631,7,89.63886799938336,True
self_only,30,0.05,4,71,conflict,R0,1,1,0,1,0,0,631,7,79.50911400075711,True
self_only,30,0.05,4,71,conflict,R0,1,1,0,1,0,0,631,7,79.03359299962176,True
self_only,30,0.05,4,71,conflict,R0,1,1,0,1,0,0,631,7,79.46951200028707,True
self_only,30,0.05,4,71,conflict,R0,1,1,0,1,0,0,631,7,83.41313899836678,True
self_only,30,0.05,4,71,conflict,R0,1,1,0,1,0,0,631,7,73.2456200003071,True
self_only,30,0.05,4,71,conflict,R0,1,1,0,1,0,0,631,7,114.17653500029701,True
self_only,30,0.05,4,71,conflict,R0,1,1,0,1,0,0,631,7,102.39976699995168,True
self_only,30,0.05,4,71,conflict,R0,1,1,0,1,0,0,631,7,38.63071599880641,True
self_only,30,0.05,4,71,conflict,R0,1,1,0,1,0,0,631,7,38.45747000013944,True
self_only,30,0.05,4,71,conflict,R0,1,1,0,1,0,0,631,7,39.50489000089874,True
self_only,30,0.05,4,71,conflict,R0,1,1,0,1,0,0,631,7,40.815862999806996,True
self_only,30,0.05,4,71,conflict,R0,1,1,0,1,0,0,631,7,35.75777700098115,True
self_only,30,0.05,4,71,conflict,R0,1,1,0,1,0,0,631,7,50.82570899867278,True
self_only,30,0.05,4,71,conflict,R0,1,1,0,1,0,0,631,7,59.02957800026343,True
self_only,30,0.05,4,71,conflict,R0,1,1,0,1,0,0,631,7,41.50730100082001,True
self_only,30,0.05,4,71,conflict,R0,1,1,0,1,0,0,631,7,41.6533959996741,True
self_only,30,0.05,4,71,conflict,R0,1,1,0,1,0,0,631,7,47.72976700041909,True
self_only,30,0.05,4,71,conflict,R0,1,1,0,1,0,0,631,7,88.1665230008366,True
self_only,30,0.05,4,71,conflict,R0,1,1,0,1,0,0,631,7,81.65153000118153,True
self_only,30,0.05,4,71,conflict,R0,1,1,0,1,0,0,631,7,33.72217399919464,True
self_only,30,0.05,4,80,blockage,R1,4,4,0,4,8,0,679,16,89.39893399838184,True
self_only,30,0.05,5,7,blockage,R1,1,1,0,1,0,0,953,7,83.46557099866914,True
self_only,30,0.05,5,9,emergency,R2,1,1,0,1,37,0,1352,8,89.29535599963856,True
self_only,30,0.05,5,20,accident,R1,1,1,0,1,4,0,338,7,34.49745299985807,True
self_only,30,0.05,5,21,blockage,R2,2,2,0,2,18,0,803,14,90.88938000058988,True
self_only,30,0.05,5,24,blockage,R1,1,1,0,1,3,0,652,7,63.62451400127611,True
self_only,30,0.05,5,33,blockage,R1,1,1,0,1,0,0,611,5,52.72844300088764,True
self_only,30,0.05,5,36,emergency,R2,1,1,0,1,21,0,392,6,41.1417960003746,True
self_only,30,0.05,5,48,accident,R2,1,1,0,1,16,0,412,7,58.45558600049117,True
self_only,30,0.05,5,48,conflict,R1,2,2,0,2,5,0,875,14,76.87233700016805,True
self_only,30,0.05,5,49,conflict,R1,2,2,0,2,0,0,682,12,56.42702899967844,True
self_only,30,0.05,5,51,conflict,R2,2,2,0,2,14,0,734,12,75.10528200145927,True
self_only,30,0.05,5,52,conflict,R1,2,2,0,2,5,0,606,14,62.35319999905187,True
self_only,30,0.05,5,57,blockage,R1,3,3,0,3,3,0,913,13,82.03020099972491,True
self_only,30,0.05,5,62,blockage,R0,1,1,0,1,0,0,309,5,92.83269600018684,True
self_only,30,0.05,5,64,blockage,R2,3,3,0,3,9,0,828,13,88.96099400044477,True
self_only,30,0.05,5,66,blockage,R1,2,2,0,2,3,0,368,8,50.45141999835323,True
self_only,30,0.05,5,68,blockage,R1,1,1,0,1,2,0,89,5,31.93479999936244,True
self_only,30,0.05,5,70,conflict,R1,1,1,0,1,1,0,64,3,35.00734400040528,True
self_only,30,0.05,5,76,blockage,R0,1,1,0,1,0,0,69,3,28.655796000748524,True
self_only,30,0.05,6,6,blockage,R1,2,2,0,2,2,0,4462,14,264.02087600035884,True
self_only,30,0.05,6,8,blockage,R1,1,1,0,1,0,0,1391,7,100.49913599868887,True
self_only,30,0.05,6,18,emergency,R2,1,1,0,1,51,0,560,8,60.05765499867266,True
self_only,30,0.05,6,39,blockage,R2,2,2,0,2,14,0,691,14,126.4971050004533,True
self_only,30,0.05,6,41,blockage,R0,1,1,0,1,0,0,2777,5,118.51707999994687,True
self_only,30,0.05,6,46,accident,R2,1,1,0,1,12,0,146,5,45.03024499899766,True
self_only,30,0.05,6,47,accident,R1,1,1,0,1,5,0,670,7,60.16957400061074,True
self_only,30,0.05,6,47,conflict,R2,2,2,0,2,9,0,953,12,53.32226899918169,True
self_only,30,0.05,6,49,emergency,R2,1,1,0,1,14,0,236,6,24.706436999622383,True
self_only,30,0.05,6,50,conflict,R1,2,2,0,2,3,0,224,8,30.10954099954688,True
self_only,30,0.05,6,52,blockage,R1,1,1,0,1,2,0,98,5,24.97167600085959,True
self_only,30,0.05,6,61,blockage,R2,1,1,0,1,10,0,715,5,41.777451000598376,True
self_only,30,0.05,6,79,blockage,R1,3,3,0,3,4,0,909,13,47.628352000174345,True
self_only,30,0.05,6,82,blockage,R1,3,3,0,3,2,0,4284,9,192.7696599996125,True
self_only,30,0.05,6,87,blockage,R1,2,2,0,2,11,0,552,10,46.20239600080822,True
self_only,30,0.05,6,90,blockage,R1,1,1,0,1,1,0,567,5,29.56107200043334,True
self_only,30,0.05,6,100,blockage,R1,1,1,0,1,1,0,290,3,26.229492999846116,True
self_only,30,0.05,6,103,conflict,R1,1,1,0,1,3,0,47,3,21.725062000768958,True
self_only,30,0.05,7,2,emergency,R2,1,1,0,1,35,0,1269,8,138.66937000057078,True
self_only,30,0.05,7,6,conflict,R1,1,1,0,1,6,0,325,7,69.51342299907992,True
self_only,30,0.05,7,12,blockage,R2,2,2,0,2,16,0,1219,14,210.30553499986127,True
self_only,30,0.05,7,27,blockage,R1,1,1,0,1,0,0,6221,5,529.5255840010213,True
self_only,30,0.05,7,28,breakdown+emergency,R4,2,2,0,2,66,0,2414159,25,138377.75736999902,False
self_only,30,0.05,7,30,blockage,R1,1,1,0,1,0,0,377,5,57.72058500042476,True
self_only,30,0.05,7,35,blockage,R2,2,2,0,2,47,0,539,12,102.01790799874288,True
self_only,30,0.05,7,45,accident,R2,1,1,0,1,11,0,327,5,46.033675000217045,True
self_only,30,0.05,7,67,blockage,R1,1,1,0,1,4,0,212,5,30.473787999653723,True
self_only,30,0.05,7,92,blockage,R1,1,1,0,1,3,0,47,3,30.389246001504944,True
self_only,30,0.05,8,18,emergency,R2,1,1,0,1,14,0,185,8,58.18895000084012,True
self_only,30,0.05,8,35,emergency,R2,1,1,0,1,37,0,513,6,55.64385400066385,True
self_only,30,0.05,8,50,accident,R2,1,1,0,1,14,0,324,5,50.74765099925571,True
self_only,30,0.05,8,53,blockage,R1,1,1,0,1,4,0,882,7,92.61684599914588,True
self_only,30,0.05,8,55,blockage,R2,1,1,0,1,10,0,370,5,67.77124400105095,True
self_only,30,0.05,8,55,conflict,R1,2,2,0,2,6,0,764,10,78.34571000057622,True
self_only,30,0.05,8,60,accident,R1,1,1,0,1,0,0,298,3,55.50097900049877,True
self_only,30,0.05,8,79,blockage,R0,1,1,0,1,0,0,232,3,40.85077299896511,True
self_only,30,0.05,8,88,blockage,R1,3,3,0,3,12,0,2847,9,227.1415129998786,True
