mode,N,density,seed,t,event_type,level_resolved,n_altered_plan,n_altered_path,n_delayed_only,n_altered_naive,added_delay_total,messages,pocl_nodes,st_astar_calls,cpu_ms,success
global,5,0.0,0,26,emergency,R2_restart,3,3,0,3,44,0,1395,35,175.51634799997373,True
global,5,0.0,0,29,accident,R2_restart,5,5,0,5,4,0,1340,35,63.776050000001305,True
global,5,0.0,0,30,emergency,R2_restart,4,5,0,5,11,0,1495,35,57.58198899991385,True
global,5,0.0,0,35,accident,R2_restart,5,5,0,5,2,0,1250,31,56.15318499997102,True
global,5,0.0,1,11,accident,R2_restart,2,2,0,2,22,0,2046,35,177.62288099993384,True
global,5,0.0,1,26,accident,R2_restart,5,5,0,5,5,0,1929,35,83.4617259999959,True
global,5,0.0,1,27,emergency,R2_restart,5,5,0,5,5,0,2009,35,73.26298700002098,True
global,5,0.0,1,45,emergency,R2_restart,3,3,0,3,3,0,1835,25,98.10495600004288,True
global,5,0.0,2,17,breakdown,R2_restart,3,3,0,3,3,0,1825,35,132.0123490000924,True
global,5,0.0,2,18,emergency,R2_restart,3,3,0,3,1,0,1795,35,57.739450999974906,True
global,5,0.0,2,29,emergency,R2_restart,5,5,0,5,5,0,1710,35,66.2664810000706,True
global,5,0.0,2,33,accident,R2_restart,4,5,0,5,4,0,1662,33,68.636645999959,True
global,5,0.0,3,7,emergency,R2_restart,2,2,0,2,40,0,1822,35,145.3693870000734,True
global,5,0.0,3,23,breakdown+emergency,R2_restart,4,4,0,4,3,0,1609,35,37.10822499999722,True
global,5,0.0,3,39,breakdown,R2_restart,5,5,0,5,4,0,1383,31,38.706999000055475,True
global,5,0.0,4,27,emergency,R2_restart,4,4,0,4,17,0,1603,31,188.79637300005925,True
global,5,0.0,4,36,accident,R2_restart,5,5,0,5,4,0,1521,29,62.124079000000165,True
global,5,0.0,4,37,emergency,R2_restart,4,5,0,5,4,0,1536,29,101.97846899995966,True
global,5,0.0,4,41,accident,R2_restart,4,5,0,5,4,0,1500,29,69.56460300000344,True
global,5,0.0,5,13,emergency,R2_restart,4,4,0,4,19,0,1452,33,176.115133000053,True
global,5,0.0,5,20,emergency,R2_restart,2,2,0,2,4,0,1355,33,53.27376100001402,True
global,5,0.0,5,37,accident,R2_restart,4,5,0,5,2,0,1131,29,51.01498999999876,True
global,5,0.0,5,38,accident,R2_restart,3,3,0,3,3,0,1129,29,45.69825900000524,True
global,5,0.0,6,7,emergency,R2_restart,3,4,0,4,67,0,1768,35,278.8162159999956,True
global,5,0.0,6,9,breakdown,R2_restart,3,3,0,3,2,0,1750,35,95.61811000003217,True
global,5,0.0,6,26,emergency,R2_restart,5,5,0,5,5,0,1599,35,176.69808699997702,True
global,5,0.0,6,27,accident,R2_restart,5,5,0,5,5,0,1599,35,84.22928400000274,True
global,5,0.0,7,2,accident,R2_restart,3,3,0,3,30,0,2497,35,235.44179799989706,True
global,5,0.0,7,6,emergency,R2_restart,3,5,0,5,0,0,2075,35,77.95819599994047,True
global,5,0.0,7,21,emergency,R2_restart,4,4,0,4,2,0,1761,33,68.4057109999685,True
global,5,0.0,7,42,accident,R2_restart,4,4,0,4,4,0,1477,27,68.98529499994766,True
global,5,0.0,8,3,emergency,R2_restart,5,5,0,5,26,0,1802,35,340.64901499993994,True
global,5,0.0,8,7,accident,R2_restart,1,2,0,2,0,0,1750,35,66.47699399991325,True
global,5,0.0,8,20,emergency,R2_restart,4,5,0,5,4,0,1591,35,67.79562400004124,True
global,5,0.0,8,46,accident,R2_restart,5,5,0,5,4,0,1325,27,62.24151300000358,True
global,5,0.0,9,10,accident,R2_restart,5,5,0,5,84,0,1524,35,333.30124799999794,True
global,5,0.0,9,16,emergency,R2_restart,2,3,0,3,1,0,1431,35,131.02046400001655,True
global,5,0.0,9,17,emergency,R2_restart,2,3,0,3,1,0,1443,35,70.22620399993684,True
global,5,0.0,9,36,breakdown,R2_restart,4,4,0,4,4,0,1201,33,64.92631500009338,True
global,5,0.05,0,22,emergency,R2_restart,4,4,0,4,44,0,1420,35,101.13656299995455,True
global,5,0.05,0,23,emergency,R2_restart,4,4,0,4,3,0,1409,35,38.23947299997599,True
global,5,0.05,0,26,blockage,R2_restart,3,3,0,3,13,0,1731,35,52.10883399990962,True
global,5,0.05,0,30,accident,R2_restart,4,4,0,4,2,0,1378,35,50.93801699990763,True
global,5,0.05,0,48,breakdown,R2_restart,4,5,0,5,4,0,984,31,42.30051300010018,True
global,5,0.05,1,5,emergency,R2_restart,2,2,0,2,22,0,1849,35,145.53720999992947,True
global,5,0.05,1,24,accident,R2_restart,4,4,0,4,4,0,1681,35,68.74575599999844,True
global,5,0.05,1,45,emergency,R2_restart,3,3,0,3,2,0,1508,25,58.351985999934186,True
global,5,0.05,1,49,breakdown,R2_restart,5,5,0,5,3,0,1515,25,54.71263499998713,True
global,5,0.05,2,10,emergency,R2_restart,3,3,0,3,1,0,1879,35,393.3379129999821,True
global,5,0.05,2,27,accident,R2_restart,5,5,0,5,7,0,1738,35,153.36495199994715,True
global,5,0.05,2,30,emergency,R2_restart,5,5,0,5,3,0,1681,33,71.51623799995832,True
global,5,0.05,2,32,accident,R2_restart,5,5,0,5,5,0,1678,33,62.872396999978264,True
global,5,0.05,3,8,accident,R2_restart,3,3,0,3,40,0,1783,35,241.46835500005182,True
global,5,0.05,3,11,emergency,R2_restart,3,4,0,4,3,0,1716,35,73.72017399995912,True
global,5,0.05,3,17,accident,R2_restart,4,5,0,5,4,0,1664,35,166.08078299998397,True
global,5,0.05,3,38,emergency,R2_restart,5,5,0,5,4,0,1429,31,188.00995900005546,True
global,5,0.05,4,19,blockage,R2_restart,4,4,0,4,18,0,1938,35,225.65727599999263,True
global,5,0.05,4,35,emergency,R2_restart,2,2,0,2,2,0,1721,29,210.1959069999566,True
global,5,0.05,4,44,emergency,R2_restart,5,5,0,5,5,0,1542,29,205.03586699999232,True
global,5,0.05,4,49,accident,R2_restart,4,5,0,5,3,0,1380,27,151.72126999993907,True
global,5,0.05,4,61,accident,R2_restart,5,5,0,5,5,0,1237,27,127.17504399995505,True
global,5,0.05,5,11,accident,R2_restart,4,4,0,4,23,0,1550,35,131.84408600000097,True
global,5,0.05,5,20,emergency,R2_restart,2,3,0,3,4,0,1500,33,48.72105000004012,True
global,5,0.05,5,35,emergency,R2_restart,5,5,0,5,5,0,1426,29,64.68724400008341,True
global,5,0.05,5,42,breakdown,R2_restart,3,4,0,4,3,0,1353,29,43.41364600009001,True
global,5,0.05,6,1,blockage,R2_restart,3,3,0,3,64,0,1835,35,238.7819699999909,True
global,5,0.05,6,3,accident,R2_restart,1,1,0,1,0,0,1806,35,105.38151000002927,True
global,5,0.05,6,27,emergency,R2_restart,5,5,0,5,5,0,1551,35,110.14535300000716,True
global,5,0.05,6,40,emergency,R2_restart,4,4,0,4,3,0,1392,31,141.35169799999403,True
global,5,0.05,6,45,accident,R2_restart,3,4,0,4,14,0,1728,31,135.5695409999953,True
global,5,0.05,6,78,blockage,R2_restart,3,3,0,3,3,0,922,21,63.63562399997136,True
global,5,0.05,7,8,emergency,R2_restart,3,4,0,4,24,0,1914,35,190.64802100001543,True
global,5,0.05,7,15,emergency,R2_restart,4,4,0,4,3,0,1831,35,151.59976699999334,True
global,5,0.05,7,17,blockage,R2_restart,4,4,0,4,4,0,1790,35,152.6691799999753,True
global,5,0.05,7,19,accident,R2_restart,5,5,0,5,4,0,1778,35,82.62162799996986,True
global,5,0.05,7,33,accident,R2_restart,4,5,0,5,6,0,1444,31,85.57277500005966,True
global,5,0.05,7,41,blockage,R2_restart,3,4,0,4,3,0,1349,29,70.74601700003313,True
global,5,0.05,7,54,blockage,R2_restart,4,4,0,4,5,0,1260,23,77.60878999999932,True
global,5,0.05,7,64,blockage,R2_restart,3,3,0,3,3,0,1155,21,92.53887200009103,True
global,5,0.05,8,2,emergency,R2_restart,4,4,0,4,30,0,2349,35,449.1958370000475,True
global,5,0.05,8,3,accident,R2_restart,1,1,0,1,0,0,2306,35,167.30831799998214,True
global,5,0.05,8,13,emergency,R2_restart,2,3,0,3,1,0,2177,35,157.59664299991982,True
global,5,0.05,8,56,accident,R2_restart,3,3,0,3,1,0,1508,25,154.3354330000284,True
global,5,0.05,8,62,blockage,R2_restart,3,4,0,4,1,0,1400,25,315.39237200001935,True
global,5,0.05,9,8,accident,R2_restart,4,4,0,4,80,0,1546,35,212.71554999998443,True
global,5,0.05,9,15,accident,R2_restart,2,3,0,3,1,0,1468,35,61.86372800004847,True
global,5,0.05,9,18,emergency,R2_restart,2,3,0,3,1,0,1435,35,77.17793999995592,True
global,5,0.05,9,33,emergency,R2_restart,5,5,0,5,5,0,1264,35,69.13670099993396,True
global,5,0.05,9,67,blockage,R2_restart,2,3,0,3,1,0,771,21,40.80044700003782,True
global,10,0.0,0,22,emergency,R2_restart,10,10,0,10,24,0,3043,68,297.236994000059,True
global,10,0.0,0,25,accident,R2_restart,8,8,0,8,7,0,2930,66,133.91555399994104,True
global,10,0.0,0,30,emergency,R2_restart,5,7,0,7,5,0,2836,62,207.47924099998727,True
global,10,0.0,0,31,accident,R2_restart,6,8,0,8,12,0,3035,62,292.25958700010324,True
global,10,0.0,1,17,emergency,R2_restart,7,7,0,7,25,0,3428,70,889.1928790000065,True
global,10,0.0,1,29,emergency,R2_restart,7,8,0,8,7,0,3053,66,126.60180199998194,True
global,10,0.0,1,49,breakdown,R2_restart,6,7,0,7,4,0,2658,52,126.12533999993047,True
global,10,0.0,1,53,accident,R2_restart,7,8,0,8,6,0,2621,52,136.4180909999959,True
global,10,0.0,2,11,breakdown,R2_restart,7,8,0,8,99,0,3941,68,246.85857999998007,True
global,10,0.0,2,12,emergency,R2_restart,1,2,0,2,0,0,3929,68,104.18919899996126,True
global,10,0.0,2,21,accident,R2_restart,8,9,0,9,8,0,3951,68,117.16295500002616,True
global,10,0.0,2,41,emergency,R2_restart,7,7,0,7,4,0,3080,58,88.74708199994075,True
global,10,0.0,3,9,accident,R2_restart,8,8,0,8,34,0,3242,70,448.09096799997405,True
global,10,0.0,3,27,emergency,R2_restart,9,9,0,9,9,0,2809,68,208.17356800000653,True
global,10,0.0,3,37,emergency,R2_restart,8,8,0,8,6,0,2608,64,115.787403000013,True
global,10,0.0,3,39,accident,R2_restart,9,9,0,9,8,0,2592,64,202.8791130001082,True
global,10,0.0,4,3,accident,R2_restart,8,8,0,8,18,0,3238,70,220.0305850000177,True
global,10,0.0,4,13,emergency,R2_restart,3,6,0,6,2,0,2971,70,113.5639159999755,True
global,10,0.0,4,20,emergency,R2_restart,10,10,0,10,10,0,2836,70,106.06920299994727,True
global,10,0.0,4,52,accident,R2_restart,3,3,0,3,4,0,2264,50,75.09558399999605,True
global,10,0.0,5,16,emergency,R2_restart,9,9,0,9,91,0,3762,68,298.731867000015,True
global,10,0.0,5,29,emergency,R2_restart,7,8,0,8,9,0,3495,62,116.06645100005153,True
global,10,0.0,5,34,accident,R2_restart,9,9,0,9,8,0,3303,62,130.14403900001525,True
global,10,0.0,5,41,accident,R2_restart,8,9,0,9,7,0,2891,60,103.48723899994638,True
global,10,0.0,6,10,accident+emergency,R2_restart,6,8,0,8,68,0,61569,70,1497.6437090000445,True
global,10,0.0,6,42,breakdown,R2_restart,8,8,0,8,6,0,59924,58,1351.170361999948,True
global,10,0.0,6,47,emergency,R2_restart,10,10,0,10,10,0,60213,54,1403.351999999927,True
global,10,0.0,7,3,accident,R2_restart,7,8,0,8,131,0,11406,70,854.8495420000108,True
global,10,0.0,7,6,emergency,R2_restart,1,2,0,2,0,0,11345,70,806.8477780000194,True
global,10,0.0,7,22,emergency,R2_restart,6,7,0,7,9,0,12177,62,1154.4206969999777,True
global,10,0.0,7,46,accident,R2_restart,7,8,0,8,5,0,10346,52,470.83741200003715,True
global,10,0.0,8,3,accident,R2_restart,7,9,0,9,88,0,4126,70,1294.1583179999725,True
global,10,0.0,8,20,breakdown+emergency,R2_restart,10,10,0,10,9,0,3756,70,326.3163040001018,True
global,10,0.0,8,22,emergency,R2_restart,9,10,0,10,14,0,3865,70,164.35692800007473,True
global,10,0.0,9,13,breakdown,R2_restart,8,8,0,8,73,0,2782,70,378.0862280000292,True
global,10,0.0,9,26,emergency,R2_restart,6,7,0,7,6,0,2493,64,85.03079800004798,True
global,10,0.0,9,29,emergency,R2_restart,7,8,0,8,6,0,2409,64,107.7946330000259,True
global,10,0.0,9,48,accident,R2_restart,9,9,0,9,9,0,1926,58,93.09438499997214,True
global,10,0.05,0,2,accident,R2_restart,7,9,0,9,7,0,3866,70,514.1173190000927,True
global,10,0.05,0,15,blockage,R2_restart,6,6,0,6,4,0,3393,70,203.07075200003055,True
global,10,0.05,0,16,emergency,R2_restart,7,7,0,7,15,0,3833,70,153.76470600006087,True
global,10,0.05,0,17,breakdown,R2_restart,8,8,0,8,4,0,3564,70,337.3942949999673,True
global,10,0.05,0,19,blockage,R2_restart,7,8,0,8,5,0,3157,70,161.8470429999661,True
global,10,0.05,0,30,emergency,R2_restart,5,6,0,6,7,0,2807,62,119.99898700003087,True
global,10,0.05,0,49,blockage,R2_restart,6,6,0,6,6,0,2323,54,94.62625600008323,True
global,10,0.05,0,58,blockage,R2_restart,6,7,0,7,5,0,2283,50,120.20917799998188,True
global,10,0.05,0,81,blockage,R2_restart,7,7,0,7,7,0,1568,38,135.00328300006004,True
global,10,0.05,1,6,emergency,R2_restart,8,9,0,9,12,0,3657,70,196.9722690000708,True
global,10,0.05,1,16,blockage,R2_restart,7,7,0,7,10,0,3419,70,96.23136499999418,True
global,10,0.05,1,26,blockage,R2_restart,8,8,0,8,8,0,3022,70,85.37136100005682,True
global,10,0.05,1,30,emergency,R2_restart,8,8,0,8,8,0,2957,68,54.06730400000015,True
global,10,0.05,1,34,blockage,R2_restart,7,7,0,7,11,0,3067,64,56.564125000022614,True
global,10,0.05,1,39,breakdown,R2_restart,6,6,0,6,5,0,2901,60,51.86076999996203,True
global,10,0.05,1,44,blockage,R2_restart,9,9,0,9,7,0,2687,60,53.60279800004264,True
global,10,0.05,1,56,accident,R2_restart,8,8,0,8,6,0,2361,54,62.78550499996527,True
global,10,0.05,1,56,conflict,R2_restart,1,1,0,1,0,0,2361,54,59.867574999998396,True
global,10,0.05,1,56,conflict,R2_restart,1,1,0,1,0,0,2361,54,39.91541799996412,True
global,10,0.05,1,56,conflict,R2_restart,1,1,0,1,0,0,2361,54,38.89143400010653,True
global,10,0.05,1,56,conflict,R2_restart,1,1,0,1,0,0,2361,54,40.51842499995928,True
global,10,0.05,1,56,conflict,R2_restart,1,1,0,1,0,0,2361,54,43.18072099999881,True
global,10,0.05,1,56,conflict,R2_restart,1,1,0,1,0,0,2361,54,41.96962399998938,True
global,10,0.05,1,56,conflict,R2_restart,1,1,0,1,0,0,2361,54,42.1990160000405,True
global,10,0.05,1,56,conflict,R2_restart,1,1,0,1,0,0,2361,54,42.96493700007886,True
global,10,0.05,1,56,conflict,R2_restart,1,1,0,1,0,0,2361,54,47.51262400009182,True
global,10,0.05,1,56,conflict,R2_restart,1,1,0,1,0,0,2361,54,46.2976000000026,True
global,10,0.05,1,56,conflict,R2_restart,1,1,0,1,0,0,2361,54,51.235958999996,True
global,10,0.05,1,56,conflict,R2_restart,1,1,0,1,0,0,2361,54,43.25155099991207,True
global,10,0.05,1,56,conflict,R2_restart,1,1,0,1,0,0,2361,54,43.92032200007634,True
global,10,0.05,1,56,conflict,R2_restart,1,1,0,1,0,0,2361,54,55.78706299991154,True
global,10,0.05,1,56,conflict,R2_restart,1,1,0,1,0,0,2361,54,79.99877800000377,True
global,10,0.05,1,56,conflict,R2_restart,1,1,0,1,0,0,2361,54,63.19616999996924,True
global,10,0.05,1,56,conflict,R2_restart,1,1,0,1,0,0,2361,54,59.16786799991769,True
global,10,0.05,1,56,conflict,R2_restart,1,1,0,1,0,0,2361,54,39.92771299999731,True
global,10,0.05,1,56,conflict,R2_restart,1,1,0,1,0,0,2361,54,38.15147000000252,True
global,10,0.05,1,56,conflict,R2_restart,1,1,0,1,0,0,2361,54,41.519836000020405,True
global,10,0.05,1,56,conflict,R2_restart,1,1,0,1,0,0,2361,54,45.22181700008332,True
global,10,0.05,1,56,conflict,R2_restart,1,1,0,1,0,0,2361,54,39.56773599998087,True
global,10,0.05,1,56,conflict,R2_restart,1,1,0,1,0,0,2361,54,39.48971799991341,True
global,10,0.05,1,56,conflict,R2_restart,1,1,0,1,0,0,2361,54,39.32515999997577,True
global,10,0.05,1,56,conflict,R2_restart,1,1,0,1,0,0,2361,54,44.930950999969355,True
global,10,0.05,1,56,conflict,R2_restart,1,1,0,1,0,0,2361,54,50.98982900005922,True
global,10,0.05,1,56,conflict,R2_restart,1,1,0,1,0,0,2361,54,49.13298799999666,True
global,10,0.05,1,56,conflict,R2_restart,1,1,0,1,0,0,2361,54,49.89449200002127,True
global,10,0.05,1,56,conflict,R2_restart,1,1,0,1,0,0,2361,54,47.93870900005004,True
global,10,0.05,1,56,conflict,R2_restart,1,1,0,1,0,0,2361,54,55.55778100006137,True
global,10,0.05,1,56,conflict,R2_restart,1,1,0,1,0,0,2361,54,51.099536000037915,True
global,10,0.05,1,56,conflict,R2_restart,1,1,0,1,0,0,2361,54,75.49652399995921,True
global,10,0.05,1,56,conflict,R2_restart,1,1,0,1,0,0,2361,54,93.56425999999374,True
global,10,0.05,1,56,conflict,R2_restart,1,1,0,1,0,0,2361,54,55.25523500000418,True
global,10,0.05,1,56,conflict,R2_restart,1,1,0,1,0,0,2361,54,80.22892600001796,True
global,10,0.05,1,56,conflict,R2_restart,1,1,0,1,0,0,2361,54,67.94654599991645,True
global,10,0.05,1,56,conflict,R2_restart,1,1,0,1,0,0,2361,54,65.64849799997319,True
global,10,0.05,1,56,conflict,R2_restart,1,1,0,1,0,0,2361,54,54.05616899997767,True
global,10,0.05,1,56,conflict,R2_restart,1,1,0,1,0,0,2361,54,49.1645540000718,True
global,10,0.05,1,56,conflict,R2_restart,1,1,0,1,0,0,2361,54,45.59105800001362,True
global,10,0.05,1,56,conflict,R2_restart,1,1,0,1,0,0,2361,54,62.28344099997685,True
global,10,0.05,1,56,conflict,R2_restart,1,1,0,1,0,0,2361,54,59.20860800006267,True
global,10,0.05,1,56,conflict,R2_restart,1,1,0,1,0,0,2361,54,51.90697299997282,True
global,10,0.05,1,56,conflict,R2_restart,1,1,0,1,0,0,2361,54,88.49152200002663,True
global,10,0.05,1,56,conflict,R2_restart,1,1,0,1,0,0,2361,54,71.38937699994585,True
global,10,0.05,1,56,conflict,R2_restart,1,1,0,1,0,0,2361,54,74.54531400003361,True
global,10,0.05,1,56,conflict,R2_restart,1,1,0,1,0,0,2361,54,85.41370800003278,True
global,10,0.05,1,56,conflict,R2_restart,1,1,0,1,0,0,2361,54,67.67856299995856,True
global,10,0.05,1,56,conflict,R2_restart,1,1,0,1,0,0,2361,54,68.37020500006474,True
global,10,0.05,1,56,conflict,R2_restart,1,1,0,1,0,0,2361,54,66.8518379999341,True
global,10,0.05,1,56,conflict,R2_restart,1,1,0,1,0,0,2361,54,81.25993400005882,True
global,10,0.05,1,56,conflict,R2_restart,1,1,0,1,0,0,2361,54,78.15031200004796,True
global,10,0.05,1,56,conflict,R2_restart,1,1,0,1,0,0,2361,54,63.87064400007603,True
global,10,0.05,1,56,conflict,R2_restart,1,1,0,1,0,0,2361,54,70.05849499989836,True
global,10,0.05,1,56,conflict,R2_restart,1,1,0,1,0,0,2361,54,70.22669599996334,True
global,10,0.05,1,56,conflict,R2_restart,1,1,0,1,0,0,2361,54,61.278904999994666,True
global,10,0.05,1,56,conflict,R2_restart,1,1,0,1,0,0,2361,54,69.66702599993368,True
global,10,0.05,1,56,conflict,R2_restart,1,1,0,1,0,0,2361,54,67.5927209999827,True
global,10,0.05,1,56,conflict,R2_restart,1,1,0,1,0,0,2361,54,42.31254100000115,True
global,10,0.05,1,56,conflict,R2_restart,1,1,0,1,0,0,2361,54,44.73199999995359,True
global,10,0.05,1,56,conflict,R2_restart,1,1,0,1,0,0,2361,54,38.46408499998688,True
global,10,0.05,1,56,conflict,R2_restart,1,1,0,1,0,0,2361,54,44.84218499999315,True
global,10,0.05,1,56,conflict,R2_restart,1,1,0,1,0,0,2361,54,42.20660299995416,True
global,10,0.05,1,56,conflict,R2_restart,1,1,0,1,0,0,2361,54,39.49174700005642,True
global,10,0.05,1,56,conflict,R2_restart,1,1,0,1,0,0,2361,54,39.760797999974784,True
global,10,0.05,1,56,conflict,R2_restart,1,1,0,1,0,0,2361,54,45.28191800000059,True
global,10,0.05,1,56,conflict,R2_restart,1,1,0,1,0,0,2361,54,47.30509900002744,True
global,10,0.05,1,56,conflict,R2_restart,1,1,0,1,0,0,2361,54,41.760257999953865,True
global,10,0.05,1,56,conflict,R2_restart,1,1,0,1,0,0,2361,54,42.17888999994557,True
global,10,0.05,1,56,conflict,R2_restart,1,1,0,1,0,0,2361,54,45.0527159999865,True
global,10,0.05,1,56,conflict,R2_restart,1,1,0,1,0,0,2361,54,39.92640299998129,True
global,10,0.05,1,56,conflict,R2_restart,1,1,0,1,0,0,2361,54,38.51409699996111,True
global,10,0.05,1,56,conflict,R2_restart,1,1,0,1,0,0,2361,54,45.568375000016204,True
global,10,0.05,1,56,conflict,R2_restart,1,1,0,1,0,0,2361,54,39.07901600007335,True
global,10,0.05,1,56,conflict,R2_restart,1,1,0,1,0,0,2361,54,38.40509700000894,True
global,10,0.05,1,56,conflict,R2_restart,1,1,0,1,0,0,2361,54,38.363090999951055,True
global,10,0.05,1,56,conflict,R2_restart,1,1,0,1,0,0,2361,54,59.325974999978826,True
global,10,0.05,1,56,conflict,R2_restart,1,1,0,1,0,0,2361,54,42.023062999987815,True
global,10,0.05,1,56,conflict,R2_restart,1,1,0,1,0,0,2361,54,46.27315400000498,True
global,10,0.05,1,56,conflict,R2_restart,1,1,0,1,0,0,2361,54,41.54361999997036,True
global,10,0.05,1,56,conflict,R2_restart,5,5,0,5,0,0,2361,54,45.59962500002257,True
global,10,0.05,1,56,conflict,R2_restart,1,1,0,1,0,0,2361,54,43.34066800004166,True
global,10,0.05,1,56,conflict,R2_restart,1,1,0,1,0,0,2361,54,54.36621799992736,True
global,10,0.05,1,56,conflict,R2_restart,1,1,0,1,0,0,2361,54,70.5638120000458,True
global,10,0.05,1,56,conflict,R2_restart,1,1,0,1,0,0,2361,54,43.83564399995521,True
global,10,0.05,1,56,conflict,R2_restart,1,1,0,1,0,0,2361,54,39.209351999943465,True
global,10,0.05,1,56,conflict,R2_restart,1,1,0,1,0,0,2361,54,61.28598800000873,True
global,10,0.05,1,56,conflict,R2_restart,1,1,0,1,0,0,2361,54,43.108490000008715,True
global,10,0.05,1,56,conflict,R2_restart,1,1,0,1,0,0,2361,54,43.27207599999383,True
global,10,0.05,1,56,conflict,R2_restart,1,1,0,1,0,0,2361,54,43.347390999997515,True
global,10,0.05,1,56,conflict,R2_restart,1,1,0,1,0,0,2361,54,44.78509299997313,True
global,10,0.05,1,56,conflict,R2_restart,1,1,0,1,0,0,2361,54,40.973071000053096,True
global,10,0.05,1,56,conflict,R2_restart,1,1,0,1,0,0,2361,54,43.50217499995779,True
global,10,0.05,1,56,conflict,R2_restart,1,1,0,1,0,0,2361,54,73.58538200003295,True
global,10,0.05,1,56,conflict,R2_restart,1,1,0,1,0,0,2361,54,48.997341000017514,True
global,10,0.05,1,56,conflict,R2_restart,1,1,0,1,0,0,2361,54,45.30148499998177,True
global,10,0.05,1,56,conflict,R2_restart,1,1,0,1,0,0,2361,54,42.75716000006469,True
global,10,0.05,1,56,conflict,R2_restart,1,1,0,1,0,0,2361,54,43.634653999902184,True
global,10,0.05,1,56,conflict,R2_restart,1,1,0,1,0,0,2361,54,46.376708000025246,True
global,10,0.05,1,56,conflict,R2_restart,1,1,0,1,0,0,2361,54,64.04967600008149,True
global,10,0.05,1,56,conflict,R2_restart,1,1,0,1,0,0,2361,54,41.655805000004875,True
global,10,0.05,1,56,conflict,R2_restart,1,1,0,1,0,0,2361,54,41.24457800003256,True
global,10,0.05,1,56,conflict,R2_restart,1,1,0,1,0,0,2361,54,42.46877200000654,True
global,10,0.05,1,56,conflict,R2_restart,1,1,0,1,0,0,2361,54,41.429562999951486,True
global,10,0.05,1,56,conflict,R2_restart,1,1,0,1,0,0,2361,54,39.29090399992674,True
global,10,0.05,1,56,conflict,R2_restart,1,1,0,1,0,0,2361,54,46.21757100005652,True
global,10,0.05,1,56,conflict,R2_restart,1,1,0,1,0,0,2361,54,43.699213999957465,True
global,10,0.05,1,56,conflict,R2_restart,1,1,0,1,0,0,2361,54,57.620548000045346,True
global,10,0.05,1,56,conflict,R2_restart,1,1,0,1,0,0,2361,54,48.70811800003594,True
global,10,0.05,1,56,conflict,R2_restart,1,1,0,1,0,0,2361,54,46.59373100002995,True
global,10,0.05,1,56,conflict,R2_restart,1,1,0,1,0,0,2361,54,40.065377000019,True
global,10,0.05,1,56,conflict,R2_restart,1,1,0,1,0,0,2361,54,39.91789400004109,True
global,10,0.05,1,56,conflict,R2_restart,1,1,0,1,0,0,2361,54,55.12789400006568,True
global,10,0.05,1,56,conflict,R2_restart,1,1,0,1,0,0,2361,54,40.052846999969915,True
global,10,0.05,1,56,conflict,R2_restart,1,1,0,1,0,0,2361,54,43.45680300002641,True
global,10,0.05,1,56,conflict,R2_restart,1,1,0,1,0,0,2361,54,40.693201999943085,True
global,10,0.05,1,56,conflict,R2_restart,1,1,0,1,0,0,2361,54,39.57718399999521,True
global,10,0.05,1,56,conflict,R2_restart,1,1,0,1,0,0,2361,54,41.50356299999203,True
global,10,0.05,1,56,conflict,R2_restart,1,1,0,1,0,0,2361,54,39.119048999964434,True
global,10,0.05,1,56,conflict,R2_restart,1,1,0,1,0,0,2361,54,43.95614200007003,True
global,10,0.05,1,56,conflict,R2_restart,1,1,0,1,0,0,2361,54,38.619850000031875,True
global,10,0.05,1,56,conflict,R2_restart,1,1,0,1,0,0,2361,54,37.97559999998157,True
global,10,0.05,1,56,conflict,R2_restart,1,1,0,1,0,0,2361,54,38.22545399998489,True
global,10,0.05,1,56,conflict,R2_restart,1,1,0,1,0,0,2361,54,45.18314699998882,True
global,10,0.05,1,56,conflict,R2_restart,1,1,0,1,0,0,2361,54,41.91879200004678,True
global,10,0.05,1,56,conflict,R2_restart,1,1,0,1,0,0,2361,54,43.24623700006214,True
global,10,0.05,1,56,conflict,R2_restart,1,1,0,1,0,0,2361,54,38.58800699993026,True
global,10,0.05,1,56,conflict,R2_restart,1,1,0,1,0,0,2361,54,38.243076999947334,True
global,10,0.05,1,56,conflict,R2_restart,1,1,0,1,0,0,2361,54,39.5156350000434,True
global,10,0.05,1,56,conflict,R2_restart,1,1,0,1,0,0,2361,54,38.88899499997933,True
global,10,0.05,1,56,conflict,R2_restart,1,1,0,1,0,0,2361,54,38.85352099996453,True
global,10,0.05,1,56,conflict,R2_restart,1,1,0,1,0,0,2361,54,39.71991100002015,True
global,10,0.05,1,56,conflict,R2_restart,1,1,0,1,0,0,2361,54,43.92626300000302,True
global,10,0.05,1,56,conflict,R2_restart,1,1,0,1,0,0,2361,54,40.80777199999375,True
global,10,0.05,1,56,conflict,R2_restart,1,1,0,1,0,0,2361,54,39.470271000027424,True
global,10,0.05,1,56,conflict,R2_restart,1,1,0,1,0,0,2361,54,40.36927200002083,True
global,10,0.05,1,56,conflict,R2_restart,1,1,0,1,0,0,2361,54,42.47356700000182,True
global,10,0.05,1,56,conflict,R2_restart,1,1,0,1,0,0,2361,54,39.998071000013624,True
global,10,0.05,1,56,conflict,R2_restart,1,1,0,1,0,0,2361,54,41.54633699999977,True
global,10,0.05,1,56,conflict,R2_restart,1,1,0,1,0,0,2361,54,39.428662999966946,True
global,10,0.05,1,56,conflict,R2_restart,1,1,0,1,0,0,2361,54,49.87960199991903,True
global,10,0.05,1,56,conflict,R2_restart,1,1,0,1,0,0,2361,54,39.56462200005717,True
global,10,0.05,1,56,conflict,R2_restart,1,1,0,1,0,0,2361,54,42.323846000044796,True
global,10,0.05,1,56,conflict,R2_restart,1,1,0,1,0,0,2361,54,43.86886499992215,True
global,10,0.05,1,56,conflict,R2_restart,1,1,0,1,0,0,2361,54,39.035316000081366,True
global,10,0.05,1,56,conflict,R2_restart,1,1,0,1,0,0,2361,54,38.7872349999725,True
global,10,0.05,1,56,conflict,R2_restart,1,1,0,1,0,0,2361,54,37.82270099998186,True
global,10,0.05,1,56,conflict,R2_restart,1,1,0,1,0,0,2361,54,43.06111200003215,True
global,10,0.05,1,56,conflict,R2_restart,1,1,0,1,0,0,2361,54,49.8540100001037,True
global,10,0.05,1,56,conflict,R2_restart,1,1,0,1,0,0,2361,54,49.72106499997153,True
global,10,0.05,1,56,conflict,R2_restart,1,1,0,1,0,0,2361,54,41.57304000000295,True
global,10,0.05,1,56,conflict,R2_restart,1,1,0,1,0,0,2361,54,43.651205000060145,True
global,10,0.05,1,56,conflict,R2_restart,1,1,0,1,0,0,2361,54,40.52861600007418,True
global,10,0.05,1,56,conflict,R2_restart,1,1,0,1,0,0,2361,54,44.106888999976945,True
global,10,0.05,1,56,conflict,R2_restart,1,1,0,1,0,0,2361,54,41.671557999961806,True
global,10,0.05,1,56,conflict,R2_restart,1,1,0,1,0,0,2361,54,39.126761000034094,True
global,10,0.05,1,56,conflict,R2_restart,1,1,0,1,0,0,2361,54,39.01906199996574,True
global,10,0.05,1,56,conflict,R2_restart,1,1,0,1,0,0,2361,54,41.14333699999406,True
global,10,0.05,1,56,conflict,R2_restart,1,1,0,1,0,0,2361,54,40.53656200005662,True
global,10,0.05,1,56,conflict,R2_restart,1,1,0,1,0,0,2361,54,40.74495999998362,True
global,10,0.05,1,56,conflict,R2_restart,4,4,0,4,0,0,2361,54,39.92146000007324,True
global,10,0.05,1,56,conflict,R2_restart,1,1,0,1,0,0,2361,54,42.94691099994452,True
global,10,0.05,1,56,conflict,R2_restart,1,1,0,1,0,0,2361,54,42.74347199998374,True
global,10,0.05,1,56,conflict,R2_restart,1,1,0,1,0,0,2361,54,43.79691199994795,True
global,10,0.05,1,56,conflict,R2_restart,1,1,0,1,0,0,2361,54,42.81671899991579,True
global,10,0.05,1,56,conflict,R2_restart,1,1,0,1,0,0,2361,54,41.64325499993993,True
global,10,0.05,1,56,conflict,R2_restart,1,1,0,1,0,0,2361,54,45.07595500001571,True
global,10,0.05,1,56,conflict,R2_restart,1,1,0,1,0,0,2361,54,42.616080000016154,True
global,10,0.05,1,56,conflict,R2_restart,1,1,0,1,0,0,2361,54,38.755783000056,True
global,10,0.05,1,56,conflict,R2_restart,1,1,0,1,0,0,2361,54,56.02241500002947,True
global,10,0.05,1,56,conflict,R2_restart,1,1,0,1,0,0,2361,54,77.23383699999431,True
global,10,0.05,1,56,conflict,R2_restart,1,1,0,1,0,0,2361,54,63.867784000080974,True
global,10,0.05,1,56,conflict,R2_restart,1,1,0,1,0,0,2361,54,39.188869999975395,True
global,10,0.05,1,56,conflict,R2_restart,1,1,0,1,0,0,2361,54,42.90449300003729,True
global,10,0.05,1,56,conflict,R2_restart,1,1,0,1,0,0,2361,54,43.836469999973815,True
global,10,0.05,1,56,conflict,R2_restart,1,1,0,1,0,0,2361,54,42.42810499999905,True
global,10,0.05,1,56,conflict,R2_restart,1,1,0,1,0,0,2361,54,48.661332000051516,True
global,10,0.05,1,56,conflict,R2_restart,1,1,0,1,0,0,2361,54,42.156097999964004,True
global,10,0.05,1,56,conflict,R2_restart,1,1,0,1,0,0,2361,54,37.93049000000792,True
global,10,0.05,1,56,conflict,R2_restart,1,1,0,1,0,0,2361,54,38.816693999933705,True
global,10,0.05,1,56,conflict,R2_restart,1,1,0,1,0,0,2361,54,41.303781999999956,True
global,10,0.05,1,56,conflict,R2_restart,1,1,0,1,0,0,2361,54,40.429773000028035,True
global,10,0.05,1,56,conflict,R2_restart,1,1,0,1,0,0,2361,54,52.93708700003208,True
global,10,0.05,1,56,conflict,R2_restart,1,1,0,1,0,0,2361,54,38.24252300000808,True
global,10,0.05,1,56,conflict,R2_restart,1,1,0,1,0,0,2361,54,40.37516699997923,True
global,10,0.05,1,56,conflict,R2_restart,1,1,0,1,0,0,2361,54,44.99151699997128,True
global,10,0.05,1,56,conflict,R2_restart,1,1,0,1,0,0,2361,54,68.9182510000137,True
global,10,0.05,1,56,conflict,R2_restart,1,1,0,1,0,0,2361,54,78.05846899998414,True
global,10,0.05,1,56,conflict,R2_restart,1,1,0,1,0,0,2361,54,65.42209199994886,True
global,10,0.05,1,56,conflict,R2_restart,1,1,0,1,0,0,2361,54,47.27310900000248,True
global,10,0.05,1,56,conflict,R2_restart,1,1,0,1,0,0,2361,54,44.509303000040745,True
global,10,0.05,1,56,conflict,R2_restart,1,1,0,1,0,0,2361,54,47.47886400002699,True
global,10,0.05,1,56,conflict,R2_restart,1,1,0,1,0,0,2361,54,39.595029999986764,True
global,10,0.05,1,56,conflict,R2_restart,1,1,0,1,0,0,2361,54,38.94414299998061,True
global,10,0.05,1,56,conflict,R2_restart,1,1,0,1,0,0,2361,54,38.29953000001751,True
global,10,0.05,1,56,conflict,R2_restart,1,1,0,1,0,0,2361,54,39.019669000026624,True
global,10,0.05,1,56,conflict,R2_restart,1,1,0,1,0,0,2361,54,41.81047099996249,True
global,10,0.05,1,56,conflict,R2_restart,1,1,0,1,0,0,2361,54,38.78756300002806,True
global,10,0.05,1,56,conflict,R2_restart,1,1,0,1,0,0,2361,54,39.1502989999708,True
global,10,0.05,1,56,conflict,R2_restart,1,1,0,1,0,0,2361,54,41.19581399993422,True
global,10,0.05,1,56,conflict,R2_restart,1,1,0,1,0,0,2361,54,43.43478900000264,True
global,10,0.05,1,56,conflict,R2_restart,1,1,0,1,0,0,2361,54,43.585946000007425,True
global,10,0.05,1,56,conflict,R2_restart,1,1,0,1,0,0,2361,54,39.9160210000673,True
global,10,0.05,1,56,conflict,R2_restart,1,1,0,1,0,0,2361,54,53.16987399999107,True
global,10,0.05,1,56,conflict,R2_restart,1,1,0,1,0,0,2361,54,42.60260599994581,True
global,10,0.05,1,56,conflict,R2_restart,1,1,0,1,0,0,2361,54,39.55616200005352,True
global,10,0.05,1,56,conflict,R2_restart,1,1,0,1,0,0,2361,54,38.87997999993331,True
global,10,0.05,1,56,conflict,R2_restart,1,1,0,1,0,0,2361,54,39.237910999986525,True
global,10,0.05,1,56,conflict,R2_restart,1,1,0,1,0,0,2361,54,38.4572880000178,True
global,10,0.05,1,56,conflict,R2_restart,1,1,0,1,0,0,2361,54,43.5548560000143,True
global,10,0.05,1,56,conflict,R2_restart,1,1,0,1,0,0,2361,54,75.5706669999654,True
global,10,0.05,1,56,conflict,R2_restart,1,1,0,1,0,0,2361,54,72.8566340000043,True
global,10,0.05,1,56,conflict,R2_restart,1,1,0,1,0,0,2361,54,56.61865599995508,True
global,10,0.05,1,56,conflict,R2_restart,1,1,0,1,0,0,2361,54,43.57006299994737,True
global,10,0.05,1,56,conflict,R2_restart,1,1,0,1,0,0,2361,54,47.735005999925306,True
global,10,0.05,1,56,conflict,R2_restart,1,1,0,1,0,0,2361,54,44.11842299998625,True
global,10,0.05,1,56,conflict,R2_restart,1,1,0,1,0,0,2361,54,38.48785300010604,True
global,10,0.05,1,56,conflict,R2_restart,1,1,0,1,0,0,2361,54,39.03421500001514,True
global,10,0.05,1,56,conflict,R2_restart,1,1,0,1,0,0,2361,54,43.16669100001036,True
global,10,0.05,1,56,conflict,R2_restart,1,1,0,1,0,0,2361,54,43.374603000074785,True
global,10,0.05,1,56,conflict,R2_restart,1,1,0,1,0,0,2361,54,45.92350399991574,True
global,10,0.05,1,56,conflict,R2_restart,1,1,0,1,0,0,2361,54,43.78056699999888,True
global,10,0.05,1,56,conflict,R2_restart,1,1,0,1,0,0,2361,54,39.84324100008507,True
global,10,0.05,1,56,conflict,R2_restart,1,1,0,1,0,0,2361,54,42.05970400005299,True
global,10,0.05,1,56,conflict,R2_restart,1,1,0,1,0,0,2361,54,40.64769299998261,True
global,10,0.05,1,56,conflict,R2_restart,1,1,0,1,0,0,2361,54,47.84389500002817,True
global,10,0.05,1,56,conflict,R2_restart,1,1,0,1,0,0,2361,54,68.00203900002089,True
global,10,0.05,1,56,conflict,R2_restart,1,1,0,1,0,0,2361,54,75.04055200001858,True
global,10,0.05,1,56,conflict,R2_restart,1,1,0,1,0,0,2361,54,47.251879000100416,True
global,10,0.05,1,56,conflict,R2_restart,1,1,0,1,0,0,2361,54,49.54648099999304,True
global,10,0.05,1,56,conflict,R2_restart,1,1,0,1,0,0,2361,54,48.65960500001165,True
global,10,0.05,1,56,conflict,R2_restart,1,1,0,1,0,0,2361,54,38.100455999938276,True
global,10,0.05,1,56,conflict,R2_restart,1,1,0,1,0,0,2361,54,40.67140899996957,True
global,10,0.05,1,56,conflict,R2_restart,1,1,0,1,0,0,2361,54,46.5053519999401,True
global,10,0.05,1,56,conflict,R2_restart,1,1,0,1,0,0,2361,54,40.24126799993155,True
global,10,0.05,1,56,conflict,R2_restart,1,1,0,1,0,0,2361,54,39.215573999968,True
global,10,0.05,1,56,conflict,R2_restart,1,1,0,1,0,0,2361,54,57.39216899996791,True
global,10,0.05,1,56,conflict,R2_restart,1,1,0,1,0,0,2361,54,81.36058200000207,True
global,10,0.05,1,56,conflict,R2_restart,1,1,0,1,0,0,2361,54,82.61044800008222,True
global,10,0.05,1,56,conflict,R2_restart,1,1,0,1,0,0,2361,54,64.08683400002246,True
global,10,0.05,1,56,conflict,R2_restart,4,4,0,4,0,0,2361,54,51.7952630000309,True
global,10,0.05,1,56,conflict,R2_restart,1,1,0,1,0,0,2361,54,45.37971800004925,True
global,10,0.05,1,56,conflict,R2_restart,1,1,0,1,0,0,2361,54,65.09058099993581,True
global,10,0.05,1,56,conflict,R2_restart,1,1,0,1,0,0,2361,54,87.83786399999371,True
global,10,0.05,1,56,conflict,R2_restart,1,1,0,1,0,0,2361,54,70.30307200000152,True
global,10,0.05,1,56,conflict,R2_restart,1,1,0,1,0,0,2361,54,52.350901999943744,True
global,10,0.05,1,56,conflict,R2_restart,1,1,0,1,0,0,2361,54,52.18801399996664,True
global,10,0.05,1,56,conflict,R2_restart,1,1,0,1,0,0,2361,54,55.179939000026934,True
global,10,0.05,1,56,conflict,R2_restart,1,1,0,1,0,0,2361,54,52.654775999940284,True
global,10,0.05,1,56,conflict,R2_restart,1,1,0,1,0,0,2361,54,55.31968399998277,True
global,10,0.05,1,56,conflict,R2_restart,1,1,0,1,0,0,2361,54,52.18679500001144,True
global,10,0.05,1,56,conflict,R2_restart,1,1,0,1,0,0,2361,54,59.58988600002613,True
global,10,0.05,1,56,conflict,R2_restart,1,1,0,1,0,0,2361,54,63.74937900000077,True
global,10,0.05,1,56,conflict,R2_restart,1,1,0,1,0,0,2361,54,50.41967699992256,True
global,10,0.05,1,56,conflict,R2_restart,1,1,0,1,0,0,2361,54,57.885594000026686,True
global,10,0.05,1,56,conflict,R2_restart,1,1,0,1,0,0,2361,54,49.089937000076134,True
global,10,0.05,1,56,conflict,R2_restart,1,1,0,1,0,0,2361,54,47.15715600002568,True
global,10,0.05,1,56,conflict,R2_restart,1,1,0,1,0,0,2361,54,46.07229999999163,True
global,10,0.05,1,56,conflict,R2_restart,1,1,0,1,0,0,2361,54,46.62119600004644,True
global,10,0.05,1,56,conflict,R2_restart,1,1,0,1,0,0,2361,54,45.94073600003412,True
global,10,0.05,1,56,conflict,R2_restart,1,1,0,1,0,0,2361,54,45.8114430000478,True
global,10,0.05,1,56,conflict,R2_restart,1,1,0,1,0,0,2361,54,51.55433899994932,True
global,10,0.05,1,56,conflict,R2_restart,1,1,0,1,0,0,2361,54,57.702865000010206,True
global,10,0.05,1,56,conflict,R2_restart,1,1,0,1,0,0,2361,54,54.17899500002932,True
global,10,0.05,1,56,conflict,R2_restart,1,1,0,1,0,0,2361,54,66.31433899997319,True
global,10,0.05,1,56,conflict,R2_restart,1,1,0,1,0,0,2361,54,68.62934499997664,True
global,10,0.05,1,56,conflict,R2_restart,1,1,0,1,0,0,2361,54,53.87225300000864,True
global,10,0.05,1,56,conflict,R2_restart,1,1,0,1,0,0,2361,54,72.05275500007247,True
global,10,0.05,1,56,conflict,R2_restart,1,1,0,1,0,0,2361,54,50.390352000022176,True
global,10,0.05,1,56,conflict,R2_restart,1,1,0,1,0,0,2361,54,58.60638599995127,True
global,10,0.05,1,56,conflict,R2_restart,1,1,0,1,0,0,2361,54,60.59436399993956,True
global,10,0.05,1,56,conflict,R2_restart,1,1,0,1,0,0,2361,54,58.566966999933356,True
global,10,0.05,1,56,conflict,R2_restart,1,1,0,1,0,0,2361,54,50.92090300001928,True
global,10,0.05,1,56,conflict,R2_restart,1,1,0,1,0,0,2361,54,49.883578000049056,True
global,10,0.05,1,56,conflict,R2_restart,1,1,0,1,0,0,2361,54,47.28144900002462,True
global,10,0.05,1,56,conflict,R2_restart,1,1,0,1,0,0,2361,54,56.69564300001184,True
global,10,0.05,1,56,conflict,R2_restart,1,1,0,1,0,0,2361,54,66.36850699999286,True
global,10,0.05,1,56,conflict,R2_restart,1,1,0,1,0,0,2361,54,64.83850899996924,True
global,10,0.05,1,56,conflict,R2_restart,1,1,0,1,0,0,2361,54,72.34017300004325,True
global,10,0.05,1,56,conflict,R2_restart,1,1,0,1,0,0,2361,54,63.95994700005758,True
global,10,0.05,1,56,conflict,R2_restart,1,1,0,1,0,0,2361,54,66.89534800000274,True
global,10,0.05,1,56,conflict,R2_restart,1,1,0,1,0,0,2361,54,45.93823799996244,True
global,10,0.05,1,56,conflict,R2_restart,1,1,0,1,0,0,2361,54,39.257441000017934,True
global,10,0.05,1,56,conflict,R2_restart,1,1,0,1,0,0,2361,54,40.02697999999327,True
global,10,0.05,1,56,conflict,R2_restart,1,1,0,1,0,0,2361,54,46.48822800004382,True
global,10,0.05,1,56,conflict,R2_restart,1,1,0,1,0,0,2361,54,53.55526299990743,True
global,10,0.05,1,56,conflict,R2_restart,1,1,0,1,0,0,2361,54,48.667697999917436,True
global,10,0.05,1,56,conflict,R2_restart,1,1,0,1,0,0,2361,54,66.14350100005595,True
global,10,0.05,1,56,conflict,R2_restart,1,1,0,1,0,0,2361,54,68.38645300001645,True
global,10,0.05,1,56,conflict,R2_restart,1,1,0,1,0,0,2361,54,63.98499900001298,True
global,10,0.05,1,56,conflict,R2_restart,1,1,0,1,0,0,2361,54,65.64043299999867,True
global,10,0.05,1,56,conflict,R2_restart,1,1,0,1,0,0,2361,54,69.92866500002037,True
global,10,0.05,1,56,conflict,R2_restart,1,1,0,1,0,0,2361,54,89.42536300003212,True
global,10,0.05,1,56,conflict,R2_restart,1,1,0,1,0,0,2361,54,93.07126400005927,True
global,10,0.05,1,56,conflict,R2_restart,1,1,0,1,0,0,2361,54,69.60109900001044,True
global,10,0.05,1,56,conflict,R2_restart,1,1,0,1,0,0,2361,54,45.910813999967104,True
global,10,0.05,1,56,conflict,R2_restart,1,1,0,1,0,0,2361,54,39.224482999998145,True
global,10,0.05,1,56,conflict,R2_restart,1,1,0,1,0,0,2361,54,42.84771699997236,True
global,10,0.05,1,56,conflict,R2_restart,1,1,0,1,0,0,2361,54,38.51730000008047,True
global,10,0.05,1,56,conflict,R2_restart,1,1,0,1,0,0,2361,54,37.97715300004256,True
global,10,0.05,1,56,conflict,R2_restart,1,1,0,1,0,0,2361,54,55.48236499998893,True
global,10,0.05,1,56,conflict,R2_restart,1,1,0,1,0,0,2361,54,43.5578210000358,True
global,10,0.05,1,56,conflict,R2_restart,1,1,0,1,0,0,2361,54,39.5267359999707,True
global,10,0.05,1,56,conflict,R2_restart,1,1,0,1,0,0,2361,54,38.99279500001285,True
global,10,0.05,1,56,conflict,R2_restart,1,1,0,1,0,0,2361,54,43.03622999998424,True
global,10,0.05,1,56,conflict,R2_restart,1,1,0,1,0,0,2361,54,44.23200599990196,True
global,10,0.05,1,56,conflict,R2_restart,1,1,0,1,0,0,2361,54,40.30467400002635,True
global,10,0.05,1,56,conflict,R2_restart,1,1,0,1,0,0,2361,54,40.897611999980654,True
global,10,0.05,1,56,conflict,R2_restart,1,1,0,1,0,0,2361,54,43.76505899995209,True
global,10,0.05,1,56,conflict,R2_restart,1,1,0,1,0,0,2361,54,45.61131299999488,True
global,10,0.05,1,56,conflict,R2_restart,1,1,0,1,0,0,2361,54,47.600348999935704,True
global,10,0.05,1,56,conflict,R2_restart,1,1,0,1,0,0,2361,54,59.3165410000438,True
global,10,0.05,1,56,conflict,R2_restart,1,1,0,1,0,0,2361,54,44.45755400001872,True
global,10,0.05,1,56,conflict,R2_restart,1,1,0,1,0,0,2361,54,42.1852059999992,True
global,10,0.05,1,56,conflict,R2_restart,1,1,0,1,0,0,2361,54,38.68148600008681,True
global,10,0.05,1,56,conflict,R2_restart,1,1,0,1,0,0,2361,54,38.55039100005797,True
global,10,0.05,1,56,conflict,R2_restart,1,1,0,1,0,0,2361,54,41.42263500000354,True
global,10,0.05,1,56,conflict,R2_restart,1,1,0,1,0,0,2361,54,41.690309000046,True
global,10,0.05,1,56,conflict,R2_restart,1,1,0,1,0,0,2361,54,39.498278999985814,True
global,10,0.05,1,56,conflict,R2_restart,1,1,0,1,0,0,2361,54,39.27324400001453,True
global,10,0.05,1,56,conflict,R2_restart,3,3,0,3,0,0,2361,54,38.40340199997172,True
global,10,0.05,1,56,conflict,R2_restart,1,1,0,1,0,0,2361,54,38.356368999984625,True
global,10,0.05,1,56,conflict,R2_restart,1,1,0,1,0,0,2361,54,38.95956400003797,True
global,10,0.05,1,56,conflict,R2_restart,1,1,0,1,0,0,2361,54,43.89043599996967,True
global,10,0.05,1,56,conflict,R2_restart,1,1,0,1,0,0,2361,54,41.86343899993972,True
global,10,0.05,1,56,conflict,R2_restart,1,1,0,1,0,0,2361,54,44.16992599999503,True
global,10,0.05,1,56,conflict,R2_restart,1,1,0,1,0,0,2361,54,39.56729300000461,True
global,10,0.05,1,56,conflict,R2_restart,1,1,0,1,0,0,2361,54,39.67311399992468,True
global,10,0.05,1,56,conflict,R2_restart,1,1,0,1,0,0,2361,54,39.786975999959395,True
global,10,0.05,1,56,conflict,R2_restart,1,1,0,1,0,0,2361,54,48.29750500005048,True
global,10,0.05,1,56,conflict,R2_restart,1,1,0,1,0,0,2361,54,42.26981900001192,True
global,10,0.05,1,56,conflict,R2_restart,1,1,0,1,0,0,2361,54,51.17538100000729,True
global,10,0.05,1,56,conflict,R2_restart,1,1,0,1,0,0,2361,54,45.08615500003543,True
global,10,0.05,1,56,conflict,R2_restart,1,1,0,1,0,0,2361,54,39.098228000057134,True
global,10,0.05,1,56,conflict,R2_restart,1,1,0,1,0,0,2361,54,44.50078200000007,True
global,10,0.05,1,56,conflict,R2_restart,1,1,0,1,0,0,2361,54,46.10690600009093,True
global,10,0.05,1,56,conflict,R2_restart,1,1,0,1,0,0,2361,54,41.510574999961136,True
global,10,0.05,1,56,conflict,R2_restart,1,1,0,1,0,0,2361,54,40.02366899999288,True
global,10,0.05,1,56,conflict,R2_restart,1,1,0,1,0,0,2361,54,39.131893999979184,True
global,10,0.05,1,56,conflict,R2_restart,1,1,0,1,0,0,2361,54,43.73178299999836,True
global,10,0.05,1,56,conflict,R2_restart,1,1,0,1,0,0,2361,54,41.28688000002967,True
global,10,0.05,1,56,conflict,R2_restart,1,1,0,1,0,0,2361,54,46.12268899995797,True
global,10,0.05,1,56,conflict,R2_restart,1,1,0,1,0,0,2361,54,67.9413199999317,True
global,10,0.05,1,56,conflict,R2_restart,1,1,0,1,0,0,2361,54,42.49543299999914,True
global,10,0.05,1,56,conflict,R2_restart,1,1,0,1,0,0,2361,54,39.656411999999364,True
global,10,0.05,1,56,conflict,R2_restart,1,1,0,1,0,0,2361,54,45.07095899998603,True
global,10,0.05,1,56,conflict,R2_restart,1,1,0,1,0,0,2361,54,40.221645999963584,True
global,10,0.05,1,56,conflict,R2_restart,1,1,0,1,0,0,2361,54,39.755124000066644,True
global,10,0.05,1,56,conflict,R2_restart,1,1,0,1,0,0,2361,54,42.392933999963134,True
global,10,0.05,1,56,conflict,R2_restart,1,1,0,1,0,0,2361,54,41.20085400006701,True
global,10,0.05,1,56,conflict,R2_restart,1,1,0,1,0,0,2361,54,38.7693870000021,True
global,10,0.05,1,56,conflict,R2_restart,1,1,0,1,0,0,2361,54,41.79464000003463,True
global,10,0.05,1,56,conflict,R2_restart,1,1,0,1,0,0,2361,54,39.2809859999943,True
global,10,0.05,1,56,conflict,R2_restart,1,1,0,1,0,0,2361,54,39.07497099999091,True
global,10,0.05,1,56,conflict,R2_restart,1,1,0,1,0,0,2361,54,43.473406999964936,True
global,10,0.05,1,56,conflict,R2_restart,1,1,0,1,0,0,2361,54,39.454995999903986,True
global,10,0.05,1,56,conflict,R2_restart,1,1,0,1,0,0,2361,54,38.474233000101776,True
global,10,0.05,1,56,conflict,R2_restart,1,1,0,1,0,0,2361,54,38.272598000048674,True
global,10,0.05,1,56,conflict,R2_restart,1,1,0,1,0,0,2361,54,41.8520590000071,True
global,10,0.05,1,56,conflict,R2_restart,1,1,0,1,0,0,2361,54,45.06853800000954,True
global,10,0.05,1,56,conflict,R2_restart,1,1,0,1,0,0,2361,54,39.33916200003296,True
global,10,0.05,1,56,conflict,R2_restart,1,1,0,1,0,0,2361,54,39.92385499998363,True
global,10,0.05,1,56,conflict,R2_restart,1,1,0,1,0,0,2361,54,41.51304699996672,True
global,10,0.05,1,56,conflict,R2_restart,1,1,0,1,0,0,2361,54,42.37465999995038,True
global,10,0.05,1,56,conflict,R2_restart,1,1,0,1,0,0,2361,54,55.71994799993263,True
global,10,0.05,1,56,conflict,R2_restart,1,1,0,1,0,0,2361,54,43.58662599997842,True
global,10,0.05,1,56,conflict,R2_restart,1,1,0,1,0,0,2361,54,41.128748000005544,True
global,10,0.05,1,56,conflict,R2_restart,1,1,0,1,0,0,2361,54,42.22702100003062,True
global,10,0.05,1,56,conflict,R2_restart,1,1,0,1,0,0,2361,54,39.75270799992359,True
global,10,0.05,1,56,conflict,R2_restart,1,1,0,1,0,0,2361,54,39.086598000039885,True
global,10,0.05,1,56,conflict,R2_restart,1,1,0,1,0,0,2361,54,43.12422999998944,True
global,10,0.05,1,56,conflict,R2_restart,1,1,0,1,0,0,2361,54,41.161832000057075,True
global,10,0.05,1,56,conflict,R2_restart,1,1,0,1,0,0,2361,54,41.41193899999962,True
global,10,0.05,1,56,conflict,R2_restart,1,1,0,1,0,0,2361,54,39.6366960000023,True
global,10,0.05,1,56,conflict,R2_restart,1,1,0,1,0,0,2361,54,39.083129999994526,True
global,10,0.05,1,56,conflict,R2_restart,1,1,0,1,0,0,2361,54,39.50919099997918,True
global,10,0.05,1,56,conflict,R2_restart,1,1,0,1,0,0,2361,54,40.401389000066956,True
global,10,0.05,1,56,conflict,R2_restart,1,1,0,1,0,0,2361,54,38.99346699995476,True
global,10,0.05,1,56,conflict,R2_restart,1,1,0,1,0,0,2361,54,38.739211000006435,True
global,10,0.05,1,56,conflict,R2_restart,1,1,0,1,0,0,2361,54,39.370852999923045,True
global,10,0.05,1,56,conflict,R2_restart,1,1,0,1,0,0,2361,54,43.26347500000338,True
global,10,0.05,1,56,conflict,R2_restart,1,1,0,1,0,0,2361,54,39.39237800000228,True
global,10,0.05,1,56,conflict,R2_restart,1,1,0,1,0,0,2361,54,39.002965999998196,True
global,10,0.05,1,56,conflict,R2_restart,1,1,0,1,0,0,2361,54,48.75314599996727,True
global,10,0.05,1,56,conflict,R2_restart,1,1,0,1,0,0,2361,54,40.911821000008786,True
global,10,0.05,1,56,conflict,R2_restart,1,1,0,1,0,0,2361,54,43.31651699999384,True
global,10,0.05,1,56,conflict,R2_restart,1,1,0,1,0,0,2361,54,45.01206600002661,True
global,10,0.05,1,56,conflict,R2_restart,1,1,0,1,0,0,2361,54,44.4904260000385,True
global,10,0.05,1,56,conflict,R2_restart,1,1,0,1,0,0,2361,54,40.36505500005205,True
global,10,0.05,1,56,conflict,R2_restart,1,1,0,1,0,0,2361,54,40.8261269999457,True
global,10,0.05,1,56,conflict,R2_restart,1,1,0,1,0,0,2361,54,41.80468000004112,True
global,10,0.05,1,56,conflict,R2_restart,1,1,0,1,0,0,2361,54,39.90126600001531,True
global,10,0.05,1,56,conflict,R2_restart,1,1,0,1,0,0,2361,54,39.28919399993447,True
global,10,0.05,1,56,conflict,R2_restart,1,1,0,1,0,0,2361,54,39.75312099998973,True
global,10,0.05,1,56,conflict,R2_restart,1,1,0,1,0,0,2361,54,41.720590000068114,True
global,10,0.05,1,56,conflict,R2_restart,1,1,0,1,0,0,2361,54,41.488272000037796,True
global,10,0.05,1,56,conflict,R2_restart,1,1,0,1,0,0,2361,54,38.810124999940854,True
global,10,0.05,1,56,conflict,R2_restart,1,1,0,1,0,0,2361,54,58.6526459999277,True
global,10,0.05,1,56,conflict,R2_restart,1,1,0,1,0,0,2361,54,41.226973999982874,True
global,10,0.05,1,56,conflict,R2_restart,1,1,0,1,0,0,2361,54,40.22886300003847,True
global,10,0.05,1,56,conflict,R2_restart,1,1,0,1,0,0,2361,54,41.51050500001929,True
global,10,0.05,1,56,conflict,R2_restart,1,1,0,1,0,0,2361,54,38.61482800004978,True
global,10,0.05,1,56,conflict,R2_restart,1,1,0,1,0,0,2361,54,39.02671299999838,True
global,10,0.05,1,56,conflict,R2_restart,1,1,0,1,0,0,2361,54,40.028718000030494,True
global,10,0.05,1,56,conflict,R2_restart,1,1,0,1,0,0,2361,54,40.03818900002898,True
global,10,0.05,1,56,conflict,R2_restart,1,1,0,1,0,0,2361,54,39.581363000024794,True
global,10,0.05,1,56,conflict,R2_restart,1,1,0,1,0,0,2361,54,46.55732100002297,True
global,10,0.05,1,56,conflict,R2_restart,1,1,0,1,0,0,2361,54,50.60664600000564,True
global,10,0.05,1,56,conflict,R2_restart,1,1,0,1,0,0,2361,54,41.37549000006402,True
global,10,0.05,1,56,conflict,R2_restart,1,1,0,1,0,0,2361,54,38.76662599998326,True
global,10,0.05,1,56,conflict,R2_restart,1,1,0,1,0,0,2361,54,42.31304500001443,True
global,10,0.05,1,56,conflict,R2_restart,1,1,0,1,0,0,2361,54,40.05650900001001,True
global,10,0.05,1,56,conflict,R2_restart,1,1,0,1,0,0,2361,54,39.07081099998777,True
global,10,0.05,1,56,conflict,R2_restart,1,1,0,1,0,0,2361,54,44.29068299998562,True
global,10,0.05,1,56,conflict,R2_restart,1,1,0,1,0,0,2361,54,44.45181500000217,True
global,10,0.05,1,56,conflict,R2_restart,1,1,0,1,0,0,2361,54,38.20636000000377,True
global,10,0.05,1,56,conflict,R2_restart,1,1,0,1,0,0,2361,54,37.161087999947995,True
global,10,0.05,1,56,conflict,R2_restart,1,1,0,1,0,0,2361,54,39.566075000038836,True
global,10,0.05,1,56,conflict,R2_restart,1,1,0,1,0,0,2361,54,39.50531099997079,True
global,10,0.05,1,56,conflict,R2_restart,1,1,0,1,0,0,2361,54,40.40356999996675,True
global,10,0.05,1,56,conflict,R2_restart,1,1,0,1,0,0,2361,54,54.25199199999042,True
global,10,0.05,1,56,conflict,R2_restart,1,1,0,1,0,0,2361,54,43.5850040000787,True
global,10,0.05,1,56,conflict,R2_restart,1,1,0,1,0,0,2361,54,38.28259800002343,True
global,10,0.05,1,56,conflict,R2_restart,1,1,0,1,0,0,2361,54,39.32140300003084,True
global,10,0.05,1,56,conflict,R2_restart,1,1,0,1,0,0,2361,54,39.3682420000232,True
global,10,0.05,1,56,conflict,R2_restart,1,1,0,1,0,0,2361,54,45.3690929999766,True
global,10,0.05,1,56,conflict,R2_restart,1,1,0,1,0,0,2361,54,38.469808999934685,True
global,10,0.05,1,56,conflict,R2_restart,1,1,0,1,0,0,2361,54,39.72932599992873,True
global,10,0.05,1,56,conflict,R2_restart,1,1,0,1,0,0,2361,54,41.58612399999129,True
global,10,0.05,1,56,conflict,R2_restart,1,1,0,1,0,0,2361,54,60.92793499999516,True
global,10,0.05,1,56,conflict,R2_restart,1,1,0,1,0,0,2361,54,123.74815100008618,True
global,10,0.05,1,56,conflict,R2_restart,1,1,0,1,0,0,2361,54,67.75004799999351,True
global,10,0.05,1,56,conflict,R2_restart,1,1,0,1,0,0,2361,54,41.86072100003457,True
global,10,0.05,1,56,conflict,R2_restart,1,1,0,1,0,0,2361,54,38.19309699997575,True
global,10,0.05,1,56,conflict,R2_restart,1,1,0,1,0,0,2361,54,38.142913999990924,True
global,10,0.05,1,56,conflict,R2_restart,1,1,0,1,0,0,2361,54,39.10976199995275,True
global,10,0.05,1,56,conflict,R2_restart,1,1,0,1,0,0,2361,54,46.14104300003419,True
global,10,0.05,1,56,conflict,R2_restart,1,1,0,1,0,0,2361,54,38.132551999979114,True
global,10,0.05,1,56,conflict,R2_restart,1,1,0,1,0,0,2361,54,40.231673999983286,True
global,10,0.05,1,56,conflict,R2_restart,1,1,0,1,0,0,2361,54,55.15655700003208,True
global,10,0.05,1,56,conflict,R2_restart,1,1,0,1,0,0,2361,54,59.53157200008263,True
global,10,0.05,1,56,conflict,R2_restart,1,1,0,1,0,0,2361,54,54.342300000030264,True
global,10,0.05,1,56,conflict,R2_restart,1,1,0,1,0,0,2361,54,56.41537700000754,True
global,10,0.05,1,56,conflict,R2_restart,1,1,0,1,0,0,2361,54,62.72735099992133,True
global,10,0.05,1,56,conflict,R2_restart,1,1,0,1,0,0,2361,54,63.8357969999106,True
global,10,0.05,1,56,conflict,R2_restart,1,1,0,1,0,0,2361,54,56.26128900007643,True
global,10,0.05,1,56,conflict,R2_restart,1,1,0,1,0,0,2361,54,52.98884800004089,True
global,10,0.05,1,56,conflict,R2_restart,1,1,0,1,0,0,2361,54,46.80850099998679,True
global,10,0.05,1,56,conflict,R2_restart,1,1,0,1,0,0,2361,54,49.95623499996782,True
global,10,0.05,1,56,conflict,R2_restart,1,1,0,1,0,0,2361,54,56.58715799995662,True
global,10,0.05,1,56,conflict,R2_restart,1,1,0,1,0,0,2361,54,50.95226299999922,True
global,10,0.05,1,56,conflict,R2_restart,1,1,0,1,0,0,2361,54,46.10147899995809,True
global,10,0.05,1,56,conflict,R2_restart,1,1,0,1,0,0,2361,54,44.11478800000168,True
global,10,0.05,1,56,conflict,R2_restart,1,1,0,1,0,0,2361,54,53.552595999917685,True
global,10,0.05,1,56,conflict,R2_restart,1,1,0,1,0,0,2361,54,54.41037499997492,True
global,10,0.05,1,56,conflict,R2_restart,1,1,0,1,0,0,2361,54,44.98620899994421,True
global,10,0.05,1,56,conflict,R2_restart,1,1,0,1,0,0,2361,54,47.81208500003231,True
global,10,0.05,1,56,conflict,R2_restart,1,1,0,1,0,0,2361,54,47.47268400001303,True
global,10,0.05,1,56,conflict,R2_restart,1,1,0,1,0,0,2361,54,58.30792599999768,True
global,10,0.05,1,56,conflict,R2_restart,1,1,0,1,0,0,2361,54,51.59654199997021,True
global,10,0.05,1,56,conflict,R2_restart,1,1,0,1,0,0,2361,54,51.11003399997571,True
global,10,0.05,1,56,conflict,R2_restart,1,1,0,1,0,0,2361,54,49.45253500000035,True
global,10,0.05,1,56,conflict,R2_restart,1,1,0,1,0,0,2361,54,75.7181200000332,True
global,10,0.05,1,56,conflict,R2_restart,1,1,0,1,0,0,2361,54,48.65509700005077,True
global,10,0.05,1,56,conflict,R2_restart,1,1,0,1,0,0,2361,54,47.87860199996885,True
global,10,0.05,1,56,conflict,R2_restart,1,1,0,1,0,0,2361,54,46.68736300004639,True
global,10,0.05,1,56,conflict,R2_restart,1,1,0,1,0,0,2361,54,51.63431500000115,True
global,10,0.05,1,56,conflict,R2_restart,1,1,0,1,0,0,2361,54,59.48153300005288,True
global,10,0.05,1,56,conflict,R2_restart,1,1,0,1,0,0,2361,54,59.725591999949756,True
global,10,0.05,1,56,conflict,R2_restart,1,1,0,1,0,0,2361,54,56.65587500004676,True
global,10,0.05,1,56,conflict,R2_restart,1,1,0,1,0,0,2361,54,46.18134899999404,True
global,10,0.05,1,56,conflict,R2_restart,1,1,0,1,0,0,2361,54,44.35974799991982,True
global,10,0.05,1,56,conflict,R2_restart,1,1,0,1,0,0,2361,54,50.569051000024956,True
global,10,0.05,1,56,conflict,R2_restart,1,1,0,1,0,0,2361,54,46.22634700001527,True
global,10,0.05,1,56,conflict,R2_restart,1,1,0,1,0,0,2361,54,44.126728000037474,True
global,10,0.05,1,56,conflict,R2_restart,1,1,0,1,0,0,2361,54,44.29350099997009,True
global,10,0.05,1,56,conflict,R2_restart,1,1,0,1,0,0,2361,54,53.75315200001296,True
global,10,0.05,1,56,conflict,R2_restart,1,1,0,1,0,0,2361,54,48.91211500000736,True
global,10,0.05,1,56,conflict,R2_restart,1,1,0,1,0,0,2361,54,50.478101000067,True
global,10,0.05,1,56,conflict,R2_restart,1,1,0,1,0,0,2361,54,67.78781700006675,True
global,10,0.05,1,71,blockage,R2_restart,5,5,0,5,3,0,1912,42,42.601659999945696,True
global,10,0.05,1,96,blockage,R2_restart,4,4,0,4,4,0,1369,32,28.996201999916593,True
global,10,0.05,1,99,blockage,R2_restart,4,4,0,4,4,0,1291,32,35.95238100001552,True
global,10,0.05,1,103,blockage,R2_restart,4,4,0,4,3,0,1221,30,24.38081900004363,True
global,10,0.05,2,6,emergency,R2_restart,8,9,0,9,87,0,3733,70,333.1483759999401,True
global,10,0.05,2,12,accident,R2_restart,2,2,0,2,1,0,3634,68,126.12279699999362,True
global,10,0.05,2,14,emergency,R2_restart,2,3,0,3,1,0,3612,68,120.79374699999335,True
global,10,0.05,2,25,accident,R2_restart,8,9,0,9,8,0,3340,66,314.79036399991855,True
global,10,0.05,2,54,blockage,R2_restart,7,7,0,7,7,0,2595,50,219.64248199992653,True
global,10,0.05,2,62,blockage,R2_restart,7,7,0,7,4,0,2272,44,341.6783119999991,True
global,10,0.05,2,67,blockage,R2_restart,7,8,0,8,8,0,2189,44,126.83460699997795,True
global,10,0.05,3,11,emergency,R2_restart,9,10,0,10,41,0,3316,70,252.65681500002302,True
global,10,0.05,3,14,breakdown,R2_restart,5,6,0,6,3,0,3272,70,105.03467099999853,True
global,10,0.05,3,29,emergency,R2_restart,9,9,0,9,9,0,2920,68,129.46870799999033,True
global,10,0.05,3,39,blockage,R2_restart,9,9,0,9,13,0,2646,64,87.04190799994649,True
global,10,0.05,3,41,blockage,R2_restart,8,8,0,8,6,0,2564,62,70.25989399994614,True
global,10,0.05,3,46,blockage+breakdown,R2_restart,8,8,0,8,17,0,3751,60,96.11091400006444,True
global,10,0.05,3,46,conflict,R2_restart,1,1,0,1,0,0,3751,60,79.99126799995793,True
global,10,0.05,3,46,conflict,R2_restart,1,1,0,1,0,0,3751,60,73.54487800000697,True
global,10,0.05,3,46,conflict,R2_restart,1,1,0,1,0,0,3751,60,72.73481000004267,True
global,10,0.05,3,46,conflict,R2_restart,1,1,0,1,0,0,3751,60,72.5635850000117,True
global,10,0.05,3,46,conflict,R2_restart,1,1,0,1,0,0,3751,60,70.454426000083,True
global,10,0.05,3,46,conflict,R2_restart,1,1,0,1,0,0,3751,60,78.4016470000779,True
global,10,0.05,3,46,conflict,R2_restart,1,1,0,1,0,0,3751,60,89.17922199998429,True
global,10,0.05,3,46,conflict,R2_restart,1,1,0,1,0,0,3751,60,83.57063200003267,True
global,10,0.05,3,46,conflict,R2_restart,1,1,0,1,0,0,3751,60,71.44282399997337,True
global,10,0.05,3,46,conflict,R2_restart,1,1,0,1,0,0,3751,60,69.08334199999899,True
global,10,0.05,3,46,conflict,R2_restart,1,1,0,1,0,0,3751,60,69.0088479999531,True
global,10,0.05,3,46,conflict,R2_restart,1,1,0,1,0,0,3751,60,86.55818399995496,True
global,10,0.05,3,46,conflict,R2_restart,1,1,0,1,0,0,3751,60,89.63067299998784,True
global,10,0.05,3,46,conflict,R2_restart,1,1,0,1,0,0,3751,60,119.72085700006119,True
global,10,0.05,3,46,conflict,R2_restart,1,1,0,1,0,0,3751,60,82.86205100000643,True
global,10,0.05,3,46,conflict,R2_restart,1,1,0,1,0,0,3751,60,71.35877500002152,True
global,10,0.05,3,46,conflict,R2_restart,1,1,0,1,0,0,3751,60,74.43088499996975,True
global,10,0.05,3,46,conflict,R2_restart,1,1,0,1,0,0,3751,60,71.66449999999713,True
global,10,0.05,3,46,conflict,R2_restart,1,1,0,1,0,0,3751,60,75.35040300001583,True
global,10,0.05,3,46,conflict,R2_restart,1,1,0,1,0,0,3751,60,77.10510599997633,True
global,10,0.05,3,46,conflict,R2_restart,1,1,0,1,0,0,3751,60,70.4007440000396,True
global,10,0.05,3,46,conflict,R2_restart,1,1,0,1,0,0,3751,60,111.9785140000431,True
global,10,0.05,3,46,conflict,R2_restart,1,1,0,1,0,0,3751,60,107.54961600002844,True
global,10,0.05,3,46,conflict,R2_restart,1,1,0,1,0,0,3751,60,96.86730999999327,True
global,10,0.05,3,46,conflict,R2_restart,1,1,0,1,0,0,3751,60,96.87405700003637,True
global,10,0.05,3,46,conflict,R2_restart,1,1,0,1,0,0,3751,60,99.37826099996983,True
global,10,0.05,3,46,conflict,R2_restart,1,1,0,1,0,0,3751,60,101.40157900002578,True
global,10,0.05,3,46,conflict,R2_restart,1,1,0,1,0,0,3751,60,121.2265080000634,True
global,10,0.05,3,46,conflict,R2_restart,1,1,0,1,0,0,3751,60,110.35237800001596,True
global,10,0.05,3,46,conflict,R2_restart,1,1,0,1,0,0,3751,60,119.9101839999912,True
global,10,0.05,3,46,conflict,R2_restart,1,1,0,1,0,0,3751,60,141.3361930000292,True
global,10,0.05,3,46,conflict,R2_restart,1,1,0,1,0,0,3751,60,78.81332600004498,True
global,10,0.05,3,46,conflict,R2_restart,1,1,0,1,0,0,3751,60,86.97723399995994,True
global,10,0.05,3,46,conflict,R2_restart,1,1,0,1,0,0,3751,60,112.61681499991028,True
global,10,0.05,3,46,conflict,R2_restart,1,1,0,1,0,0,3751,60,117.60707799999182,True
global,10,0.05,3,46,conflict,R2_restart,1,1,0,1,0,0,3751,60,85.46071499995378,True
global,10,0.05,3,46,conflict,R2_restart,1,1,0,1,0,0,3751,60,80.53861600001255,True
global,10,0.05,3,46,conflict,R2_restart,1,1,0,1,0,0,3751,60,98.4589299999925,True
global,10,0.05,3,46,conflict,R2_restart,1,1,0,1,0,0,3751,60,97.72237300001052,True
global,10,0.05,3,46,conflict,R2_restart,1,1,0,1,0,0,3751,60,82.40010400004394,True
global,10,0.05,3,46,conflict,R2_restart,1,1,0,1,0,0,3751,60,102.13054200005445,True
global,10,0.05,3,46,conflict,R2_restart,1,1,0,1,0,0,3751,60,133.0646629999137,True
global,10,0.05,3,46,conflict,R2_restart,1,1,0,1,0,0,3751,60,131.91136199998255,True
global,10,0.05,3,46,conflict,R2_restart,1,1,0,1,0,0,3751,60,125.35810100007438,True
global,10,0.05,3,46,conflict,R2_restart,1,1,0,1,0,0,3751,60,123.80068799996025,True
global,10,0.05,3,46,conflict,R2_restart,1,1,0,1,0,0,3751,60,131.48156900001595,True
global,10,0.05,3,46,conflict,R2_restart,1,1,0,1,0,0,3751,60,117.53183000007539,True
global,10,0.05,3,46,conflict,R2_restart,1,1,0,1,0,0,3751,60,94.32119899997815,True
global,10,0.05,3,46,conflict,R2_restart,1,1,0,1,0,0,3751,60,80.39494600006947,True
global,10,0.05,3,46,conflict,R2_restart,1,1,0,1,0,0,3751,60,154.05220200000258,True
global,10,0.05,3,46,conflict,R2_restart,1,1,0,1,0,0,3751,60,148.07907600004455,True
global,10,0.05,3,46,conflict,R2_restart,1,1,0,1,0,0,3751,60,96.05783699998938,True
global,10,0.05,3,46,conflict,R2_restart,1,1,0,1,0,0,3751,60,103.34800299995095,True
global,10,0.05,3,46,conflict,R2_restart,1,1,0,1,0,0,3751,60,129.53391600001396,True
global,10,0.05,3,46,conflict,R2_restart,1,1,0,1,0,0,3751,60,132.80276600005436,True
global,10,0.05,3,46,conflict,R2_restart,1,1,0,1,0,0,3751,60,104.28839799999423,True
global,10,0.05,3,46,conflict,R2_restart,1,1,0,1,0,0,3751,60,113.17958000006456,True
global,10,0.05,3,46,conflict,R2_restart,1,1,0,1,0,0,3751,60,103.65207899997131,True
global,10,0.05,3,46,conflict,R2_restart,1,1,0,1,0,0,3751,60,92.63492699994913,True
global,10,0.05,3,46,conflict,R2_restart,1,1,0,1,0,0,3751,60,84.56791700007216,True
global,10,0.05,3,46,conflict,R2_restart,1,1,0,1,0,0,3751,60,61.07332999999926,True
global,10,0.05,3,46,conflict,R2_restart,1,1,0,1,0,0,3751,60,58.05078499997762,True
global,10,0.05,3,46,conflict,R2_restart,1,1,0,1,0,0,3751,60,68.20588199991562,True
global,10,0.05,3,46,conflict,R2_restart,1,1,0,1,0,0,3751,60,86.16362499992647,True
global,10,0.05,3,46,conflict,R2_restart,1,1,0,1,0,0,3751,60,83.21253899998737,True
global,10,0.05,3,46,conflict,R2_restart,1,1,0,1,0,0,3751,60,90.31526000001122,True
global,10,0.05,3,46,conflict,R2_restart,1,1,0,1,0,0,3751,60,84.99739900003078,True
global,10,0.05,3,46,conflict,R2_restart,1,1,0,1,0,0,3751,60,78.96259199992528,True
global,10,0.05,3,46,conflict,R2_restart,1,1,0,1,0,0,3751,60,100.62929000002896,True
global,10,0.05,3,46,conflict,R2_restart,1,1,0,1,0,0,3751,60,82.65713700006927,True
global,10,0.05,3,46,conflict,R2_restart,1,1,0,1,0,0,3751,60,105.73275199999443,True
global,10,0.05,3,46,conflict,R2_restart,1,1,0,1,0,0,3751,60,110.9435000000758,True
global,10,0.05,3,46,conflict,R2_restart,1,1,0,1,0,0,3751,60,89.65020699997694,True
global,10,0.05,3,46,conflict,R2_restart,1,1,0,1,0,0,3751,60,74.91223699992133,True
global,10,0.05,3,46,conflict,R2_restart,1,1,0,1,0,0,3751,60,62.3368039999832,True
global,10,0.05,3,46,conflict,R2_restart,1,1,0,1,0,0,3751,60,62.04735799997252,True
global,10,0.05,3,46,conflict,R2_restart,1,1,0,1,0,0,3751,60,59.89501399994879,True
global,10,0.05,3,46,conflict,R2_restart,1,1,0,1,0,0,3751,60,63.984699000002365,True
global,10,0.05,3,46,conflict,R2_restart,1,1,0,1,0,0,3751,60,71.77988500006904,True
global,10,0.05,3,46,conflict,R2_restart,1,1,0,1,0,0,3751,60,67.0376780000197,True
global,10,0.05,3,46,conflict,R2_restart,8,8,0,8,1,0,3751,60,79.48906900003294,True
global,10,0.05,3,46,conflict,R2_restart,1,1,0,1,0,0,3751,60,65.28787200011266,True
global,10,0.05,3,46,conflict,R2_restart,1,1,0,1,0,0,3751,60,65.36399900005563,True
global,10,0.05,3,46,conflict,R2_restart,1,1,0,1,0,0,3751,60,59.35364499998741,True
global,10,0.05,3,46,conflict,R2_restart,1,1,0,1,0,0,3751,60,60.23341000002347,True
global,10,0.05,3,46,conflict,R2_restart,1,1,0,1,0,0,3751,60,63.06554299999334,True
global,10,0.05,3,46,conflict,R2_restart,1,1,0,1,0,0,3751,60,63.680192999981955,True
global,10,0.05,3,46,conflict,R2_restart,1,1,0,1,0,0,3751,60,77.04519700007495,True
global,10,0.05,3,46,conflict,R2_restart,1,1,0,1,0,0,3751,60,58.94671599992307,True
global,10,0.05,3,46,conflict,R2_restart,1,1,0,1,0,0,3751,60,59.9745060000032,True
global,10,0.05,3,46,conflict,R2_restart,1,1,0,1,0,0,3751,60,81.26788799995666,True
global,10,0.05,3,46,conflict,R2_restart,1,1,0,1,0,0,3751,60,89.15102399998887,True
global,10,0.05,3,46,conflict,R2_restart,1,1,0,1,0,0,3751,60,91.23382900008892,True
global,10,0.05,3,46,conflict,R2_restart,1,1,0,1,0,0,3751,60,133.44690700000683,True
global,10,0.05,3,46,conflict,R2_restart,1,1,0,1,0,0,3751,60,155.69215599998643,True
global,10,0.05,3,46,conflict,R2_restart,1,1,0,1,0,0,3751,60,107.85793299999114,True
global,10,0.05,3,46,conflict,R2_restart,1,1,0,1,0,0,3751,60,79.55995399993299,True
global,10,0.05,3,46,conflict,R2_restart,1,1,0,1,0,0,3751,60,67.52034299995557,True
global,10,0.05,3,46,conflict,R2_restart,1,1,0,1,0,0,3751,60,58.226036999940334,True
global,10,0.05,3,46,conflict,R2_restart,1,1,0,1,0,0,3751,60,57.128478999970866,True
global,10,0.05,3,46,conflict,R2_restart,1,1,0,1,0,0,3751,60,58.33611400009886,True
global,10,0.05,3,46,conflict,R2_restart,1,1,0,1,0,0,3751,60,71.44745999994484,True
global,10,0.05,3,46,conflict,R2_restart,1,1,0,1,0,0,3751,60,92.93061400001079,True
global,10,0.05,3,46,conflict,R2_restart,1,1,0,1,0,0,3751,60,97.96880199996849,True
global,10,0.05,3,46,conflict,R2_restart,1,1,0,1,0,0,3751,60,109.99355000001287,True
global,10,0.05,3,46,conflict,R2_restart,1,1,0,1,0,0,3751,60,82.60654900004738,True
global,10,0.05,3,46,conflict,R2_restart,1,1,0,1,0,0,3751,60,67.86994300000515,True
global,10,0.05,3,46,conflict,R2_restart,1,1,0,1,0,0,3751,60,68.2969110000613,True
global,10,0.05,3,46,conflict,R2_restart,1,1,0,1,0,0,3751,60,66.71102699999665,True
global,10,0.05,3,46,conflict,R2_restart,1,1,0,1,0,0,3751,60,65.25557599991316,True
global,10,0.05,3,46,conflict,R2_restart,1,1,0,1,0,0,3751,60,62.30379099997663,True
global,10,0.05,3,46,conflict,R2_restart,1,1,0,1,0,0,3751,60,57.85548500000459,True
global,10,0.05,3,46,conflict,R2_restart,1,1,0,1,0,0,3751,60,73.56047399991894,True
global,10,0.05,3,46,conflict,R2_restart,1,1,0,1,0,0,3751,60,95.0746320000917,True
global,10,0.05,3,46,conflict,R2_restart,1,1,0,1,0,0,3751,60,100.54515799993169,True
global,10,0.05,3,46,conflict,R2_restart,1,1,0,1,0,0,3751,60,118.24036600000909,True
global,10,0.05,3,46,conflict,R2_restart,1,1,0,1,0,0,3751,60,64.23165499995775,True
global,10,0.05,3,46,conflict,R2_restart,1,1,0,1,0,0,3751,60,61.91764300001523,True
global,10,0.05,3,46,conflict,R2_restart,1,1,0,1,0,0,3751,60,58.86395699997138,True
global,10,0.05,3,46,conflict,R2_restart,1,1,0,1,0,0,3751,60,61.08485499999006,True
global,10,0.05,3,46,conflict,R2_restart,1,1,0,1,0,0,3751,60,59.30983999996897,True
global,10,0.05,3,46,conflict,R2_restart,1,1,0,1,0,0,3751,60,59.15860999994038,True
global,10,0.05,3,46,conflict,R2_restart,1,1,0,1,0,0,3751,60,67.66146500001469,True
global,10,0.05,3,46,conflict,R2_restart,1,1,0,1,0,0,3751,60,91.41159800003607,True
global,10,0.05,3,46,conflict,R2_restart,1,1,0,1,0,0,3751,60,97.24996099998862,True
global,10,0.05,3,46,conflict,R2_restart,1,1,0,1,0,0,3751,60,96.41291100001581,True
global,10,0.05,3,46,conflict,R2_restart,1,1,0,1,0,0,3751,60,60.46872700005679,True
global,10,0.05,3,46,conflict,R2_restart,1,1,0,1,0,0,3751,60,64.29562200003147,True
global,10,0.05,3,46,conflict,R2_restart,1,1,0,1,0,0,3751,60,62.23106699997061,True
global,10,0.05,3,46,conflict,R2_restart,1,1,0,1,0,0,3751,60,58.66173399999752,True
global,10,0.05,3,46,conflict,R2_restart,1,1,0,1,0,0,3751,60,58.67674099999931,True
global,10,0.05,3,46,conflict,R2_restart,1,1,0,1,0,0,3751,60,61.75998799994886,True
global,10,0.05,3,46,conflict,R2_restart,1,1,0,1,0,0,3751,60,60.31104900000628,True
global,10,0.05,3,46,conflict,R2_restart,1,1,0,1,0,0,3751,60,59.62309300002744,True
global,10,0.05,3,46,conflict,R2_restart,1,1,0,1,0,0,3751,60,116.376333000062,True
global,10,0.05,3,46,conflict,R2_restart,1,1,0,1,0,0,3751,60,109.41768999998658,True
global,10,0.05,3,46,conflict,R2_restart,1,1,0,1,0,0,3751,60,114.29068000006737,True
global,10,0.05,3,46,conflict,R2_restart,1,1,0,1,0,0,3751,60,109.52596200002063,True
global,10,0.05,3,46,conflict,R2_restart,1,1,0,1,0,0,3751,60,102.10543100004088,True
global,10,0.05,3,46,conflict,R2_restart,1,1,0,1,0,0,3751,60,147.45189600000685,True
global,10,0.05,3,46,conflict,R2_restart,1,1,0,1,0,0,3751,60,98.956166999983,True
global,10,0.05,3,46,conflict,R2_restart,1,1,0,1,0,0,3751,60,102.39354900011222,True
global,10,0.05,3,46,conflict,R2_restart,1,1,0,1,0,0,3751,60,110.99257900002613,True
global,10,0.05,3,46,conflict,R2_restart,1,1,0,1,0,0,3751,60,116.76170900000216,True
global,10,0.05,3,46,conflict,R2_restart,1,1,0,1,0,0,3751,60,148.41138799999953,True
global,10,0.05,3,46,conflict,R2_restart,1,1,0,1,0,0,3751,60,139.9006610000697,True
global,10,0.05,3,46,conflict,R2_restart,1,1,0,1,0,0,3751,60,126.86919800000851,True
global,10,0.05,3,46,conflict,R2_restart,1,1,0,1,0,0,3751,60,124.66124899992792,True
global,10,0.05,3,46,conflict,R2_restart,1,1,0,1,0,0,3751,60,132.8922090000333,True
global,10,0.05,3,46,conflict,R2_restart,1,1,0,1,0,0,3751,60,131.67979399997876,True
global,10,0.05,3,46,conflict,R2_restart,1,1,0,1,0,0,3751,60,135.58043900002303,True
global,10,0.05,3,46,conflict,R2_restart,1,1,0,1,0,0,3751,60,126.83894600002077,True
global,10,0.05,3,46,conflict,R2_restart,1,1,0,1,0,0,3751,60,127.61412600002586,True
global,10,0.05,3,46,conflict,R2_restart,1,1,0,1,0,0,3751,60,156.7864720000216,True
global,10,0.05,3,46,conflict,R2_restart,1,1,0,1,0,0,3751,60,99.61147599995002,True
global,10,0.05,3,46,conflict,R2_restart,1,1,0,1,0,0,3751,60,90.10873700003685,True
global,10,0.05,3,46,conflict,R2_restart,1,1,0,1,0,0,3751,60,91.65580600006251,True
global,10,0.05,3,46,conflict,R2_restart,1,1,0,1,0,0,3751,60,87.58282399992368,True
global,10,0.05,3,46,conflict,R2_restart,1,1,0,1,0,0,3751,60,86.33869699997376,True
global,10,0.05,3,46,conflict,R2_restart,1,1,0,1,0,0,3751,60,116.32581499998196,True
global,10,0.05,3,46,conflict,R2_restart,1,1,0,1,0,0,3751,60,147.03247700003885,True
global,10,0.05,3,46,conflict,R2_restart,1,1,0,1,0,0,3751,60,135.03101300000253,True
global,10,0.05,3,46,conflict,R2_restart,1,1,0,1,0,0,3751,60,99.57017799990808,True
global,10,0.05,3,46,conflict,R2_restart,1,1,0,1,0,0,3751,60,111.68416299994988,True
global,10,0.05,3,46,conflict,R2_restart,1,1,0,1,0,0,3751,60,97.1122490000198,True
global,10,0.05,3,46,conflict,R2_restart,1,1,0,1,0,0,3751,60,98.52764699996897,True
global,10,0.05,3,46,conflict,R2_restart,1,1,0,1,0,0,3751,60,89.97060799993051,True
global,10,0.05,3,46,conflict,R2_restart,1,1,0,1,0,0,3751,60,89.06243300009464,True
global,10,0.05,3,46,conflict,R2_restart,1,1,0,1,0,0,3751,60,92.23953800005802,True
global,10,0.05,3,46,conflict,R2_restart,1,1,0,1,0,0,3751,60,89.24111099997845,True
global,10,0.05,3,46,conflict,R2_restart,1,1,0,1,0,0,3751,60,102.56165200007672,True
global,10,0.05,3,46,conflict,R2_restart,1,1,0,1,0,0,3751,60,96.02520499993261,True
global,10,0.05,3,46,conflict,R2_restart,1,1,0,1,0,0,3751,60,112.42163100007474,True
global,10,0.05,3,46,conflict,R2_restart,1,1,0,1,0,0,3751,60,124.24903600003745,True
global,10,0.05,3,46,conflict,R2_restart,1,1,0,1,0,0,3751,60,115.82916800000476,True
global,10,0.05,3,46,conflict,R2_restart,1,1,0,1,0,0,3751,60,107.19392099997549,True
global,10,0.05,3,46,conflict,R2_restart,1,1,0,1,0,0,3751,60,137.15861599996515,True
global,10,0.05,3,46,conflict,R2_restart,1,1,0,1,0,0,3751,60,131.28740399997696,True
global,10,0.05,3,46,conflict,R2_restart,1,1,0,1,0,0,3751,60,122.89224100004503,True
global,10,0.05,3,46,conflict,R2_restart,1,1,0,1,0,0,3751,60,125.10077199999614,True
global,10,0.05,3,46,conflict,R2_restart,1,1,0,1,0,0,3751,60,105.04546499998924,True
global,10,0.05,3,46,conflict,R2_restart,1,1,0,1,0,0,3751,60,92.11284800005615,True
global,10,0.05,3,46,conflict,R2_restart,1,1,0,1,0,0,3751,60,97.09892299997591,True
global,10,0.05,3,46,conflict,R2_restart,1,1,0,1,0,0,3751,60,97.04073499995047,True
global,10,0.05,3,46,conflict,R2_restart,1,1,0,1,0,0,3751,60,92.80145000002449,True
global,10,0.05,3,46,conflict,R2_restart,1,1,0,1,0,0,3751,60,99.47033600008126,True
global,10,0.05,3,46,conflict,R2_restart,1,1,0,1,0,0,3751,60,105.15349299998888,True
global,10,0.05,3,46,conflict,R2_restart,1,1,0,1,0,0,3751,60,90.84497300000294,True
global,10,0.05,3,46,conflict,R2_restart,1,1,0,1,0,0,3751,60,88.52082800001426,True
global,10,0.05,3,46,conflict,R2_restart,1,1,0,1,0,0,3751,60,101.59487399994305,True
global,10,0.05,3,46,conflict,R2_restart,1,1,0,1,0,0,3751,60,97.12108600001557,True
global,10,0.05,3,46,conflict,R2_restart,1,1,0,1,0,0,3751,60,111.02308299996366,True
global,10,0.05,3,46,conflict,R2_restart,1,1,0,1,0,0,3751,60,116.45251499999176,True
global,10,0.05,3,46,conflict,R2_restart,1,1,0,1,0,0,3751,60,96.45565499999975,True
global,10,0.05,3,46,conflict,R2_restart,1,1,0,1,0,0,3751,60,88.1870110000591,True
global,10,0.05,3,46,conflict,R2_restart,1,1,0,1,0,0,3751,60,88.71279499999218,True
global,10,0.05,3,46,conflict,R2_restart,1,1,0,1,0,0,3751,60,85.84794199998669,True
global,10,0.05,3,46,conflict,R2_restart,1,1,0,1,0,0,3751,60,89.71830699999828,True
global,10,0.05,3,46,conflict,R2_restart,1,1,0,1,0,0,3751,60,145.22072099998695,True
global,10,0.05,3,46,conflict,R2_restart,1,1,0,1,0,0,3751,60,124.67668499994033,True
global,10,0.05,3,46,conflict,R2_restart,1,1,0,1,0,0,3751,60,147.86109800002123,True
global,10,0.05,3,46,conflict,R2_restart,1,1,0,1,0,0,3751,60,125.56488400002763,True
global,10,0.05,3,46,conflict,R2_restart,1,1,0,1,0,0,3751,60,62.26100999992923,True
global,10,0.05,3,46,conflict,R2_restart,1,1,0,1,0,0,3751,60,66.62978800000019,True
global,10,0.05,3,46,conflict,R2_restart,1,1,0,1,0,0,3751,60,78.26473000000078,True
global,10,0.05,3,46,conflict,R2_restart,1,1,0,1,0,0,3751,60,104.138513999942,True
global,10,0.05,3,46,conflict,R2_restart,1,1,0,1,0,0,3751,60,113.33284299996649,True
global,10,0.05,3,46,conflict,R2_restart,1,1,0,1,0,0,3751,60,101.27732199998718,True
global,10,0.05,3,46,conflict,R2_restart,1,1,0,1,0,0,3751,60,117.97653199994329,True
global,10,0.05,3,46,conflict,R2_restart,1,1,0,1,0,0,3751,60,91.43679399994653,True
global,10,0.05,3,46,conflict,R2_restart,1,1,0,1,0,0,3751,60,94.39047499995468,True
global,10,0.05,3,46,conflict,R2_restart,1,1,0,1,0,0,3751,60,70.34338599999046,True
global,10,0.05,3,46,conflict,R2_restart,1,1,0,1,0,0,3751,60,65.35395599996718,True
global,10,0.05,3,46,conflict,R2_restart,1,1,0,1,0,0,3751,60,64.72269999994751,True
global,10,0.05,3,46,conflict,R2_restart,1,1,0,1,0,0,3751,60,63.777505999951245,True
global,10,0.05,3,46,conflict,R2_restart,1,1,0,1,0,0,3751,60,60.22871099992244,True
global,10,0.05,3,46,conflict,R2_restart,1,1,0,1,0,0,3751,60,68.67543700002443,True
global,10,0.05,3,46,conflict,R2_restart,1,1,0,1,0,0,3751,60,76.23226300006536,True
global,10,0.05,3,46,conflict,R2_restart,1,1,0,1,0,0,3751,60,64.34247200002119,True
global,10,0.05,3,46,conflict,R2_restart,1,1,0,1,0,0,3751,60,78.18341600000167,True
global,10,0.05,3,46,conflict,R2_restart,1,1,0,1,0,0,3751,60,101.31712800000514,True
global,10,0.05,3,46,conflict,R2_restart,1,1,0,1,0,0,3751,60,61.87805299998672,True
global,10,0.05,3,46,conflict,R2_restart,1,1,0,1,0,0,3751,60,60.74024500003361,True
global,10,0.05,3,46,conflict,R2_restart,1,1,0,1,0,0,3751,60,57.70493299996815,True
global,10,0.05,3,46,conflict,R2_restart,1,1,0,1,0,0,3751,60,59.60707999997794,True
global,10,0.05,3,46,conflict,R2_restart,1,1,0,1,0,0,3751,60,68.80136899997069,True
global,10,0.05,3,46,conflict,R2_restart,1,1,0,1,0,0,3751,60,64.95565499994882,True
global,10,0.05,3,46,conflict,R2_restart,1,1,0,1,0,0,3751,60,71.05493699998533,True
global,10,0.05,3,46,conflict,R2_restart,1,1,0,1,0,0,3751,60,64.28772300000674,True
global,10,0.05,3,46,conflict,R2_restart,1,1,0,1,0,0,3751,60,77.99243199997363,True
global,10,0.05,3,46,conflict,R2_restart,1,1,0,1,0,0,3751,60,63.646564000009676,True
global,10,0.05,3,46,conflict,R2_restart,1,1,0,1,0,0,3751,60,65.49892199996066,True
global,10,0.05,3,46,conflict,R2_restart,1,1,0,1,0,0,3751,60,58.86097300003712,True
global,10,0.05,3,46,conflict,R2_restart,1,1,0,1,0,0,3751,60,60.51618200001485,True
global,10,0.05,3,46,conflict,R2_restart,1,1,0,1,0,0,3751,60,65.17597699996713,True
global,10,0.05,3,46,conflict,R2_restart,1,1,0,1,0,0,3751,60,59.11906100004671,True
global,10,0.05,3,46,conflict,R2_restart,1,1,0,1,0,0,3751,60,65.67854500008252,True
global,10,0.05,3,46,conflict,R2_restart,1,1,0,1,0,0,3751,60,61.33124799998768,True
global,10,0.05,3,46,conflict,R2_restart,1,1,0,1,0,0,3751,60,69.206400999974,True
global,10,0.05,3,46,conflict,R2_restart,1,1,0,1,0,0,3751,60,72.06345399993097,True
global,10,0.05,3,65,blockage,R2_restart,9,9,0,9,6,0,2179,48,51.787813999908394,True
global,10,0.05,4,31,blockage+emergency,R2_restart,9,9,0,9,18,0,3306,66,789.0225290000217,True
global,10,0.05,4,37,accident,R2_restart,8,9,0,9,15,0,2898,62,192.70756899993557,True
global,10,0.05,4,38,blockage+emergency,R2_restart,7,8,0,8,5,0,2753,62,107.5947010000391,True
global,10,0.05,4,39,blockage,R2_restart,7,8,0,8,8,0,2766,62,134.86982899996747,True
global,10,0.05,4,48,accident,R2_restart,6,8,0,8,12,0,2696,56,170.23426299999755,True
global,10,0.05,4,57,blockage,R2_restart,5,7,0,7,5,0,2706,48,296.51549699997304,True
global,10,0.05,5,9,emergency,R2_restart,9,10,0,10,100,0,4834,70,237.03354600002058,True
global,10,0.05,5,24,blockage,R2_restart,7,8,0,8,6,0,3797,66,145.9160189999693,True
global,10,0.05,5,26,emergency,R2_restart,6,6,0,6,8,0,3683,66,200.2673509999795,True
global,10,0.05,5,33,blockage,R2_restart,7,8,0,8,7,0,3449,62,152.97742500001732,True
global,10,0.05,5,42,breakdown,R2_restart,9,9,0,9,8,0,3090,60,140.61611099998572,True
global,10,0.05,5,61,blockage,R2_restart,7,8,0,8,6,0,2637,48,98.18566900003134,True
global,10,0.05,5,73,accident,R2_restart,5,5,0,5,4,0,2390,42,80.90574300001663,True
global,10,0.05,5,86,blockage,R2_restart,6,8,0,8,20,0,2825,34,96.60143799999332,True
global,10,0.05,5,95,blockage,R2_restart,7,8,0,8,4,0,2382,32,80.0245420000465,True
global,10,0.05,6,2,blockage,R2_restart,8,9,0,9,72,0,61077,70,4152.116730999978,True
global,10,0.05,6,27,blockage,R2_restart,10,10,0,10,10,0,60680,68,2190.949350999972,True
global,10,0.05,6,33,emergency,R2_restart,8,8,0,8,3,0,60184,60,2280.469118000042,True
global,10,0.05,6,40,accident,R2_restart,8,8,0,8,5,0,59327,58,3037.2405819999813,True
global,10,0.05,6,46,emergency,R2_restart,8,8,0,8,5,0,57704,56,1978.2688979998966,True
global,10,0.05,6,58,blockage,R2_restart,7,7,0,7,12,0,59887,50,3138.0033140000023,True
global,10,0.05,6,62,blockage,R2_restart,8,8,0,8,7,0,59796,48,2386.572843999943,True
global,10,0.05,6,64,accident,R2_restart,7,7,0,7,7,0,59771,48,1913.685651000037,True
global,10,0.05,7,5,breakdown,R2_restart,7,8,0,8,132,0,11322,70,530.3518179999855,True
global,10,0.05,7,7,accident,R2_restart,1,3,0,3,0,0,11292,70,300.58830199993736,True
global,10,0.05,7,27,emergency,R2_restart,6,6,0,6,9,0,12710,60,298.01369500000874,True
global,10,0.05,7,33,emergency,R2_restart,7,7,0,7,6,0,12265,58,297.245686999986,True
global,10,0.05,7,54,blockage,R2_restart,9,10,0,10,9,0,12543,50,288.2557770000176,True
global,10,0.05,8,2,accident,R2_restart,8,9,0,9,92,0,4170,70,329.2637219999506,True
global,10,0.05,8,10,emergency,R2_restart,1,2,0,2,1,0,3931,70,137.43972200006738,True
global,10,0.05,8,25,blockage,R2_restart,9,10,0,10,9,0,3610,70,153.42735800004448,True
global,10,0.05,8,29,emergency,R2_restart,10,10,0,10,10,0,3561,70,164.3414610000491,True
global,10,0.05,8,42,accident,R2_restart,5,5,0,5,5,0,3425,58,124.20958299992435,True
global,10,0.05,9,19,emergency,R2_restart,7,7,0,7,72,0,2780,70,459.32981099997505,True
global,10,0.05,9,24,emergency,R2_restart,7,7,0,7,5,0,2653,68,357.7939310000602,True
global,10,0.05,9,27,accident,R2_restart,7,7,0,7,6,0,2499,64,295.1676680000901,True
global,10,0.05,9,29,blockage,R2_restart,7,9,0,9,6,0,2463,64,197.07898200010732,True
global,10,0.05,9,46,accident,R2_restart,9,10,0,10,11,0,2005,58,159.21117099992443,True
global,10,0.05,9,48,blockage,R2_restart,10,10,0,10,7,0,1931,58,206.35931000003893,True
global,10,0.05,9,67,blockage,R2_restart,6,7,0,7,5,0,1558,44,115.53364799999599,True
negotiate,5,0.0,0,26,emergency,R2,1,1,0,1,57,0,886,16,38.266064000026745,True
negotiate,5,0.0,0,29,accident,R2,1,1,0,1,15,0,766,14,32.55550999995194,True
negotiate,5,0.0,0,30,emergency,R2,1,1,0,1,99,0,1688,16,64.44145699992987,True
negotiate,5,0.0,0,35,accident,R2,1,1,0,1,11,0,354,10,25.0220900001068,True
negotiate,5,0.0,1,11,accident,R2,1,1,0,1,13,0,1787,14,77.37413799998194,True
negotiate,5,0.0,1,26,accident,R2,2,2,0,2,10,0,1055,21,78.02863899996737,True
negotiate,5,0.0,1,27,emergency,R2,1,1,0,1,49,0,1052,16,67.7976240000362,True
negotiate,5,0.0,1,45,emergency,R2,1,1,0,1,55,0,630,12,32.53321900001538,True
negotiate,5,0.0,2,17,breakdown,R4,1,1,0,1,0,0,0,0,19.867502000010973,False
negotiate,5,0.0,2,18,emergency,R2,1,1,0,1,16,0,1130,16,73.11474100004034,True
negotiate,5,0.0,2,29,emergency,R2,2,2,0,2,77,0,1443,23,102.30938200004402,True
negotiate,5,0.0,2,33,accident,R2,2,2,0,2,9,0,691,22,37.93720700002723,True
negotiate,5,0.0,2,66,conflict,R2,2,2,0,2,124,0,1676,24,104.57359600002292,True
negotiate,5,0.0,3,7,emergency,R2,1,1,0,1,22,0,900,16,142.30378100000962,True
negotiate,5,0.0,3,23,breakdown+emergency,R4,4,4,0,4,95,0,1658199,48,72642.60657199998,False
negotiate,5,0.0,3,39,breakdown,R4,1,1,0,1,0,0,0,0,9.654329999989386,False
negotiate,5,0.0,3,78,conflict,R2,2,2,0,2,137,0,21760,24,473.76425499999186,True
negotiate,5,0.0,4,27,emergency,R2,1,1,0,1,43,0,947,16,69.4493749999765,True
negotiate,5,0.0,4,36,accident,R2,2,2,0,2,11,0,1015,17,186.30802199993468,True
negotiate,5,0.0,4,37,emergency,R2,2,2,0,2,58,0,1319,17,132.30110699998932,True
negotiate,5,0.0,4,41,accident,R2,1,1,0,1,13,0,777,14,36.30035800006226,True
negotiate,5,0.0,5,13,emergency,R2,1,1,0,1,44,0,1514,16,59.87760100003925,True
negotiate,5,0.0,5,20,emergency,R2,1,1,0,1,99,0,2136,16,91.83074999998553,True
negotiate,5,0.0,5,37,accident,R1,2,2,0,2,7,0,602,17,49.35937699997339,True
negotiate,5,0.0,5,38,accident,R2,1,1,0,1,11,0,468,14,31.3594850000527,True
negotiate,5,0.0,6,7,emergency,R2,1,1,0,1,24,0,1249,23,134.29987099993923,True
negotiate,5,0.0,6,9,breakdown,R4,1,1,0,1,0,0,0,0,13.915582999970866,False
negotiate,5,0.0,6,26,emergency,R2,1,1,0,1,53,0,715,16,50.866849999920305,True
negotiate,5,0.0,6,27,accident,R1,1,1,0,1,6,0,418,14,22.026342999993176,True
negotiate,5,0.0,7,2,accident,R1,2,2,0,2,9,0,1983,21,113.06127299997115,True
negotiate,5,0.0,7,6,emergency,R2,1,1,0,1,33,0,700,16,67.4333709999928,True
negotiate,5,0.0,7,21,emergency,R2,1,1,0,1,65,0,1035,16,48.738209000021016,True
negotiate,5,0.0,7,42,accident,R2,1,1,0,1,9,0,293,10,32.659522000017205,True
negotiate,5,0.0,8,3,emergency,R2,1,1,0,1,57,0,883,16,157.66866199999185,True
negotiate,5,0.0,8,7,accident,R2,2,2,0,2,10,0,1367,21,179.05011200002718,True
negotiate,5,0.0,8,20,emergency,R2,1,2,0,2,56,0,1194,23,164.17696799999248,True
negotiate,5,0.0,8,46,accident,R2,1,1,0,1,14,0,443,14,48.0616419999933,True
negotiate,5,0.0,9,10,accident,R2,1,1,0,1,15,0,610,14,48.48066200008816,True
negotiate,5,0.0,9,16,emergency,R2,1,1,0,1,37,0,835,16,61.6850549999981,True
negotiate,5,0.0,9,17,emergency,R2,2,2,0,2,78,0,1710,23,227.18249100000776,True
negotiate,5,0.0,9,36,breakdown,R4,1,1,0,1,0,0,0,0,36.18214599998737,False
negotiate,5,0.05,0,22,emergency,R2,2,2,0,2,54,0,1221,23,106.33845200004544,True
negotiate,5,0.05,0,23,emergency,R2,1,1,0,1,20,0,1168,16,108.93326999996589,True
negotiate,5,0.05,0,26,blockage,R1,1,1,0,1,1,0,266,14,32.879146000027504,True
negotiate,5,0.05,0,30,accident,R2,1,2,0,2,12,0,728,22,38.901359999954366,True
negotiate,5,0.05,0,48,breakdown,R4,2,2,0,2,103,0,1528,34,4034.0119319999985,True
negotiate,5,0.05,0,110,conflict,R2,2,2,0,2,128,0,1064,12,48.755091000089124,True
negotiate,5,0.05,1,5,emergency,R2,1,1,0,1,92,0,1689,16,267.83548000003066,True
negotiate,5,0.05,1,24,accident,R2,1,1,0,1,14,0,238,14,99.75870000005216,True
negotiate,5,0.05,1,45,emergency,R2,1,1,0,1,68,0,1992,12,86.17258200001743,True
negotiate,5,0.05,1,49,breakdown,R4,1,1,0,1,0,0,0,0,18.775804000028984,False
negotiate,5,0.05,2,10,emergency,R2,1,1,0,1,42,0,1173,23,128.12533999999687,True
negotiate,5,0.05,2,27,accident,R1,3,3,0,3,11,0,1362,28,80.1322639999853,True
negotiate,5,0.05,2,30,emergency,R2,3,3,0,3,73,0,1759,30,68.4579929999245,True
negotiate,5,0.05,2,32,accident,R1,2,2,0,2,7,0,473,21,17.592863999993824,True
negotiate,5,0.05,3,8,accident,R2,2,2,0,2,40,0,5915,21,612.9185890000599,True
negotiate,5,0.05,3,11,emergency,R2,1,1,0,1,61,0,629,16,159.9455550000357,True
negotiate,5,0.05,3,17,accident,R1,1,1,0,1,8,0,1190,22,256.520753000018,True
negotiate,5,0.05,3,38,emergency,R2,2,2,0,2,84,0,1466,21,123.17721399995207,True
negotiate,5,0.05,4,19,blockage,R1,1,1,0,1,8,0,1302,14,62.74918400004026,True
negotiate,5,0.05,4,35,emergency,R2,2,2,0,2,64,0,1724,26,105.49824800000351,True
negotiate,5,0.05,4,44,emergency,R2,2,2,0,2,72,0,1423,17,51.725592000025244,True
negotiate,5,0.05,4,49,accident,R1,1,1,0,1,4,0,642,10,38.05362000002788,True
negotiate,5,0.05,4,61,accident,R2,2,2,0,2,17,0,1029,15,41.422321000027296,True
negotiate,5,0.05,5,11,accident,R2,1,1,0,1,12,0,1122,14,177.23743999999897,True
negotiate,5,0.05,5,20,emergency,R2,2,2,0,2,90,0,3457,19,559.2306479999252,True
negotiate,5,0.05,5,35,emergency,R2,1,1,0,1,91,0,2040,16,240.5046989999846,True
negotiate,5,0.05,5,42,breakdown,R4,1,1,0,1,0,0,833229,11,43458.596973,False
negotiate,5,0.05,5,55,conflict,R1,3,3,0,3,7,0,2483,35,66.58423300007144,True
negotiate,5,0.05,5,56,conflict,R2,2,2,0,2,93,0,1661,30,43.65113000005749,True
negotiate,5,0.05,6,1,blockage,R1,2,2,0,2,2,0,1029,21,149.73791599993547,True
negotiate,5,0.05,6,3,accident,R2,1,1,0,1,14,0,1405,14,164.64365000001635,True
negotiate,5,0.05,6,27,emergency,R2,1,1,0,1,53,0,649,16,134.18526600003133,True
negotiate,5,0.05,6,40,emergency,R2,1,1,0,1,27,0,994,12,120.05915500003539,True
negotiate,5,0.05,6,45,accident,R2,1,1,0,1,15,0,389,14,49.04572999998891,True
negotiate,5,0.05,6,78,blockage,R1,2,2,0,2,1,0,1004,15,54.65847899995424,True
negotiate,5,0.05,7,8,emergency,R2,2,2,0,2,48,0,2303,23,325.07321399998546,True
negotiate,5,0.05,7,15,emergency,R2,1,1,0,1,42,0,1382,16,232.80031999991024,True
negotiate,5,0.05,7,17,blockage,R1,2,2,0,2,1,0,2073,30,269.2520489999879,True
negotiate,5,0.05,7,19,accident,R1,1,1,0,1,6,0,516,14,117.09690999998656,True
negotiate,5,0.05,7,33,accident,R2,1,1,0,1,9,0,664,14,64.01407199996356,True
negotiate,5,0.05,7,41,blockage,R1,1,1,0,1,1,0,428,14,50.09299799996825,True
negotiate,5,0.05,7,54,blockage,R1,1,1,0,1,1,0,638,14,70.65570300005675,True
negotiate,5,0.05,7,64,blockage,R1,1,2,0,2,3,0,768,15,102.48038099996393,True
negotiate,5,0.05,8,2,emergency,R2,1,1,0,1,46,0,672,16,201.84180500007187,True
negotiate,5,0.05,8,3,accident,R2,2,2,0,2,10,0,1376,21,164.46840799994789,True
negotiate,5,0.05,8,13,emergency,R2,1,1,0,1,38,0,1167,16,68.27322499998445,True
negotiate,5,0.05,8,56,accident,R2,1,1,0,1,13,0,1076,10,69.28799799993612,True
negotiate,5,0.05,8,62,blockage,R1,1,1,0,1,1,0,433,14,26.18297399999392,True
negotiate,5,0.05,9,8,accident,R1,1,1,0,1,7,0,702,14,53.80329100000836,True
negotiate,5,0.05,9,15,accident,R2,1,1,0,1,9,0,741,14,56.974602000082086,True
negotiate,5,0.05,9,18,emergency,R2,1,1,0,1,28,0,497,16,104.40755600006923,True
negotiate,5,0.05,9,33,emergency,R2,1,1,0,1,62,0,586,16,229.40344500000265,True
negotiate,5,0.05,9,67,blockage,R1,1,1,0,1,1,0,447,14,51.30893800003378,True
negotiate,10,0.0,0,22,emergency,R2,1,1,0,1,51,0,790,12,45.31102400005693,True
negotiate,10,0.0,0,25,accident,R2,5,5,0,5,16,0,1721,40,168.1890890000659,True
negotiate,10,0.0,0,30,emergency,R2,1,1,0,1,41,0,906,16,55.740514000035546,True
negotiate,10,0.0,0,31,accident,R2,1,2,0,2,10,0,915,19,62.99423799998749,True
negotiate,10,0.0,1,17,emergency,R2,2,2,0,2,73,0,874,23,102.12816199998542,True
negotiate,10,0.0,1,29,emergency,R2,2,2,0,2,37,0,1613,23,89.76678700003049,True
negotiate,10,0.0,1,49,breakdown,R4,1,1,0,1,0,0,0,0,37.93703499991352,False
negotiate,10,0.0,1,53,accident,R2,2,2,0,2,13,0,1654,17,120.00754500002131,True
negotiate,10,0.0,2,11,breakdown,R4,1,1,0,1,0,0,0,0,25.313674000017272,False
negotiate,10,0.0,2,12,emergency,R2,1,1,0,1,41,0,942,19,54.38020100007179,True
negotiate,10,0.0,2,21,accident,R2,1,1,0,1,9,0,754,14,38.89264700001149,True
negotiate,10,0.0,2,41,emergency,R2,1,1,0,1,39,0,570,16,49.539589000005435,True
negotiate,10,0.0,3,9,accident,R2,1,1,0,1,14,0,844,14,61.85256699995989,True
negotiate,10,0.0,3,27,emergency,R2,2,2,0,2,35,0,885,23,83.91411299999163,True
negotiate,10,0.0,3,37,emergency,R2,2,2,0,2,44,0,1055,23,253.95307999997385,True
negotiate,10,0.0,3,39,accident,R2,2,2,0,2,12,0,1018,21,168.77351200002977,True
negotiate,10,0.0,4,3,accident,R1,1,1,0,1,7,0,1006,21,61.33787399994617,True
negotiate,10,0.0,4,13,emergency,R2,1,2,0,2,86,0,2604,23,83.5225130000481,True
negotiate,10,0.0,4,20,emergency,R2,1,1,0,1,50,0,1100,16,49.96948500001963,True
negotiate,10,0.0,4,52,accident,R2,2,2,0,2,10,0,1120,20,57.21498799994151,True
negotiate,10,0.0,5,16,emergency,R2,1,1,0,1,55,0,1365,23,367.1794129999171,True
negotiate,10,0.0,5,29,emergency,R2,1,1,0,1,65,0,1048,21,212.39285000001473,True
negotiate,10,0.0,5,34,accident,R1,2,2,0,2,1,0,53516,17,2683.868089999919,True
negotiate,10,0.0,5,41,accident,R1,1,1,0,1,0,0,117673,10,4926.429180000014,True
negotiate,10,0.0,6,10,accident+emergency,R2,3,3,0,3,23,0,18857,44,1278.015795999977,True
negotiate,10,0.0,6,42,breakdown,R4,2,2,0,2,1,0,826473,13,36618.42942699991,False
negotiate,10,0.0,6,47,emergency,R2,3,3,0,3,76,0,1545,24,78.13189900002726,True
negotiate,10,0.0,7,3,accident,R1,1,1,0,1,8,0,1484,14,126.25993899996502,True
negotiate,10,0.0,7,6,emergency,R2,1,2,0,2,63,0,2063,23,273.34316199994646,True
negotiate,10,0.0,7,22,emergency,R2,1,1,0,1,78,0,1586,12,136.24933599999167,True
negotiate,10,0.0,7,46,accident,R2,2,2,0,2,13,0,1053,21,87.09306099990499,True
negotiate,10,0.0,8,3,accident,R2,1,2,0,2,12,0,1457,21,257.6065920000019,True
negotiate,10,0.0,8,20,breakdown+emergency,R4,3,3,0,3,43,0,1211,23,294.8404029999665,False
negotiate,10,0.0,8,22,emergency,R2,2,2,0,2,70,0,1284,23,340.28733799993915,True
negotiate,10,0.0,9,13,breakdown,R4,3,3,0,3,95,0,3240,95,9043.06174699991,True
negotiate,10,0.0,9,26,emergency,R2,1,1,0,1,35,0,800,16,43.91907300009734,True
negotiate,10,0.0,9,29,emergency,R2,2,2,0,2,42,0,888,23,81.54064600000765,True
negotiate,10,0.0,9,48,accident,R2,2,2,0,2,16,0,696,11,47.277130999987094,True
negotiate,10,0.05,0,2,accident,R1,1,2,0,2,0,0,1368,21,77.25056499998573,True
negotiate,10,0.05,0,15,blockage,R1,2,2,0,2,4,0,794,21,58.46392399996603,True
negotiate,10,0.05,0,16,emergency,R2,1,1,0,1,65,0,1000,16,85.92519700005141,True
negotiate,10,0.05,0,17,breakdown,R4,1,1,0,1,0,0,0,0,21.418472000050315,False
negotiate,10,0.05,0,19,blockage,R1,4,4,0,4,4,0,1457,35,79.55678299992996,True
negotiate,10,0.05,0,28,conflict,R1,4,4,0,4,4,0,2018,45,80.84667699995407,True
negotiate,10,0.05,0,29,conflict,R2,3,5,0,5,72,0,1855,43,121.77225699997507,True
negotiate,10,0.05,0,30,emergency,R2,3,3,0,3,47,0,1725,30,62.99857999999858,True
negotiate,10,0.05,0,49,blockage,R1,1,1,0,1,0,0,741,14,29.935747000081392,True
negotiate,10,0.05,0,58,blockage,R1,2,2,0,2,1,0,524,13,29.45517299997391,True
negotiate,10,0.05,0,81,blockage,R0,1,1,0,1,0,0,300,10,20.480589000044347,True
negotiate,10,0.05,1,6,emergency,R2,1,1,0,1,27,0,1152,23,117.19312299999274,True
negotiate,10,0.05,1,16,blockage,R1,1,1,0,1,0,0,40806,14,2734.207607999906,True
negotiate,10,0.05,1,26,blockage,R1,1,1,0,1,3,0,746,14,83.94632499994259,True
negotiate,10,0.05,1,30,emergency,R2,3,3,0,3,77,0,2627,30,219.24440299994785,True
negotiate,10,0.05,1,34,blockage,R1,1,1,0,1,1,0,736,14,137.32948599999872,True
negotiate,10,0.05,1,39,breakdown,R4,3,3,0,3,7,0,1638426,29,74149.78947100008,False
negotiate,10,0.05,1,44,blockage,R1,1,1,0,1,2,0,528,10,17.74210599990056,True
negotiate,10,0.05,1,56,accident,R2,2,2,0,2,17,0,425,17,16.847062000010737,True
negotiate,10,0.05,1,62,conflict,R2,3,3,0,3,111,0,52211,25,996.560966000061,True
negotiate,10,0.05,1,71,blockage,R1,1,1,0,1,0,0,1892,14,41.272341000080814,True
negotiate,10,0.05,1,96,blockage,R1,2,2,0,2,1,0,1798,19,37.33239700000013,True
negotiate,10,0.05,1,99,blockage,R0,1,1,0,1,3,0,1400,2,23.22910399993816,True
negotiate,10,0.05,1,103,blockage,R1,1,1,0,1,4,0,658,6,18.00450300004286,True
negotiate,10,0.05,2,6,emergency,R2,2,2,0,2,25,0,768,23,83.94355699999778,True
negotiate,10,0.05,2,12,accident,R2,1,1,0,1,13,0,364,10,24.140298000020266,True
negotiate,10,0.05,2,14,emergency,R2,1,2,0,2,47,0,2035,23,133.2615699999451,True
negotiate,10,0.05,2,25,accident,R2,3,3,0,3,17,0,1078,28,108.07687900000928,True
negotiate,10,0.05,2,54,blockage,R1,1,1,0,1,2,0,526,14,137.61845399994854,True
negotiate,10,0.05,2,62,blockage,R0,1,1,0,1,0,0,544,10,32.97651099990162,True
negotiate,10,0.05,2,67,blockage,R1,1,1,0,1,1,0,607,15,35.08084199995665,True
negotiate,10,0.05,3,11,emergency,R2,1,1,0,1,54,0,1010,16,194.82151500005784,True
negotiate,10,0.05,3,14,breakdown,R4,1,1,0,1,0,0,0,0,94.28800500006673,False
negotiate,10,0.05,3,29,emergency,R2,1,1,0,1,42,0,859,12,159.47132999997393,True
negotiate,10,0.05,3,39,blockage,R1,1,1,0,1,2,0,765,16,188.174183000001,True
negotiate,10,0.05,3,41,blockage,R1,1,1,0,1,5,0,422,14,88.67987700000413,True
negotiate,10,0.05,3,46,blockage+breakdown,R4,2,2,0,2,1,0,822652,18,41086.174402999975,False
negotiate,10,0.05,3,65,blockage,R2,1,1,0,1,24,0,404,10,24.431839999920157,True
negotiate,10,0.05,3,121,conflict,R2,2,2,0,2,231,0,848,16,56.886668000061036,True
negotiate,10,0.05,4,31,blockage+emergency,R2,4,4,0,4,130,0,39282,37,2620.840992000012,True
negotiate,10,0.05,4,37,accident,R2,3,3,0,3,25,0,1266,24,99.8691569999437,True
negotiate,10,0.05,4,38,blockage+emergency,R1,3,3,0,3,0,0,4486,33,248.4995039999376,True
negotiate,10,0.05,4,39,blockage,R1,4,4,0,4,4,0,1481,33,95.42088599994258,True
negotiate,10,0.05,4,48,accident,R2,2,2,0,2,12,0,1351,24,66.87289399997098,True
negotiate,10,0.05,4,57,blockage,R1,2,2,0,2,1,0,679,15,42.47648500006562,True
negotiate,10,0.05,5,9,emergency,R2,1,1,0,1,37,0,698,16,62.81176499999219,True
negotiate,10,0.05,5,24,blockage,R1,2,2,0,2,1,0,916,23,82.58666699998685,True
negotiate,10,0.05,5,26,emergency,R1,1,1,0,1,0,0,29735,16,1764.9312219999729,True
negotiate,10,0.05,5,33,blockage,R1,3,4,0,4,5,0,1160,35,211.8342979999852,True
negotiate,10,0.05,5,42,breakdown,R4,2,2,0,2,87,0,1069,32,503.2263780000221,True
negotiate,10,0.05,5,61,blockage,R1,1,1,0,1,0,0,152,10,16.691463999904954,True
negotiate,10,0.05,5,73,accident,R2,1,1,0,1,9,0,154,10,18.617316000018036,True
negotiate,10,0.05,5,77,conflict,R2,2,2,0,2,57,0,154061,21,7384.674214000029,True
negotiate,10,0.05,5,86,blockage,R2,2,2,0,2,13,0,66460,9,3194.5018879999907,True
negotiate,10,0.05,5,95,blockage,R1,1,1,0,1,0,0,323,7,34.026271000016095,True
negotiate,10,0.05,6,2,blockage,R1,1,2,0,2,2,0,1031,21,99.48149600006673,True
negotiate,10,0.05,6,27,blockage,R1,3,3,0,3,3,0,1860,28,116.7678970000452,True
negotiate,10,0.05,6,33,emergency,R1,1,1,0,1,0,0,13521,12,495.62731999992593,True
negotiate,10,0.05,6,40,accident,R2,1,1,0,1,14,0,431,14,44.750576999945224,True
negotiate,10,0.05,6,46,emergency,R2,1,1,0,1,70,0,1488,16,81.396408000046,True
negotiate,10,0.05,6,58,blockage,R1,1,1,0,1,3,0,448,14,108.35023399999955,True
negotiate,10,0.05,6,62,blockage,R1,1,1,0,1,3,0,809,14,128.3170170000858,True
negotiate,10,0.05,6,64,accident,R1,2,2,0,2,0,0,607,15,86.20956099991872,True
negotiate,10,0.05,7,5,breakdown,R4,3,3,0,3,95,0,3118,101,10492.022335000001,True
negotiate,10,0.05,7,7,accident,R2,2,2,0,2,10,0,844,21,145.22086099998432,True
negotiate,10,0.05,7,27,emergency,R2,2,2,0,2,47,0,1208,26,203.77379899991865,True
negotiate,10,0.05,7,33,emergency,R2,2,2,0,2,52,0,1262,22,75.99241299999449,True
negotiate,10,0.05,7,50,conflict,R2,3,3,0,3,194,0,60084,29,5269.946021999999,True
negotiate,10,0.05,7,54,blockage,R1,1,1,0,1,0,0,116056,10,4861.11276500003,True
negotiate,10,0.05,8,2,accident,R2,1,2,0,2,11,0,1203,21,93.73725199998262,True
negotiate,10,0.05,8,10,emergency,R2,1,1,0,1,17,0,678,16,44.224314999951275,True
negotiate,10,0.05,8,25,blockage,R1,2,2,0,2,6,0,1328,21,71.66762500003188,True
negotiate,10,0.05,8,29,emergency,R2,3,3,0,3,64,0,1931,30,88.20347799996853,True
negotiate,10,0.05,8,42,accident,R1,2,2,0,2,14,0,742,17,38.19613600001048,True
negotiate,10,0.05,9,19,emergency,R2,1,1,0,1,30,0,616,16,91.02383900005862,True
negotiate,10,0.05,9,24,emergency,R2,1,1,0,1,33,0,658,16,66.69999700000062,True
negotiate,10,0.05,9,27,accident,R2,2,2,0,2,15,0,744,21,86.99827800001003,True
negotiate,10,0.05,9,29,blockage,R1,1,1,0,1,0,0,602,16,43.589521000058085,True
negotiate,10,0.05,9,46,accident,R1,3,3,0,3,11,0,1004,28,191.82184600003893,True
negotiate,10,0.05,9,48,blockage,R1,3,3,0,3,1,0,983,28,111.75725199996123,True
negotiate,10,0.05,9,67,blockage,R1,3,3,0,3,0,0,774,22,52.76746899994578,True
self_only,5,0.0,0,26,emergency,R2,1,1,0,1,57,0,391,8,68.4502369999791,True
self_only,5,0.0,0,29,accident,R2,1,1,0,1,15,0,383,7,57.20531200006462,True
self_only,5,0.0,0,30,emergency,R2,1,1,0,1,99,0,844,8,56.453243999953884,True
self_only,5,0.0,0,35,accident,R2,1,1,0,1,11,0,177,5,25.836841000000277,True
self_only,5,0.0,1,11,accident,R2,1,1,0,1,13,0,857,7,61.938809000025685,True
self_only,5,0.0,1,26,accident,R2,1,1,0,1,10,0,427,7,42.56643399992299,True
self_only,5,0.0,1,27,emergency,R2,1,1,0,1,49,0,469,8,50.46013099990887,True
self_only,5,0.0,1,45,emergency,R2,1,1,0,1,56,0,282,6,56.693118999987746,True
self_only,5,0.0,2,17,breakdown,R4,1,1,0,1,0,0,0,0,21.620942000026844,False
self_only,5,0.0,2,18,emergency,R2,1,1,0,1,16,0,462,8,49.02647300002627,True
self_only,5,0.0,2,29,emergency,R2,1,1,0,1,75,0,405,8,43.099818999962736,True
self_only,5,0.0,2,33,accident,R2,1,1,0,1,9,0,103,7,46.18355200000224,True
self_only,5,0.0,2,66,conflict,R2,2,2,0,2,124,0,858,12,75.6232789999558,True
self_only,5,0.0,3,7,emergency,R2,1,1,0,1,22,0,426,8,33.77086400007556,True
self_only,5,0.0,3,23,breakdown+emergency,R4,2,2,0,2,90,0,1654803,26,42808.96101099995,False
self_only,5,0.0,3,24,conflict,R2,2,2,0,2,139,0,46812,14,965.5262590000575,True
self_only,5,0.0,3,39,breakdown,R4,2,2,0,2,0,0,21865,28,1530.7079450000174,True
self_only,5,0.0,4,27,emergency,R2,1,1,0,1,43,0,477,8,47.56959700000607,True
self_only,5,0.0,4,36,accident,R2,1,1,0,1,9,0,345,5,36.87479800009896,True
self_only,5,0.0,4,37,emergency,R2,1,1,0,1,57,0,466,6,61.62458300002527,True
self_only,5,0.0,4,41,accident,R2,1,1,0,1,14,0,302,7,37.76914000002307,True
self_only,5,0.0,5,13,emergency,R2,1,1,0,1,44,0,850,8,46.720905000029234,True
self_only,5,0.0,5,20,emergency,R2,1,1,0,1,99,0,1068,8,147.22373400002198,True
self_only,5,0.0,5,37,accident,R1,1,1,0,1,6,0,120,5,42.279011000005084,True
self_only,5,0.0,5,38,accident,R2,1,1,0,1,11,0,233,7,51.71516200005044,True
self_only,5,0.0,6,7,emergency,R2,1,1,0,1,24,0,406,8,43.21774400000322,True
self_only,5,0.0,6,9,breakdown,R4,1,1,0,1,0,0,0,0,12.544256999944992,False
self_only,5,0.0,6,26,emergency,R2,1,1,0,1,53,0,329,8,40.16634499998872,True
self_only,5,0.0,6,27,accident,R1,1,1,0,1,6,0,209,7,31.779403999962597,True
self_only,5,0.0,7,2,accident,R1,1,1,0,1,5,0,550,7,44.962495000049785,True
self_only,5,0.0,7,5,conflict,R1,2,2,0,2,4,0,797,14,64.53178399999615,True
self_only,5,0.0,7,6,emergency,R2,1,1,0,1,33,0,271,8,43.485823000082746,True
self_only,5,0.0,7,21,emergency,R2,1,1,0,1,64,0,522,8,27.698283000063384,True
self_only,5,0.0,7,42,accident,R2,1,1,0,1,9,0,113,5,26.31834200008143,True
self_only,5,0.0,8,3,emergency,R2,1,1,0,1,57,0,430,8,71.00215499997375,True
self_only,5,0.0,8,7,accident,R2,1,1,0,1,10,0,740,7,96.93132799998239,True
self_only,5,0.0,8,20,emergency,R2,1,1,0,1,56,0,485,8,167.07282300001225,True
self_only,5,0.0,8,46,accident,R2,1,1,0,1,14,0,200,7,82.05274399995233,True
self_only,5,0.0,9,10,accident,R2,1,1,0,1,15,0,305,7,37.95548499999768,True
self_only,5,0.0,9,16,emergency,R2,1,1,0,1,37,0,365,8,85.63387799995326,True
self_only,5,0.0,9,17,emergency,R2,1,1,0,1,78,0,735,8,197.4954350000644,True
self_only,5,0.0,9,36,breakdown,R4,1,1,0,1,0,0,0,0,48.03861599998527,False
self_only,5,0.05,0,22,emergency,R2,1,1,0,1,51,0,482,8,44.610644000044886,True
self_only,5,0.05,0,23,emergency,R2,1,1,0,1,20,0,382,8,48.54626000008011,True
self_only,5,0.05,0,26,blockage,R1,1,1,0,1,1,0,133,7,42.35924599993268,True
self_only,5,0.05,0,30,accident,R2,1,1,0,1,11,0,130,7,20.8374899999626,True
self_only,5,0.05,0,48,breakdown,R4,2,2,0,2,103,0,966,23,3482.8289499999983,True
self_only,5,0.05,0,109,conflict,R2,2,2,0,2,128,0,636,6,27.44661700000961,True
self_only,5,0.05,1,5,emergency,R2,1,1,0,1,92,0,816,8,58.0757940000467,True
self_only,5,0.05,1,24,accident,R2,1,1,0,1,14,0,119,7,24.136496999972223,True
self_only,5,0.05,1,45,emergency,R2,1,1,0,1,68,0,996,6,52.487355000039315,True
self_only,5,0.05,1,49,breakdown,R4,1,1,0,1,0,0,0,0,14.589811000064401,False
self_only,5,0.05,2,10,emergency,R2,1,1,0,1,42,0,512,8,60.70833700005096,True
self_only,5,0.05,2,27,accident,R1,1,1,0,1,7,0,167,7,73.588921999999,True
self_only,5,0.05,2,28,conflict,R1,1,1,0,1,1,0,409,7,40.833095000039066,True
self_only,5,0.05,2,29,conflict,R1,2,2,0,2,4,0,272,14,36.94484600009673,True
self_only,5,0.05,2,30,emergency,R2,1,1,0,1,72,0,742,8,36.79958300006092,True
self_only,5,0.05,2,32,accident,R1,1,1,0,1,7,0,114,7,8.177199999977347,True
self_only,5,0.05,3,8,accident,R2,1,1,0,1,13,0,381,7,71.52935899989643,True
self_only,5,0.05,3,11,emergency,R2,1,1,0,1,61,0,300,8,85.28728600003888,True
self_only,5,0.05,3,17,accident,R1,1,1,0,1,8,0,337,7,53.90504499996496,True
self_only,5,0.05,3,38,emergency,R2,1,1,0,1,84,0,568,8,59.68897499997183,True
self_only,5,0.05,4,19,blockage,R1,1,1,0,1,8,0,651,7,41.19894699999804,True
self_only,5,0.05,4,35,emergency,R2,1,1,0,1,64,0,591,8,40.41038800005481,True
self_only,5,0.05,4,44,emergency,R2,1,1,0,1,66,0,739,6,27.221828000051573,True
self_only,5,0.05,4,49,accident,R1,1,1,0,1,4,0,322,5,24.65022000001227,True
self_only,5,0.05,4,61,accident,R2,1,1,0,1,16,0,390,5,45.46222900000885,True
self_only,5,0.05,5,11,accident,R2,1,1,0,1,12,0,615,7,23.92115699990427,True
self_only,5,0.05,5,20,emergency,R2,1,1,0,1,75,0,735,6,25.21676000003481,True
self_only,5,0.05,5,35,emergency,R2,1,1,0,1,106,0,1020,8,28.37284500003534,True
self_only,5,0.05,5,42,breakdown,R4,1,1,0,1,0,0,833096,6,26564.326064000055,False
self_only,5,0.05,5,55,conflict,R1,2,2,0,2,2,0,833,15,27.107031000014103,True
self_only,5,0.05,5,56,conflict,R2,2,2,0,2,93,0,833,15,32.72816900005182,True
self_only,5,0.05,6,1,blockage,R1,1,1,0,1,0,0,263,7,46.42103699995914,True
self_only,5,0.05,6,3,accident,R2,1,1,0,1,14,0,344,7,40.79744799992113,True
self_only,5,0.05,6,27,emergency,R2,1,1,0,1,53,0,296,8,44.81898500000625,True
self_only,5,0.05,6,40,emergency,R2,1,1,0,1,27,0,382,6,47.10353099994791,True
self_only,5,0.05,6,45,accident,R2,1,1,0,1,15,0,164,7,38.78614600000674,True
self_only,5,0.05,6,78,blockage,R0,1,1,0,1,0,0,296,6,24.2149129999234,True
self_only,5,0.05,7,8,emergency,R2,1,1,0,1,48,0,853,8,67.39778899998328,True
self_only,5,0.05,7,15,emergency,R2,1,1,0,1,42,0,691,8,61.14437999997335,True
self_only,5,0.05,7,17,blockage,R1,2,2,0,2,1,0,991,15,71.95157600006041,True
self_only,5,0.05,7,19,accident,R1,1,1,0,1,6,0,212,7,56.74752599998101,True
self_only,5,0.05,7,33,accident,R2,1,1,0,1,9,0,346,7,18.527367999922717,True
self_only,5,0.05,7,41,blockage,R1,1,1,0,1,1,0,150,7,11.045227999943563,True
self_only,5,0.05,7,54,blockage,R1,1,1,0,1,1,0,320,7,18.921906000059607,True
self_only,5,0.05,7,64,blockage,R1,1,1,0,1,3,0,109,5,21.60741099999086,True
self_only,5,0.05,8,2,emergency,R2,1,1,0,1,46,0,316,8,44.171993999952974,True
self_only,5,0.05,8,3,accident,R2,1,1,0,1,10,0,317,7,40.64305399992918,True
self_only,5,0.05,8,13,emergency,R2,1,1,0,1,36,0,521,8,60.32100699997045,True
self_only,5,0.05,8,56,accident,R2,1,1,0,1,13,0,645,5,39.272338999921885,True
self_only,5,0.05,8,62,blockage,R1,1,1,0,1,1,0,177,7,13.798145000009754,True
self_only,5,0.05,9,8,accident,R1,1,1,0,1,7,0,403,7,48.50245199997971,True
self_only,5,0.05,9,15,accident,R2,1,1,0,1,9,0,318,7,92.96574100005728,True
self_only,5,0.05,9,18,emergency,R2,1,1,0,1,28,0,210,8,73.81781100002627,True
self_only,5,0.05,9,33,emergency,R2,1,1,0,1,62,0,293,8,83.6450890000151,True
self_only,5,0.05,9,67,blockage,R1,1,1,0,1,1,0,146,7,13.121984999997949,True
self_only,10,0.0,0,22,emergency,R2,1,1,0,1,51,0,405,6,40.62150200002179,True
self_only,10,0.0,0,25,accident,R2,1,1,0,1,12,0,375,7,47.432097999944745,True
self_only,10,0.0,0,30,emergency,R2,1,1,0,1,47,0,974,8,57.95900300006451,True
self_only,10,0.0,0,31,accident,R2,1,1,0,1,10,0,330,7,35.746479000067666,True
self_only,10,0.0,0,36,conflict,R1,2,2,0,2,0,0,614,12,45.18729100004748,True
self_only,10,0.0,1,17,emergency,R2,1,1,0,1,81,0,372,8,48.61454399997456,True
self_only,10,0.0,1,29,emergency,R2,1,1,0,1,36,0,632,8,55.75868800008266,True
self_only,10,0.0,1,49,breakdown,R4,1,1,0,1,0,0,0,0,35.47400100001141,False
self_only,10,0.0,1,53,accident,R2,1,1,0,1,12,0,825,5,65.90767900001993,True
self_only,10,0.0,2,11,breakdown,R4,1,1,0,1,0,0,0,0,29.982476000100178,False
self_only,10,0.0,2,12,emergency,R2,1,1,0,1,41,0,390,6,26.748431999976674,True
self_only,10,0.0,2,21,accident,R2,1,1,0,1,9,0,375,7,29.40249699997821,True
self_only,10,0.0,2,41,emergency,R2,1,1,0,1,39,0,224,8,25.87497000001804,True
self_only,10,0.0,3,9,accident,R2,1,1,0,1,14,0,383,7,39.3393990000277,True
self_only,10,0.0,3,27,emergency,R2,1,1,0,1,34,0,263,8,39.69920700001239,True
self_only,10,0.0,3,37,emergency,R2,1,1,0,1,41,0,255,8,36.97047599996495,True
self_only,10,0.0,3,39,accident,R2,1,1,0,1,12,0,253,7,36.01053500005946,True
self_only,10,0.0,4,3,accident,R1,1,1,0,1,7,0,205,7,38.67934699997022,True
self_only,10,0.0,4,13,emergency,R2,1,1,0,1,86,0,1124,8,47.03016400003435,True
self_only,10,0.0,4,20,emergency,R2,1,1,0,1,50,0,483,8,35.379584999986946,True
self_only,10,0.0,4,52,accident,R2,1,1,0,1,9,0,476,5,26.303546999997707,True
self_only,10,0.0,5,16,emergency,R2,1,1,0,1,55,0,550,8,65.02199199996994,True
self_only,10,0.0,5,29,emergency,R2,1,1,0,1,65,0,337,8,42.37383600002431,True
self_only,10,0.0,5,34,accident,R1,1,1,0,1,0,0,31303,5,892.0021620000398,True
self_only,10,0.0,5,41,accident,R1,1,1,0,1,0,0,58537,5,3271.0679049999953,True
self_only,10,0.0,5,41,conflict,R1,2,2,0,2,3,0,30081,12,1651.7739789999268,True
self_only,10,0.0,6,10,accident+emergency,R2,2,2,0,2,24,0,1132,15,74.93595599999026,True
self_only,10,0.0,6,42,breakdown,R4,1,1,0,1,0,0,826069,6,31777.79181800008,False
self_only,10,0.0,6,47,emergency,R2,1,1,0,1,55,0,528,6,38.34174799999346,True
self_only,10,0.0,6,51,conflict,R2,2,2,0,2,18,0,316,10,35.50414900007581,True
self_only,10,0.0,7,3,accident,R1,1,1,0,1,8,0,404,7,55.431883000096605,True
self_only,10,0.0,7,6,emergency,R2,1,1,0,1,63,0,691,8,220.50905100002183,True
self_only,10,0.0,7,22,emergency,R2,1,1,0,1,78,0,801,6,172.3980640000491,True
self_only,10,0.0,7,46,accident,R2,1,1,0,1,10,0,440,7,55.90645699999186,True
self_only,10,0.0,8,3,accident,R2,1,1,0,1,12,0,329,7,144.38918199994077,True
self_only,10,0.0,8,6,conflict,R1,2,2,0,2,0,0,589,14,168.30004700000245,True
self_only,10,0.0,8,20,breakdown+emergency,R4,2,2,0,2,43,0,460,8,179.62810000005902,False
self_only,10,0.0,8,22,emergency,R2,1,1,0,1,64,0,531,8,156.00908499993693,True
self_only,10,0.0,9,13,breakdown,R4,3,3,0,3,61,0,2395,75,13682.818874999954,True
self_only,10,0.0,9,26,emergency,R2,1,1,0,1,35,0,400,8,68.94261200000074,True
self_only,10,0.0,9,29,emergency,R2,1,1,0,1,41,0,309,8,97.77274699990812,True
self_only,10,0.0,9,48,accident,R2,1,1,0,1,18,0,316,3,62.386481999965326,True
self_only,10,0.0,9,59,conflict,R1,2,2,0,2,0,0,395,8,77.37949099998787,True
self_only,10,0.05,0,2,accident,R1,1,1,0,1,1,0,439,7,44.87975999995797,True
self_only,10,0.05,0,15,blockage,R1,1,1,0,1,2,0,170,7,27.913778999959504,True
self_only,10,0.05,0,16,emergency,R2,1,1,0,1,64,0,457,8,34.688824999989265,True
self_only,10,0.05,0,17,breakdown,R4,1,1,0,1,0,0,0,0,22.55860399998255,False
self_only,10,0.05,0,19,blockage,R1,1,1,0,1,2,0,335,7,58.40046900004836,True
self_only,10,0.05,0,28,conflict,R1,2,2,0,2,1,0,451,12,23.364732999993976,True
self_only,10,0.05,0,29,conflict,R2,2,2,0,2,71,0,427,12,56.978974999992715,True
self_only,10,0.05,0,30,emergency,R2,1,1,0,1,46,0,476,8,32.58669900003497,True
self_only,10,0.05,0,49,blockage,R1,1,1,0,1,0,0,409,7,23.14711000008174,True
self_only,10,0.05,0,58,blockage,R0,1,1,0,1,1,0,101,5,9.821813000030488,True
self_only,10,0.05,0,65,conflict,R1,1,1,0,1,3,0,281,5,33.50062899994555,True
self_only,10,0.05,0,81,blockage,R1,1,1,0,1,0,0,147,5,28.984476999994513,True
self_only,10,0.05,1,6,emergency,R2,1,1,0,1,27,0,406,8,21.166807000099652,True
self_only,10,0.05,1,16,blockage,R1,1,1,0,1,0,0,25397,7,524.2697420000013,True
self_only,10,0.05,1,26,blockage,R1,1,1,0,1,3,0,373,7,26.057817000037176,True
self_only,10,0.05,1,30,emergency,R2,1,1,0,1,75,0,1130,8,30.413240000029873,True
self_only,10,0.05,1,34,blockage,R1,1,1,0,1,3,0,536,7,27.134956999930182,True
self_only,10,0.05,1,39,breakdown,R4,1,1,0,1,0,0,408955,1,11546.971009999994,False
self_only,10,0.05,1,39,conflict,R2,2,2,0,2,99,0,1205,14,31.32916300000943,True
self_only,10,0.05,1,44,blockage,R1,1,1,0,1,2,0,268,5,14.91129299995464,True
self_only,10,0.05,1,56,accident,R2,1,1,0,1,17,0,202,7,18.115650000027017,True
self_only,10,0.05,1,71,blockage,R1,1,1,0,1,0,0,1090,7,24.46312699998998,True
self_only,10,0.05,1,96,blockage,R1,1,1,0,1,1,0,860,7,22.814777999997204,True
self_only,10,0.05,1,99,blockage,R0,1,1,0,1,0,0,47,1,6.069480999940424,True
self_only,10,0.05,1,103,blockage,R1,1,1,0,1,3,0,331,3,13.912144999949305,True
self_only,10,0.05,2,6,emergency,R2,1,1,0,1,24,0,250,8,37.259786000049644,True
self_only,10,0.05,2,12,accident,R2,1,1,0,1,14,0,212,5,34.78539000002456,True
self_only,10,0.05,2,14,emergency,R2,1,1,0,1,47,0,616,8,54.23490900000161,True
self_only,10,0.05,2,25,accident,R2,1,1,0,1,18,0,331,7,48.30803199990896,True
self_only,10,0.05,2,54,blockage,R1,1,1,0,1,2,0,264,7,38.596140999970885,True
self_only,10,0.05,2,62,blockage,R1,1,1,0,1,0,0,273,5,63.58753799997885,True
self_only,10,0.05,2,67,blockage,R1,1,1,0,1,3,0,165,5,36.27155699996365,True
self_only,10,0.05,3,11,emergency,R2,1,1,0,1,54,0,338,8,40.468906999990395,True
self_only,10,0.05,3,14,breakdown,R4,1,1,0,1,0,0,0,0,31.156136999925366,False
self_only,10,0.05,3,29,emergency,R2,1,1,0,1,42,0,456,6,37.9465959999834,True
self_only,10,0.05,3,39,blockage,R1,1,1,0,1,2,0,210,5,26.85211999994408,True
self_only,10,0.05,3,41,blockage,R1,1,1,0,1,5,0,211,7,25.3356260000146,True
self_only,10,0.05,3,46,blockage+breakdown,R4,2,2,0,2,1,0,821974,7,26465.104234999897,False
self_only,10,0.05,3,65,blockage,R2,1,1,0,1,24,0,202,5,16.734307999968223,True
self_only,10,0.05,3,121,conflict,R2,2,2,0,2,231,0,424,8,43.32715499992901,True
self_only,10,0.05,4,31,blockage+emergency,R2,1,1,0,1,64,0,724,8,65.33454099997016,True
self_only,10,0.05,4,37,accident,R2,1,1,0,1,13,0,331,5,62.50680900006955,True
self_only,10,0.05,4,38,blockage+emergency,R2,2,2,0,2,52,0,398,13,80.82566100006261,True
self_only,10,0.05,4,39,blockage,R1,1,1,0,1,0,0,275,7,28.49339300007614,True
self_only,10,0.05,4,39,conflict,R1,2,2,0,2,10,0,772,12,53.35245100002339,True
self_only,10,0.05,4,48,accident,R2,1,1,0,1,16,0,505,7,25.307698000005985,True
self_only,10,0.05,4,57,blockage,R1,1,1,0,1,0,0,289,5,17.767711999908897,True
self_only,10,0.05,5,9,emergency,R2,1,1,0,1,37,0,335,8,162.09159400000317,True
self_only,10,0.05,5,24,blockage,R0,1,1,0,1,0,0,311,8,40.743298000052164,True
self_only,10,0.05,5,26,emergency,R1,1,1,0,1,0,0,19031,8,857.8494659999478,True
self_only,10,0.05,5,33,blockage,R0,1,1,0,1,0,0,292,8,19.385878999969464,True
self_only,10,0.05,5,42,breakdown,R4,2,2,0,2,53,0,658,23,269.9188579999827,True
self_only,10,0.05,5,61,blockage,R1,1,1,0,1,3,0,91,5,24.702069999989362,True
self_only,10,0.05,5,73,accident,R0,1,1,0,1,8,0,76,5,15.019516000052135,True
self_only,10,0.05,5,77,conflict,R2,2,2,0,2,80,0,73419,8,2183.36277100002,True
self_only,10,0.05,5,86,blockage,R1,1,1,0,1,6,0,146,3,15.037849999998798,True
self_only,10,0.05,5,95,blockage,R1,1,1,0,1,0,0,198,3,14.839631999961966,True
self_only,10,0.05,6,2,blockage,R1,1,1,0,1,8,0,475,7,85.2819089999457,True
self_only,10,0.05,6,27,blockage,R1,1,1,0,1,3,0,539,7,65.09945999994216,True
self_only,10,0.05,6,33,emergency,R1,1,1,0,1,0,0,5515,6,272.82227900002454,True
self_only,10,0.05,6,40,accident,R2,1,1,0,1,14,0,244,7,48.30447799997728,True
self_only,10,0.05,6,46,emergency,R2,1,1,0,1,70,0,744,8,61.404929999980595,True
self_only,10,0.05,6,58,blockage,R1,1,1,0,1,3,0,224,7,55.48611299991535,True
self_only,10,0.05,6,62,blockage,R1,1,1,0,1,3,0,327,7,63.711644000022716,True
self_only,10,0.05,6,64,accident,R1,1,1,0,1,0,0,3534,5,497.55006800000956,True
self_only,10,0.05,7,5,breakdown,R4,3,3,0,3,103,0,2294,81,5894.890770000075,True
self_only,10,0.05,7,7,accident,R2,1,1,0,1,10,0,201,7,39.588736000041536,True
self_only,10,0.05,7,27,emergency,R2,1,1,0,1,46,0,352,6,41.26530799999273,True
self_only,10,0.05,7,33,emergency,R2,1,1,0,1,52,0,470,8,47.033641000098214,True
self_only,10,0.05,7,50,conflict,R2,2,2,0,2,146,0,827,12,58.39387699995768,True
self_only,10,0.05,7,54,blockage,R1,1,1,0,1,0,0,64,5,9.458577000032165,True
self_only,10,0.05,8,2,accident,R2,1,1,0,1,11,0,327,7,51.736340000047676,True
self_only,10,0.05,8,5,conflict,R1,2,2,0,2,0,0,594,14,62.747676000071806,True
self_only,10,0.05,8,10,emergency,R2,1,1,0,1,17,0,310,8,50.933690999954706,True
self_only,10,0.05,8,25,blockage,R1,1,1,0,1,6,0,218,7,35.931817999994564,True
self_only,10,0.05,8,29,emergency,R2,1,1,0,1,53,0,578,8,50.82290000007106,True
self_only,10,0.05,8,42,accident,R2,1,1,0,1,12,0,185,5,31.226523999976052,True
self_only,10,0.05,8,47,conflict,R1,2,2,0,2,6,0,462,10,46.596762000035596,True
self_only,10,0.05,9,19,emergency,R2,1,1,0,1,30,0,308,8,41.77131799997369,True
self_only,10,0.05,9,24,emergency,R2,1,1,0,1,33,0,329,8,36.15790600008495,True
self_only,10,0.05,9,27,accident,R2,1,1,0,1,12,0,260,7,35.855136000009225,True
self_only,10,0.05,9,29,blockage,R1,1,1,0,1,0,0,301,8,19.435829000030935,True
self_only,10,0.05,9,32,conflict,R1,2,2,0,2,5,0,464,14,40.03424500001529,True
self_only,10,0.05,9,46,accident,R1,1,1,0,1,8,0,266,7,31.437579999987975,True
self_only,10,0.05,9,48,blockage,R0,1,1,0,1,0,0,266,7,14.757594999991852,True
self_only,10,0.05,9,67,blockage,R0,1,1,0,1,0,0,233,5,19.025038000108907,True
