mode,N,density,seed,t,event_type,level_resolved,n_altered_plan,n_altered_path,n_delayed_only,n_altered_naive,added_delay_total,messages,pocl_nodes,st_astar_calls,cpu_ms,success
global,20,0.0,0,24,emergency,R2_restart,18,20,0,20,127,0,40171,140,2520.633316000385,True
global,20,0.0,0,28,accident,R2_restart,18,18,0,18,18,0,39799,138,1367.852794999635,True
global,20,0.0,0,32,emergency,R2_restart,18,19,0,19,21,0,39239,136,1561.1601790005807,True
global,20,0.0,0,34,accident,R2_restart,18,18,0,18,17,0,38431,132,1203.3897139990586,True
global,20,0.0,1,9,emergency,R2_restart,13,15,0,15,67,0,41033,140,2484.883016999447,True
global,20,0.0,1,22,accident,R2_restart,17,17,0,17,24,0,41532,138,1907.2544230002677,True
global,20,0.0,1,47,emergency,R2_restart,17,18,0,18,16,0,39515,114,1882.1725940015313,True
global,20,0.0,2,14,emergency,R2_restart,13,17,0,17,77,0,21758,140,2201.4772450002056,True
global,20,0.0,2,31,emergency,R2_restart,16,17,0,17,17,0,20774,136,965.6365890004963,True
global,20,0.0,2,48,accident+breakdown,R2_restart,14,16,0,16,11,0,18467,116,704.4542330004333,True
global,20,0.0,3,21,emergency,R2_restart,18,19,0,19,81,0,42161,138,2101.2763239996275,True
global,20,0.0,3,23,accident,R2_restart,15,17,0,17,13,0,42222,138,1301.0010569996666,True
global,20,0.0,3,26,emergency,R2_restart,17,18,0,18,11,0,41109,136,1692.3728960009612,True
global,20,0.0,3,56,accident,R2_restart,16,17,0,17,15,0,40688,102,1316.490678998889,True
global,20,0.0,4,22,accident,R2_restart,16,19,0,19,100,0,6695,138,739.8966170003405,True
global,20,0.0,4,25,emergency,R2_restart,16,18,0,18,10,0,6071,138,185.05375800123147,True
global,20,0.0,4,39,emergency,R2_restart,17,18,0,18,16,0,5375,126,249.15815999884217,True
global,20,0.0,4,53,accident,R2_restart,12,13,0,13,19,0,4842,104,215.93871299955936,True
global,20,0.0,5,11,emergency,R2_restart,18,20,0,20,385,0,87572,140,4220.5623390000255,True
global,20,0.0,5,23,accident,R2_restart,16,18,0,18,13,0,87716,136,3372.8661770001054,True
global,20,0.0,5,31,emergency,R2_restart,17,17,0,17,15,0,87024,126,3297.933069999999,True
global,20,0.0,5,43,accident,R2_restart,20,20,0,20,23,0,85043,116,3365.473527001086,True
global,20,0.0,6,7,emergency,R2_restart,15,15,0,15,143,0,37340,140,1985.4463809988374,True
global,20,0.0,6,14,emergency,R2_restart,9,12,0,12,1,0,35565,140,1438.055695998628,True
global,20,0.0,6,27,breakdown,R2_restart,16,18,0,18,9,0,33500,138,1641.6607379997004,True
global,20,0.0,6,39,breakdown,R2_restart,15,15,0,15,13,0,33228,124,1280.7589750009356,True
global,20,0.0,7,2,emergency,R2_restart,19,20,0,20,338,0,115343,140,5728.23290299857,True
global,20,0.0,7,29,accident,R2_restart,15,16,0,16,9,0,111813,134,5332.358618001308,True
global,20,0.0,7,40,emergency,R2_restart,17,18,0,18,15,0,111316,120,4906.604169000275,True
global,20,0.0,7,52,accident,R2_restart,17,20,0,20,18,0,109555,112,4687.963820999357,True
global,20,0.0,8,3,emergency,R2_restart,19,19,0,19,61,0,59444,140,3114.3351919999986,True
global,20,0.0,8,7,accident,R2_restart,5,5,0,5,7,0,59136,140,2280.7473709999613,True
global,20,0.0,8,21,emergency,R2_restart,19,19,0,19,26,0,56941,140,2221.1343069993745,True
global,20,0.0,8,48,accident,R2_restart,17,18,0,18,11,0,55172,108,2624.5766900010494,True
global,20,0.0,9,16,emergency,R2_restart,16,18,0,18,147,0,7266,136,708.8330059996224,True
global,20,0.0,9,23,accident,R2_restart,17,19,0,19,17,0,6983,134,301.09642700153927,True
global,20,0.0,9,29,accident,R2_restart,15,17,0,17,16,0,6869,128,517.8266050006641,True
global,20,0.0,9,41,emergency,R2_restart,16,16,0,16,19,0,6244,120,465.8630979993177,True
global,20,0.02,0,21,accident,R2_restart,17,19,0,19,112,0,37661,140,1908.559648998562,True
global,20,0.02,0,37,emergency,R2_restart,15,16,0,16,26,0,37927,126,1705.0622969982214,True
global,20,0.02,0,40,emergency,R2_restart,16,16,0,16,12,0,37733,124,1756.115932999819,True
global,20,0.02,0,49,accident,R2_restart,13,15,0,15,19,0,39162,118,1804.9940879991482,True
global,20,0.02,0,50,blockage,R2_restart,16,16,0,16,14,0,37788,118,1839.3386970001302,True
global,20,0.02,1,2,emergency,R2_restart,13,16,0,16,95,0,13544,140,1354.5248780010297,True
global,20,0.02,1,18,accident,R2_restart,18,19,0,19,20,0,13185,138,708.0241250005201,True
global,20,0.02,1,31,emergency,R2_restart,19,20,0,20,32,0,12489,130,597.687526998925,True
global,20,0.02,1,43,accident,R2_restart,15,17,0,17,12,0,11449,116,611.1669949987117,True
global,20,0.02,1,55,blockage,R2_restart,16,17,0,17,16,0,11131,106,553.6711730001116,True
global,20,0.02,2,27,emergency,R2_restart,18,19,0,19,21,0,12262,138,1407.0644250004989,True
global,20,0.02,2,35,accident,R2_restart,18,19,0,19,25,0,9406,132,1029.0511910006899,True
global,20,0.02,2,42,accident,R2_restart,17,18,0,18,49,0,10586,124,655.3800210003828,True
global,20,0.02,2,44,blockage,R2_restart,18,18,0,18,13,0,9942,122,519.5975759997964,True
global,20,0.02,2,46,emergency,R2_restart,18,18,0,18,10,0,8518,118,407.1918720001122,True
global,20,0.02,2,49,conflict,R2_restart,16,16,0,16,19,0,8043,118,410.91211599996313,True
global,20,0.02,2,49,conflict,R2_restart,1,1,0,1,0,0,8043,118,510.14077800027735,True
global,20,0.02,2,49,conflict,R2_restart,1,1,0,1,0,0,8043,118,357.3296689992276,True
global,20,0.02,2,49,conflict,R2_restart,1,1,0,1,0,0,8043,118,358.9416419999907,True
global,20,0.02,2,49,conflict,R2_restart,1,1,0,1,0,0,8043,118,415.04186000020127,True
global,20,0.02,2,49,conflict,R2_restart,1,1,0,1,0,0,8043,118,346.3806440013286,True
global,20,0.02,2,49,conflict,R2_restart,1,1,0,1,0,0,8043,118,359.18718700122554,True
global,20,0.02,2,49,conflict,R2_restart,1,1,0,1,0,0,8043,118,495.69523699938145,True
global,20,0.02,2,49,conflict,R2_restart,1,1,0,1,0,0,8043,118,572.9920389985637,True
global,20,0.02,2,49,conflict,R2_restart,1,1,0,1,0,0,8043,118,629.910944000585,True
global,20,0.02,2,49,conflict,R2_restart,1,1,0,1,0,0,8043,118,345.0221680013783,True
global,20,0.02,2,49,conflict,R2_restart,1,1,0,1,0,0,8043,118,481.8197559998225,True
global,20,0.02,2,49,conflict,R2_restart,1,1,0,1,0,0,8043,118,546.0475469990342,True
global,20,0.02,2,49,conflict,R2_restart,1,1,0,1,0,0,8043,118,387.94118400073785,True
global,20,0.02,2,49,conflict,R2_restart,1,1,0,1,0,0,8043,118,469.22348699990835,True
global,20,0.02,2,49,conflict,R2_restart,1,1,0,1,0,0,8043,118,390.3245879992028,True
global,20,0.02,2,49,conflict,R2_restart,1,1,0,1,0,0,8043,118,368.4076389999973,True
global,20,0.02,2,49,conflict,R2_restart,1,1,0,1,0,0,8043,118,554.058718998931,True
global,20,0.02,2,49,conflict,R2_restart,1,1,0,1,0,0,8043,118,516.5346699996007,True
global,20,0.02,2,49,conflict,R2_restart,1,1,0,1,0,0,8043,118,376.2672709999606,True
global,20,0.02,2,49,conflict,R2_restart,1,1,0,1,0,0,8043,118,305.3229230008583,True
global,20,0.02,2,49,conflict,R2_restart,1,1,0,1,0,0,8043,118,366.2398000014946,True
global,20,0.02,2,49,conflict,R2_restart,1,1,0,1,0,0,8043,118,377.4382779993175,True
global,20,0.02,2,49,conflict,R2_restart,1,1,0,1,0,0,8043,118,530.447331000687,True
global,20,0.02,2,49,conflict,R2_restart,1,1,0,1,0,0,8043,118,269.8542309990444,True
global,20,0.02,2,49,conflict,R2_restart,1,1,0,1,0,0,8043,118,255.56413199956296,True
global,20,0.02,2,49,conflict,R2_restart,1,1,0,1,0,0,8043,118,279.518104998715,True
global,20,0.02,2,49,conflict,R2_restart,1,1,0,1,0,0,8043,118,215.8072979982535,True
global,20,0.02,2,49,conflict,R2_restart,1,1,0,1,0,0,8043,118,265.0597249994462,True
global,20,0.02,2,49,conflict,R2_restart,1,1,0,1,0,0,8043,118,274.22827199916355,True
global,20,0.02,2,49,conflict,R2_restart,1,1,0,1,0,0,8043,118,264.7433809997892,True
global,20,0.02,2,49,conflict,R2_restart,1,1,0,1,0,0,8043,118,263.0101630002173,True
global,20,0.02,2,49,conflict,R2_restart,1,1,0,1,0,0,8043,118,436.56354599988845,True
global,20,0.02,2,49,conflict,R2_restart,1,1,0,1,0,0,8043,118,269.7002570002951,True
global,20,0.02,2,49,conflict,R2_restart,1,1,0,1,0,0,8043,118,251.9642389997898,True
global,20,0.02,2,49,conflict,R2_restart,1,1,0,1,0,0,8043,118,280.6492489999073,True
global,20,0.02,2,49,conflict,R2_restart,15,16,0,16,2,0,8043,118,282.90883699992264,True
global,20,0.02,2,49,conflict,R2_restart,1,1,0,1,0,0,8043,118,265.0892000001477,True
global,20,0.02,2,49,conflict,R2_restart,1,1,0,1,0,0,8043,118,263.6946029997489,True
global,20,0.02,2,49,conflict,R2_restart,1,1,0,1,0,0,8043,118,284.8295280000457,True
global,20,0.02,2,49,conflict,R2_restart,1,1,0,1,0,0,8043,118,337.6454829995055,True
global,20,0.02,2,49,conflict,R2_restart,1,1,0,1,0,0,8043,118,271.1724830005551,True
global,20,0.02,2,49,conflict,R2_restart,1,1,0,1,0,0,8043,118,263.9130040006421,True
global,20,0.02,2,49,conflict,R2_restart,1,1,0,1,0,0,8043,118,258.3191840003565,True
global,20,0.02,2,49,conflict,R2_restart,1,1,0,1,0,0,8043,118,290.7086089999211,True
global,20,0.02,2,49,conflict,R2_restart,1,1,0,1,0,0,8043,118,277.1518509998714,True
global,20,0.02,2,49,conflict,R2_restart,1,1,0,1,0,0,8043,118,348.95479700026044,True
global,20,0.02,2,49,conflict,R2_restart,1,1,0,1,0,0,8043,118,820.4334059992107,True
global,20,0.02,2,49,conflict,R2_restart,1,1,0,1,0,0,8043,118,380.3547899988189,True
global,20,0.02,2,49,conflict,R2_restart,1,1,0,1,0,0,8043,118,328.63285500025086,True
global,20,0.02,2,49,conflict,R2_restart,1,1,0,1,0,0,8043,118,319.86716400024306,True
global,20,0.02,2,49,conflict,R2_restart,1,1,0,1,0,0,8043,118,507.8617050003231,True
global,20,0.02,2,49,conflict,R2_restart,1,1,0,1,0,0,8043,118,394.2282369989698,True
global,20,0.02,2,49,conflict,R2_restart,1,1,0,1,0,0,8043,118,466.23017900128616,True
global,20,0.02,2,49,conflict,R2_restart,1,1,0,1,0,0,8043,118,387.6520710000477,True
global,20,0.02,2,49,conflict,R2_restart,1,1,0,1,0,0,8043,118,370.45991999912076,True
global,20,0.02,2,49,conflict,R2_restart,1,1,0,1,0,0,8043,118,386.8541079991701,True
global,20,0.02,2,49,conflict,R2_restart,1,1,0,1,0,0,8043,118,443.17071300065436,True
global,20,0.02,2,49,conflict,R2_restart,1,1,0,1,0,0,8043,118,627.7239370010648,True
global,20,0.02,2,49,conflict,R2_restart,1,1,0,1,0,0,8043,118,664.7831840000435,True
global,20,0.02,2,49,conflict,R2_restart,1,1,0,1,0,0,8043,118,365.4404250009975,True
global,20,0.02,2,49,conflict,R2_restart,1,1,0,1,0,0,8043,118,470.3688860008697,True
global,20,0.02,2,49,conflict,R2_restart,1,1,0,1,0,0,8043,118,383.90427300146257,True
global,20,0.02,2,49,conflict,R2_restart,1,1,0,1,0,0,8043,118,409.85991200068383,True
global,20,0.02,2,49,conflict,R2_restart,1,1,0,1,0,0,8043,118,375.46219500109146,True
global,20,0.02,2,49,conflict,R2_restart,1,1,0,1,0,0,8043,118,324.8595689983631,True
global,20,0.02,2,49,conflict,R2_restart,1,1,0,1,0,0,8043,118,388.5382219996245,True
global,20,0.02,2,49,conflict,R2_restart,1,1,0,1,0,0,8043,118,466.9477330007794,True
global,20,0.02,2,49,conflict,R2_restart,1,1,0,1,0,0,8043,118,768.9495780014113,True
global,20,0.02,2,49,conflict,R2_restart,1,1,0,1,0,0,8043,118,891.4676069998677,True
global,20,0.02,2,49,conflict,R2_restart,1,1,0,1,0,0,8043,118,598.3483719992364,True
global,20,0.02,2,49,conflict,R2_restart,1,1,0,1,0,0,8043,118,433.2817719987361,True
global,20,0.02,2,49,conflict,R2_restart,1,1,0,1,0,0,8043,118,540.6064970011357,True
global,20,0.02,2,49,conflict,R2_restart,1,1,0,1,0,0,8043,118,298.12887600019167,True
global,20,0.02,2,49,conflict,R2_restart,1,1,0,1,0,0,8043,118,325.7754999995086,True
global,20,0.02,2,49,conflict,R2_restart,1,1,0,1,0,0,8043,118,520.8602990005602,True
global,20,0.02,2,49,conflict,R2_restart,1,1,0,1,0,0,8043,118,866.1557989998983,True
global,20,0.02,2,49,conflict,R2_restart,1,1,0,1,0,0,8043,118,560.034636000637,True
global,20,0.02,2,49,conflict,R2_restart,1,1,0,1,0,0,8043,118,293.848027000422,True
global,20,0.02,2,49,conflict,R2_restart,1,1,0,1,0,0,8043,118,302.182964000167,True
global,20,0.02,2,49,conflict,R2_restart,1,1,0,1,0,0,8043,118,285.5151069998101,True
global,20,0.02,2,49,conflict,R2_restart,1,1,0,1,0,0,8043,118,263.2669929989788,True
global,20,0.02,2,49,conflict,R2_restart,1,1,0,1,0,0,8043,118,228.45274899918877,True
global,20,0.02,2,49,conflict,R2_restart,1,1,0,1,0,0,8043,118,523.1016540001292,True
global,20,0.02,2,49,conflict,R2_restart,1,1,0,1,0,0,8043,118,262.04771599987,True
global,20,0.02,2,49,conflict,R2_restart,1,1,0,1,0,0,8043,118,270.55048999864084,True
global,20,0.02,2,49,conflict,R2_restart,1,1,0,1,0,0,8043,118,257.0320080012607,True
global,20,0.02,2,49,conflict,R2_restart,1,1,0,1,0,0,8043,118,459.6104650008783,True
global,20,0.02,2,49,conflict,R2_restart,1,1,0,1,0,0,8043,118,258.53460199869005,True
global,20,0.02,2,49,conflict,R2_restart,1,1,0,1,0,0,8043,118,334.77414099979796,True
global,20,0.02,2,49,conflict,R2_restart,1,1,0,1,0,0,8043,118,360.9185810000781,True
global,20,0.02,2,49,conflict,R2_restart,1,1,0,1,0,0,8043,118,277.4325370010047,True
global,20,0.02,2,49,conflict,R2_restart,1,1,0,1,0,0,8043,118,322.9414710003766,True
global,20,0.02,2,49,conflict,R2_restart,1,1,0,1,0,0,8043,118,529.4260810005653,True
global,20,0.02,2,49,conflict,R2_restart,1,1,0,1,0,0,8043,118,320.19310199939355,True
global,20,0.02,2,49,conflict,R2_restart,1,1,0,1,0,0,8043,118,641.3128259991936,True
global,20,0.02,2,49,conflict,R2_restart,1,1,0,1,0,0,8043,118,468.4317290011677,True
global,20,0.02,2,49,conflict,R2_restart,1,1,0,1,0,0,8043,118,396.08397600022727,True
global,20,0.02,2,49,conflict,R2_restart,1,1,0,1,0,0,8043,118,248.35513000107312,True
global,20,0.02,2,49,conflict,R2_restart,1,1,0,1,0,0,8043,118,252.0609710009012,True
global,20,0.02,2,49,conflict,R2_restart,1,1,0,1,0,0,8043,118,358.6006909990829,True
global,20,0.02,2,49,conflict,R2_restart,1,1,0,1,0,0,8043,118,268.131414999516,True
global,20,0.02,2,49,conflict,R2_restart,1,1,0,1,0,0,8043,118,504.5177399988461,True
global,20,0.02,2,49,conflict,R2_restart,1,1,0,1,0,0,8043,118,284.80495100120606,True
global,20,0.02,2,49,conflict,R2_restart,1,1,0,1,0,0,8043,118,312.4106020004547,True
global,20,0.02,2,49,conflict,R2_restart,1,1,0,1,0,0,8043,118,442.7874040011375,True
global,20,0.02,2,49,conflict,R2_restart,1,1,0,1,0,0,8043,118,334.16090099854046,True
global,20,0.02,2,49,conflict,R2_restart,1,1,0,1,0,0,8043,118,325.30485399911413,True
global,20,0.02,2,70,blockage,R2_restart,15,16,0,16,14,0,6888,92,331.5788120016805,True
global,20,0.02,3,11,accident,R2_restart,16,17,0,17,74,0,37105,140,2635.875005998969,True
global,20,0.02,3,13,accident,R2_restart,10,13,0,13,5,0,38011,140,1318.9226720005536,True
global,20,0.02,3,15,emergency,R2_restart,10,13,0,13,4,0,42120,140,1983.1781270004285,True
global,20,0.02,3,18,emergency,R2_restart,15,16,0,16,10,0,40999,140,1718.783872000131,True
global,20,0.02,3,72,blockage,R2_restart,13,13,0,13,14,0,38869,86,1975.0287349997961,True
global,20,0.02,4,2,accident,R2_restart,15,17,0,17,202,0,36584,140,1976.9032929998502,True
global,20,0.02,4,16,blockage+emergency,R2_restart,11,15,0,15,7,0,33359,140,1703.5917289995268,True
global,20,0.02,4,23,emergency,R2_restart,16,18,0,18,30,0,33690,136,1187.367369999265,True
global,20,0.02,4,27,breakdown,R2_restart,17,18,0,18,21,0,37746,136,1856.3916019993485,True
global,20,0.02,4,60,blockage,R2_restart,14,14,0,14,24,0,35436,96,1390.9161160008807,True
global,20,0.02,6,4,blockage,R2_restart,17,17,0,17,204,0,60144,140,2426.6133649998665,True
global,20,0.02,6,9,emergency,R2_restart,3,3,0,3,0,0,59906,140,2777.6853579998715,True
global,20,0.02,6,11,accident,R2_restart,5,9,0,9,1,0,58917,140,2931.0986590007815,True
global,20,0.02,6,17,accident,R2_restart,13,15,0,15,9,0,57132,138,2121.4355299998715,True
global,20,0.02,6,19,blockage+emergency,R2_restart,14,16,0,16,10,0,58474,138,2432.5765279991174,True
global,20,0.02,6,26,blockage,R2_restart,13,14,0,14,17,0,58315,138,2849.5399530002032,True
global,20,0.02,6,54,blockage,R2_restart,11,12,0,12,7,0,55698,106,2389.872652000122,True
global,20,0.02,7,13,emergency,R2_restart,18,19,0,19,334,0,107341,140,7040.67281099924,True
global,20,0.02,7,15,accident,R2_restart,16,18,0,18,10,0,102563,140,5078.361714999119,True
global,20,0.02,7,34,emergency,R2_restart,17,19,0,19,34,0,106220,122,3477.1519280002394,True
global,20,0.02,7,46,accident,R2_restart,18,19,0,19,16,0,108345,114,3273.787052999978,True
global,20,0.02,7,73,blockage,R2_restart,11,14,0,14,9,0,108806,86,3848.182784000528,True
global,20,0.02,7,92,blockage,R2_restart,13,15,0,15,10,0,95040,70,3579.4330079988868,True
global,20,0.02,8,19,emergency,R2_restart,17,18,0,18,37,0,64970,140,3007.559460998891,True
global,20,0.02,8,27,blockage,R2_restart,19,19,0,19,17,0,63176,134,2112.4960470006044,True
global,20,0.02,8,30,accident,R2_restart,20,20,0,20,14,0,62167,132,2049.7497679989465,True
global,20,0.02,8,34,accident,R2_restart,19,19,0,19,18,0,62159,128,2326.318715000525,True
global,20,0.02,8,42,emergency,R2_restart,19,19,0,19,22,0,62966,120,2758.487948000038,True
global,20,0.02,8,77,blockage,R2_restart,11,14,0,14,8,0,60830,80,2392.7702569999383,True
global,20,0.02,9,29,emergency,R2_restart,15,18,0,18,136,0,7556,128,645.4383629989024,True
global,20,0.02,9,37,accident,R2_restart,16,18,0,18,13,0,6889,126,625.1084019986592,True
global,20,0.02,9,44,emergency,R2_restart,14,16,0,16,16,0,6483,116,785.2349700006016,True
global,20,0.02,9,57,blockage+breakdown,R2_restart,13,17,0,17,13,0,5853,104,450.4718549997051,True
global,20,0.02,9,78,blockage,R2_restart,15,18,0,18,16,0,4817,84,189.7823299987067,True
global,20,0.02,9,88,blockage,R2_restart,13,19,0,19,17,0,4326,70,245.8011639992037,True
global,20,0.05,0,24,emergency,R2_restart,18,20,0,20,134,0,39223,140,3028.110220999224,True
global,20,0.05,0,25,emergency,R2_restart,19,19,0,19,16,0,40097,140,2324.620932000471,True
global,20,0.05,0,30,blockage,R2_restart,20,20,0,20,18,0,38806,138,1522.7624210001522,True
global,20,0.05,0,33,accident,R2_restart,19,20,0,20,23,0,38662,136,1727.3835390005843,True
global,20,0.05,0,38,blockage,R2_restart,17,18,0,18,28,0,39478,128,1227.0854550006334,True
global,20,0.05,0,50,blockage,R2_restart,14,14,0,14,14,0,38661,118,1432.380310001463,True
global,20,0.05,0,52,breakdown,R2_restart,15,17,0,17,22,0,41518,114,1926.8915880002169,True
global,20,0.05,0,54,blockage,R2_restart,15,16,0,16,12,0,43896,112,1371.9740670003375,True
global,20,0.05,0,67,blockage,R2_restart,16,17,0,17,11,0,42379,98,2337.1141490006266,True
global,20,0.05,0,77,blockage,R2_restart,14,14,1,15,12,0,41785,88,2426.1859500002174,True
global,20,0.05,2,9,accident,R2_restart,15,19,1,20,64,0,13447,140,643.1200850001915,True
global,20,0.05,2,10,accident,R2_restart,4,7,0,7,1,0,15489,140,499.96589699912874,True
global,20,0.05,2,16,emergency,R2_restart,15,16,0,16,8,0,15778,140,543.8556620010786,True
global,20,0.05,2,19,blockage,R2_restart,15,19,0,19,15,0,15658,140,643.6591190013132,True
global,20,0.05,2,22,emergency,R2_restart,18,19,0,19,14,0,15390,140,617.9364920008084,True
global,20,0.05,2,44,blockage,R2_restart,16,16,0,16,14,0,13500,120,552.4102420004056,True
global,20,0.05,2,51,blockage,R2_restart,12,14,0,14,7,0,12690,110,679.5319970005949,True
global,20,0.05,2,61,blockage,R2_restart,15,16,0,16,14,0,12278,98,428.88316999960807,True
global,20,0.05,2,63,blockage,R2_restart,15,15,0,15,14,0,13013,96,672.1260129997972,True
global,20,0.05,2,70,blockage,R2_restart,13,14,0,14,12,0,13253,90,547.0121560010739,True
global,20,0.05,2,84,blockage,R2_restart,10,14,1,15,16,0,11722,74,585.0211340002716,True
global,20,0.05,2,90,blockage,R2_restart,10,15,1,16,14,0,11944,64,691.1486270000751,True
global,20,0.05,3,2,blockage,R2_restart,17,18,0,18,113,0,43962,140,2327.719837998302,True
global,20,0.05,3,7,emergency,R2_restart,2,2,0,2,0,0,43384,140,1796.1987090002367,True
global,20,0.05,3,8,accident,R2_restart,3,3,0,3,1,0,41957,140,1544.8280709988467,True
global,20,0.05,3,27,blockage,R2_restart,19,19,0,19,17,0,40920,134,1958.0036110000947,True
global,20,0.05,3,36,emergency,R2_restart,15,17,0,17,15,0,41108,124,1716.6917410013411,True
global,20,0.05,3,39,blockage,R2_restart,18,18,0,18,15,0,41643,124,1676.9264150007075,True
global,20,0.05,3,43,blockage,R2_restart,14,17,0,17,10,0,40439,116,1587.1561280000606,True
global,20,0.05,3,48,accident,R2_restart,13,15,0,15,12,0,39248,112,2578.2926390002103,True
global,20,0.05,3,72,blockage,R2_restart,15,15,0,15,14,0,38864,88,2670.5862800008617,True
global,20,0.05,3,74,blockage,R2_restart,16,17,0,17,20,0,39939,88,1789.3926429987914,True
global,20,0.05,3,77,blockage,R2_restart,17,18,0,18,17,0,40793,88,1724.3085069985682,True
global,20,0.05,4,16,blockage,R2_restart,19,19,0,19,119,0,7449,140,1158.6211570011073,True
global,20,0.05,4,17,emergency,R2_restart,10,12,0,12,4,0,7205,140,234.99894400083576,True
global,20,0.05,4,35,accident,R2_restart,19,20,0,20,28,0,6313,128,333.61325999976543,True
global,20,0.05,4,38,accident,R2_restart,18,19,0,19,25,0,6034,128,230.55687000123726,True
global,20,0.05,4,41,emergency,R2_restart,15,17,0,17,18,0,6233,126,231.58381099892722,True
global,20,0.05,4,60,blockage,R2_restart,17,19,0,19,26,0,6921,102,547.458123000979,True
global,20,0.05,4,79,blockage,R2_restart,13,14,0,14,10,0,4115,80,277.855628000907,True
global,20,0.05,5,16,blockage,R2_restart,19,20,0,20,375,0,61489,140,3335.2279239989,True
global,20,0.05,5,19,emergency,R2_restart,17,17,0,17,19,0,63870,138,2946.953102999032,True
global,20,0.05,5,25,blockage,R2_restart,16,16,0,16,8,0,64607,136,3431.8195739997464,True
global,20,0.05,5,31,blockage,R2_restart,15,16,0,16,18,0,63928,126,3561.9088069997815,True
global,20,0.05,5,33,blockage,R2_restart,15,17,0,17,16,0,63608,126,2710.7559369997034,True
global,20,0.05,5,41,emergency,R2_restart,18,20,0,20,28,0,63475,122,2604.4164819995785,True
global,20,0.05,5,50,accident,R2_restart,17,17,0,17,16,0,63664,114,2580.2225269999326,True
global,20,0.05,5,52,accident,R2_restart,17,18,0,18,14,0,63752,114,2448.4765929992136,True
global,20,0.05,5,57,blockage,R2_restart,13,13,0,13,9,0,64443,100,2973.561480999706,True
global,20,0.05,5,66,blockage,R2_restart,12,12,1,13,7,0,62628,94,2788.0992840000545,True
global,20,0.05,5,70,blockage,R2_restart,10,12,0,12,8,0,61655,90,2641.7925850000756,True
global,20,0.05,5,87,blockage,R2_restart,17,18,0,18,17,0,61639,86,3453.0188699991413,True
global,20,0.05,5,94,blockage,R2_restart,18,19,0,19,19,0,60575,74,3462.6081050009816,True
global,20,0.05,6,3,accident,R2_restart,17,18,0,18,199,0,59140,140,3947.028949000014,True
global,20,0.05,6,4,blockage,R2_restart,1,3,0,3,0,0,59065,140,3514.728489000845,True
global,20,0.05,6,12,blockage,R2_restart,5,7,0,7,4,0,58176,140,2727.384952999273,True
global,20,0.05,6,19,blockage,R2_restart,13,14,0,14,8,0,56087,138,2423.5343229993305,True
global,20,0.05,6,26,blockage,R2_restart,15,16,0,16,9,0,55255,138,1643.2666860000609,True
global,20,0.05,6,30,emergency,R2_restart,17,18,0,18,17,0,55071,138,2124.8899120000715,True
global,20,0.05,6,44,emergency,R2_restart,10,11,0,11,12,0,54814,114,2194.08240499979,True
global,20,0.05,6,50,accident,R2_restart,15,16,0,16,22,0,54859,110,2002.62303800082,True
global,20,0.05,6,54,blockage,R2_restart,15,15,0,15,10,0,54583,108,3483.2045449984435,True
global,20,0.05,6,69,blockage,R2_restart,15,15,0,15,17,0,54200,94,2769.9727210001583,True
global,20,0.05,6,78,blockage,R2_restart,13,13,0,13,11,0,53920,84,2642.2097020004003,True
global,20,0.05,7,10,emergency,R2_restart,18,19,0,19,325,0,106577,140,4509.51287800126,True
global,20,0.05,7,14,blockage,R2_restart,9,13,0,13,4,0,105744,140,3369.133062000401,True
global,20,0.05,7,17,blockage,R2_restart,15,18,0,18,10,0,102275,140,4602.299405998565,True
global,20,0.05,7,19,emergency,R2_restart,13,18,0,18,8,0,100936,140,4945.504432000234,True
global,20,0.05,7,21,blockage,R2_restart,16,19,0,19,22,0,99793,140,3574.7550890009734,True
global,20,0.05,7,23,accident,R2_restart,16,17,0,17,12,0,96283,138,3812.6934730007633,True
global,20,0.05,7,41,accident,R2_restart,16,17,0,17,26,0,97589,118,2586.1988159995235,True
global,20,0.05,7,45,blockage,R2_restart,17,18,0,18,14,0,99371,116,3471.443264001209,True
global,20,0.05,7,70,blockage,R2_restart,11,13,1,14,20,0,102031,90,4793.183980000322,True
global,20,0.05,7,73,blockage,R2_restart,12,14,1,15,9,0,101947,86,4584.623755999928,True
global,20,0.05,7,92,blockage,R2_restart,15,18,0,18,23,0,93740,72,4032.2280250002223,True
global,20,0.05,8,18,accident,R2_restart,17,18,0,18,34,0,64247,140,3122.9554419987835,True
global,20,0.05,8,27,blockage,R2_restart,20,20,0,20,19,0,63904,134,3313.3016109986784,True
global,20,0.05,8,34,blockage,R2_restart,18,18,0,18,8,0,61426,126,2833.092109000063,True
global,20,0.05,8,35,emergency,R2_restart,19,19,0,19,25,0,62147,126,4395.375124000566,True
global,20,0.05,8,41,accident,R2_restart,19,19,0,19,16,0,62248,122,3097.5689940005395,True
global,20,0.05,8,42,emergency,R2_restart,19,19,0,19,20,0,63934,122,2910.8842269997695,True
global,20,0.05,8,77,blockage,R2_restart,12,13,1,14,13,0,62275,80,2475.4703620001237,True
global,20,0.05,9,16,conflict,R2_restart,16,17,0,17,14,0,7294,136,213.35480400011875,True
global,20,0.05,9,22,emergency,R2_restart,16,19,0,19,156,0,8847,134,497.2485369999049,True
global,20,0.05,9,28,emergency,R2_restart,14,18,0,18,15,0,7125,128,281.5904990002309,True
global,20,0.05,9,31,accident,R2_restart,17,18,0,18,23,0,7151,128,466.5992209993419,True
global,20,0.05,9,40,blockage,R2_restart,16,16,0,16,18,0,6727,122,364.389830001528,True
global,20,0.05,9,47,blockage,R2_restart,16,16,0,16,44,0,5978,112,332.0316730005288,True
global,20,0.05,9,53,accident,R2_restart,15,16,0,16,13,0,5352,108,220.91249100049026,True
global,20,0.05,9,57,blockage,R2_restart,13,14,0,14,15,0,5236,106,220.9488499993313,True
global,20,0.05,9,78,blockage,R2_restart,13,15,0,15,9,0,4147,84,162.00026300066384,True
global,20,0.05,9,88,blockage,R2_restart,12,15,0,15,20,0,4178,72,165.4241100004583,True
global,20,0.1,1,10,blockage,R2_restart,16,18,0,18,93,0,40503,140,2190.2972959996987,True
global,20,0.1,1,17,breakdown,R2_restart,15,16,0,16,12,0,40359,140,2712.188592999155,True
global,20,0.1,1,20,blockage,R2_restart,18,19,0,19,31,0,40574,140,1738.6538499995368,True
global,20,0.1,1,22,emergency,R2_restart,18,18,0,18,11,0,39883,140,1924.0553840008943,True
global,20,0.1,1,24,blockage,R2_restart,19,20,0,20,22,0,39277,140,1887.9433080001036,True
global,20,0.1,1,30,blockage,R2_restart,19,20,0,20,14,0,38951,138,1440.3417770008673,True
global,20,0.1,1,32,emergency,R2_restart,20,20,0,20,21,0,39764,138,1515.9915529984573,True
global,20,0.1,1,39,accident,R2_restart,17,18,0,18,34,0,39669,130,2869.212384999628,True
global,20,0.1,1,49,blockage,R2_restart,14,16,0,16,11,0,38142,118,1271.914397000728,True
global,20,0.1,1,55,blockage,R2_restart,15,16,0,16,14,0,35416,112,1466.5360439994402,True
global,20,0.1,1,56,blockage,R2_restart,17,17,0,17,17,0,34416,112,1553.7997159990482,True
global,20,0.1,1,66,blockage,R2_restart,11,14,1,15,7,0,33805,96,1310.9727219998604,True
global,20,0.1,1,67,blockage,R2_restart,13,13,0,13,11,0,33405,96,1272.6345360006235,True
global,20,0.1,1,72,blockage,R2_restart,15,15,0,15,15,0,34915,92,1022.9587459998584,True
global,20,0.1,1,82,blockage,R2_restart,12,15,0,15,17,0,35019,86,1152.8208649997396,True
global,20,0.1,1,88,blockage,R2_restart,12,14,0,14,11,0,35551,76,1032.2482039991883,True
global,20,0.1,1,91,blockage,R2_restart,16,18,0,18,21,0,36508,76,926.7787129992939,True
global,20,0.1,1,93,blockage,R2_restart,13,14,0,14,8,0,36477,72,1061.8390729996463,True
global,20,0.1,2,1,blockage,R2_restart,16,20,0,20,134,0,14267,140,943.7329929987754,True
global,20,0.1,2,12,blockage,R2_restart,9,15,0,15,6,0,13789,140,570.1708180004061,True
global,20,0.1,2,15,blockage,R2_restart,11,15,0,15,6,0,13415,140,424.66267999952834,True
global,20,0.1,2,17,blockage,R2_restart,17,19,0,19,12,0,13432,140,491.0917619999964,True
global,20,0.1,2,19,blockage,R2_restart,16,18,0,18,22,0,14166,140,663.7292740015255,True
global,20,0.1,2,22,blockage,R2_restart,18,18,0,18,11,0,13510,140,513.7664339999901,True
global,20,0.1,2,25,emergency,R2_restart,19,19,0,19,28,0,13807,140,580.1874659991881,True
global,20,0.1,2,32,accident,R2_restart,19,19,0,19,14,0,12896,136,607.662843000071,True
global,20,0.1,2,44,blockage+emergency,R2_restart,17,19,0,19,20,0,12080,120,610.0370479998674,True
global,20,0.1,2,51,blockage,R2_restart,15,16,0,16,10,0,10538,114,463.44963100091263,True
global,20,0.1,2,59,accident,R2_restart,12,14,0,14,25,0,15126,104,530.5828750006185,True
global,20,0.1,2,61,blockage,R2_restart,12,14,0,14,10,0,14736,102,655.1985379992402,True
global,20,0.1,2,63,blockage,R2_restart,12,14,0,14,9,0,14591,102,993.3937290006725,True
global,20,0.1,2,69,conflict,R2_restart,13,17,0,17,0,0,15367,92,498.7806180015468,True
global,20,0.1,2,69,conflict,R2_restart,1,1,0,1,0,0,15367,92,638.3412689992838,True
global,20,0.1,2,69,conflict,R2_restart,1,1,0,1,0,0,15367,92,483.10753799887607,True
global,20,0.1,2,69,conflict,R2_restart,1,1,0,1,0,0,15367,92,523.0432209991704,True
global,20,0.1,2,69,conflict,R2_restart,1,1,0,1,0,0,15367,92,536.7602910009737,True
global,20,0.1,2,69,conflict,R2_restart,1,1,0,1,0,0,15367,92,482.55003900158044,True
global,20,0.1,2,69,conflict,R2_restart,1,1,0,1,0,0,15367,92,939.898553000603,True
global,20,0.1,2,69,conflict,R2_restart,1,1,0,1,0,0,15367,92,562.4834410009498,True
global,20,0.1,2,69,conflict,R2_restart,1,1,0,1,0,0,15367,92,476.67886700037343,True
global,20,0.1,2,69,conflict,R2_restart,1,1,0,1,0,0,15367,92,925.8700690006663,True
global,20,0.1,2,69,conflict,R2_restart,1,1,0,1,0,0,15367,92,520.6154119987332,True
global,20,0.1,2,69,conflict,R2_restart,1,1,0,1,0,0,15367,92,497.3606599996856,True
global,20,0.1,2,69,conflict,R2_restart,1,1,0,1,0,0,15367,92,633.658283000841,True
global,20,0.1,2,69,conflict,R2_restart,1,1,0,1,0,0,15367,92,603.9300820011704,True
global,20,0.1,2,69,conflict,R2_restart,1,1,0,1,0,0,15367,92,766.8760670003394,True
global,20,0.1,2,69,conflict,R2_restart,1,1,0,1,0,0,15367,92,883.6578280006506,True
global,20,0.1,2,69,conflict,R2_restart,1,1,0,1,0,0,15367,92,695.5179209999187,True
global,20,0.1,2,69,conflict,R2_restart,1,1,0,1,0,0,15367,92,829.95884400043,True
global,20,0.1,2,69,conflict,R2_restart,1,1,0,1,0,0,15367,92,695.745060000263,True
global,20,0.1,2,69,conflict,R2_restart,1,1,0,1,0,0,15367,92,976.2053800004651,True
global,20,0.1,2,69,conflict,R2_restart,1,1,0,1,0,0,15367,92,680.9966979999444,True
global,20,0.1,2,69,conflict,R2_restart,1,1,0,1,0,0,15367,92,748.7216310000804,True
global,20,0.1,2,69,conflict,R2_restart,1,1,0,1,0,0,15367,92,927.2977950004133,True
global,20,0.1,2,69,conflict,R2_restart,1,1,0,1,0,0,15367,92,816.8735150011344,True
global,20,0.1,2,69,conflict,R2_restart,1,1,0,1,0,0,15367,92,683.225652001056,True
global,20,0.1,2,69,conflict,R2_restart,1,1,0,1,0,0,15367,92,893.6334820009506,True
global,20,0.1,2,69,conflict,R2_restart,1,1,0,1,0,0,15367,92,773.4052859996154,True
global,20,0.1,2,69,conflict,R2_restart,1,1,0,1,0,0,15367,92,962.9924549990392,True
global,20,0.1,2,69,conflict,R2_restart,1,1,0,1,0,0,15367,92,758.1729930006986,True
global,20,0.1,2,69,conflict,R2_restart,1,1,0,1,0,0,15367,92,616.5322100005142,True
global,20,0.1,2,69,conflict,R2_restart,1,1,0,1,0,0,15367,92,955.6051819999993,True
global,20,0.1,2,69,conflict,R2_restart,1,1,0,1,0,0,15367,92,841.4323540000623,True
global,20,0.1,2,69,conflict,R2_restart,1,1,0,1,0,0,15367,92,1242.22902099973,True
global,20,0.1,2,69,conflict,R2_restart,1,1,0,1,0,0,15367,92,1124.0727820004395,True
global,20,0.1,2,69,conflict,R2_restart,1,1,0,1,0,0,15367,92,729.8565929995675,True
global,20,0.1,2,69,conflict,R2_restart,1,1,0,1,0,0,15367,92,1486.0211409995827,True
global,20,0.1,2,69,conflict,R2_restart,1,1,0,1,0,0,15367,92,1147.8784710016043,True
global,20,0.1,2,69,conflict,R2_restart,1,1,0,1,0,0,15367,92,778.4611000006407,True
global,20,0.1,2,69,conflict,R2_restart,1,1,0,1,0,0,15367,92,684.8025819999748,True
global,20,0.1,2,69,conflict,R2_restart,1,1,0,1,0,0,15367,92,857.1367580007063,True
global,20,0.1,2,69,conflict,R2_restart,1,1,0,1,0,0,15367,92,707.5729249991127,True
global,20,0.1,2,69,conflict,R2_restart,1,1,0,1,0,0,15367,92,788.1563820010342,True
global,20,0.1,2,69,conflict,R2_restart,1,1,0,1,0,0,15367,92,780.230925000069,True
global,20,0.1,2,69,conflict,R2_restart,1,1,0,1,0,0,15367,92,727.835238998523,True
global,20,0.1,2,69,conflict,R2_restart,1,1,0,1,0,0,15367,92,1044.533140000567,True
global,20,0.1,2,69,conflict,R2_restart,1,1,0,1,0,0,15367,92,570.5879610013653,True
global,20,0.1,2,69,conflict,R2_restart,1,1,0,1,0,0,15367,92,628.2631390004099,True
global,20,0.1,2,69,conflict,R2_restart,1,1,0,1,0,0,15367,92,737.0041129997844,True
global,20,0.1,2,69,conflict,R2_restart,1,1,0,1,0,0,15367,92,560.876654999447,True
global,20,0.1,2,69,conflict,R2_restart,1,1,0,1,0,0,15367,92,562.8854280002997,True
global,20,0.1,2,69,conflict,R2_restart,1,1,0,1,0,0,15367,92,778.6260579996451,True
global,20,0.1,2,69,conflict,R2_restart,1,1,0,1,0,0,15367,92,708.4145059998264,True
global,20,0.1,2,69,conflict,R2_restart,1,1,0,1,0,0,15367,92,898.8653770011297,True
global,20,0.1,2,69,conflict,R2_restart,1,1,0,1,0,0,15367,92,672.6792919998843,True
global,20,0.1,2,69,conflict,R2_restart,1,1,0,1,0,0,15367,92,724.8712250002427,True
global,20,0.1,2,69,conflict,R2_restart,1,1,0,1,0,0,15367,92,783.4655650003697,True
global,20,0.1,2,69,conflict,R2_restart,1,1,0,1,0,0,15367,92,815.6991790001484,True
global,20,0.1,2,69,conflict,R2_restart,1,1,0,1,0,0,15367,92,674.6211930003483,True
global,20,0.1,2,69,conflict,R2_restart,1,1,0,1,0,0,15367,92,1085.4415869998775,True
global,20,0.1,2,69,conflict,R2_restart,1,1,0,1,0,0,15367,92,779.6006500011572,True
global,20,0.1,2,69,conflict,R2_restart,1,1,0,1,0,0,15367,92,730.8343999993667,True
global,20,0.1,2,69,conflict,R2_restart,1,1,0,1,0,0,15367,92,1577.767181001036,True
global,20,0.1,2,69,conflict,R2_restart,1,1,0,1,0,0,15367,92,739.8306329996558,True
global,20,0.1,2,69,conflict,R2_restart,1,1,0,1,0,0,15367,92,834.1012479995698,True
global,20,0.1,2,69,conflict,R2_restart,1,1,0,1,0,0,15367,92,557.7266700001928,True
global,20,0.1,2,69,conflict,R2_restart,1,1,0,1,0,0,15367,92,771.666575999916,True
global,20,0.1,2,69,conflict,R2_restart,1,1,0,1,0,0,15367,92,683.8331029994151,True
global,20,0.1,2,69,conflict,R2_restart,1,1,0,1,0,0,15367,92,482.4448549989029,True
global,20,0.1,2,69,conflict,R2_restart,1,1,0,1,0,0,15367,92,714.8691269994742,True
global,20,0.1,2,69,conflict,R2_restart,1,1,0,1,0,0,15367,92,473.63746799965156,True
global,20,0.1,2,69,conflict,R2_restart,1,1,0,1,0,0,15367,92,550.7903859997896,True
global,20,0.1,2,69,conflict,R2_restart,1,1,0,1,0,0,15367,92,547.5036909992923,True
global,20,0.1,2,69,conflict,R2_restart,1,1,0,1,0,0,15367,92,677.619568999944,True
global,20,0.1,2,69,conflict,R2_restart,1,1,0,1,0,0,15367,92,547.51067899997,True
global,20,0.1,2,69,conflict,R2_restart,1,1,0,1,0,0,15367,92,565.1858869987336,True
global,20,0.1,2,69,conflict,R2_restart,1,1,0,1,0,0,15367,92,489.42392700155324,True
global,20,0.1,2,69,conflict,R2_restart,1,1,0,1,0,0,15367,92,504.9146669989568,True
global,20,0.1,2,69,conflict,R2_restart,1,1,0,1,0,0,15367,92,508.08491700081504,True
global,20,0.1,2,69,conflict,R2_restart,1,1,0,1,0,0,15367,92,548.5904670003947,True
global,20,0.1,2,69,conflict,R2_restart,1,1,0,1,0,0,15367,92,819.0196659998037,True
global,20,0.1,2,69,conflict,R2_restart,1,1,0,1,0,0,15367,92,597.5100380001095,True
global,20,0.1,2,69,conflict,R2_restart,1,1,0,1,0,0,15367,92,698.2616479999706,True
global,20,0.1,2,69,conflict,R2_restart,1,1,0,1,0,0,15367,92,846.30069800005,True
global,20,0.1,2,69,conflict,R2_restart,1,1,0,1,0,0,15367,92,959.5464120011457,True
global,20,0.1,2,69,conflict,R2_restart,1,1,0,1,0,0,15367,92,662.7120510001987,True
global,20,0.1,2,69,conflict,R2_restart,1,1,0,1,0,0,15367,92,821.9385819993477,True
global,20,0.1,2,69,conflict,R2_restart,1,1,0,1,0,0,15367,92,1062.718915000005,True
global,20,0.1,2,69,conflict,R2_restart,1,1,0,1,0,0,15367,92,952.614308000193,True
global,20,0.1,2,69,conflict,R2_restart,1,1,0,1,0,0,15367,92,714.5587429986335,True
global,20,0.1,2,69,conflict,R2_restart,1,1,0,1,0,0,15367,92,1168.8061129989364,True
global,20,0.1,2,69,conflict,R2_restart,1,1,0,1,0,0,15367,92,1286.824617000093,True
global,20,0.1,2,69,conflict,R2_restart,1,1,0,1,0,0,15367,92,584.0013189990714,True
global,20,0.1,2,69,conflict,R2_restart,1,1,0,1,0,0,15367,92,812.092501000734,True
global,20,0.1,2,69,conflict,R2_restart,1,1,0,1,0,0,15367,92,543.4305740000127,True
global,20,0.1,2,69,conflict,R2_restart,1,1,0,1,0,0,15367,92,596.2930540008529,True
global,20,0.1,2,69,conflict,R2_restart,1,1,0,1,0,0,15367,92,981.2244570002804,True
global,20,0.1,2,69,conflict,R2_restart,1,1,0,1,0,0,15367,92,835.1317500000732,True
global,20,0.1,2,69,conflict,R2_restart,1,1,0,1,0,0,15367,92,754.2203499997413,True
global,20,0.1,2,69,conflict,R2_restart,1,1,0,1,0,0,15367,92,750.0181269988389,True
global,20,0.1,2,69,conflict,R2_restart,1,1,0,1,0,0,15367,92,965.559939000741,True
global,20,0.1,2,69,conflict,R2_restart,1,1,0,1,0,0,15367,92,892.4805410006229,True
global,20,0.1,2,69,conflict,R2_restart,1,1,0,1,0,0,15367,92,796.6501760001847,True
global,20,0.1,2,69,conflict,R2_restart,1,1,0,1,0,0,15367,92,681.1053350011207,True
global,20,0.1,2,69,conflict,R2_restart,1,1,0,1,0,0,15367,92,1232.858811999904,True
global,20,0.1,2,69,conflict,R2_restart,1,1,0,1,0,0,15367,92,651.2071699999069,True
global,20,0.1,2,69,conflict,R2_restart,1,1,0,1,0,0,15367,92,737.356962999911,True
global,20,0.1,2,69,conflict,R2_restart,1,1,0,1,0,0,15367,92,775.7307379997656,True
global,20,0.1,2,69,conflict,R2_restart,1,1,0,1,0,0,15367,92,800.0684119997459,True
global,20,0.1,2,69,conflict,R2_restart,1,1,0,1,0,0,15367,92,678.0082629993558,True
global,20,0.1,2,69,conflict,R2_restart,1,1,0,1,0,0,15367,92,792.4706489993696,True
global,20,0.1,2,69,conflict,R2_restart,1,1,0,1,0,0,15367,92,795.9710599989194,True
global,20,0.1,2,69,conflict,R2_restart,1,1,0,1,0,0,15367,92,611.558757000239,True
global,20,0.1,2,69,conflict,R2_restart,1,1,0,1,0,0,15367,92,813.9248970001063,True
global,20,0.1,2,69,conflict,R2_restart,1,1,0,1,0,0,15367,92,851.1382739998226,True
global,20,0.1,2,69,conflict,R2_restart,1,1,0,1,0,0,15367,92,541.978390998338,True
global,20,0.1,2,69,conflict,R2_restart,1,1,0,1,0,0,15367,92,565.8959180000238,True
global,20,0.1,2,69,conflict,R2_restart,1,1,0,1,0,0,15367,92,571.1151969990169,True
global,20,0.1,2,69,conflict,R2_restart,1,1,0,1,0,0,15367,92,505.8005709997815,True
global,20,0.1,2,69,conflict,R2_restart,1,1,0,1,0,0,15367,92,457.4836640003923,True
global,20,0.1,2,69,conflict,R2_restart,1,1,0,1,0,0,15367,92,593.2273340004031,True
global,20,0.1,2,69,conflict,R2_restart,1,1,0,1,0,0,15367,92,556.8456700002571,True
global,20,0.1,2,69,conflict,R2_restart,1,1,0,1,0,0,15367,92,432.75240100047085,True
global,20,0.1,2,69,conflict,R2_restart,1,1,0,1,0,0,15367,92,437.2453830001177,True
global,20,0.1,2,69,conflict,R2_restart,1,1,0,1,0,0,15367,92,391.0293400003866,True
global,20,0.1,2,69,conflict,R2_restart,1,1,0,1,0,0,15367,92,435.5033789997833,True
global,20,0.1,2,69,conflict,R2_restart,1,1,0,1,0,0,15367,92,443.87657700099226,True
global,20,0.1,2,69,conflict,R2_restart,1,1,0,1,0,0,15367,92,447.2228280010313,True
global,20,0.1,2,69,conflict,R2_restart,1,1,0,1,0,0,15367,92,437.26630300079705,True
global,20,0.1,2,69,conflict,R2_restart,1,1,0,1,0,0,15367,92,447.8933149985096,True
global,20,0.1,2,69,conflict,R2_restart,1,1,0,1,0,0,15367,92,417.8538930009381,True
global,20,0.1,2,69,conflict,R2_restart,1,1,0,1,0,0,15367,92,584.6536199987895,True
global,20,0.1,2,69,conflict,R2_restart,1,1,0,1,0,0,15367,92,509.5584430000599,True
global,20,0.1,2,69,conflict,R2_restart,1,1,0,1,0,0,15367,92,434.59590899874456,True
global,20,0.1,2,69,conflict,R2_restart,1,1,0,1,0,0,15367,92,438.5023459999502,True
global,20,0.1,2,69,conflict,R2_restart,1,1,0,1,0,0,15367,92,567.9682419995515,True
global,20,0.1,2,69,conflict,R2_restart,1,1,0,1,0,0,15367,92,552.2279760007223,True
global,20,0.1,2,69,conflict,R2_restart,1,1,0,1,0,0,15367,92,470.0796220004122,True
global,20,0.1,2,69,conflict,R2_restart,1,1,0,1,0,0,15367,92,407.26689400071336,True
global,20,0.1,2,69,conflict,R2_restart,1,1,0,1,0,0,15367,92,461.67004400012956,True
global,20,0.1,2,69,conflict,R2_restart,1,1,0,1,0,0,15367,92,499.0195800000947,True
global,20,0.1,2,69,conflict,R2_restart,1,1,0,1,0,0,15367,92,651.6111510009068,True
global,20,0.1,2,69,conflict,R2_restart,1,1,0,1,0,0,15367,92,484.83309999937774,True
global,20,0.1,2,69,conflict,R2_restart,1,1,0,1,0,0,15367,92,562.1377129991743,True
global,20,0.1,2,69,conflict,R2_restart,1,1,0,1,0,0,15367,92,816.4180049989227,True
global,20,0.1,2,69,conflict,R2_restart,1,1,0,1,0,0,15367,92,542.4576050008909,True
global,20,0.1,2,69,conflict,R2_restart,1,1,0,1,0,0,15367,92,730.9429750002892,True
global,20,0.1,2,69,conflict,R2_restart,1,1,0,1,0,0,15367,92,812.9657680001401,True
global,20,0.1,2,69,conflict,R2_restart,1,1,0,1,0,0,15367,92,855.8040749994689,True
global,20,0.1,2,69,conflict,R2_restart,1,1,0,1,0,0,15367,92,1183.3843369986425,True
global,20,0.1,2,69,conflict,R2_restart,1,1,0,1,0,0,15367,92,1041.7628519990103,True
global,20,0.1,2,69,conflict,R2_restart,1,1,0,1,0,0,15367,92,705.4121590008435,True
global,20,0.1,2,69,conflict,R2_restart,1,1,0,1,0,0,15367,92,842.9862749999302,True
global,20,0.1,2,69,conflict,R2_restart,13,15,0,15,1,0,15367,92,934.3184280005516,True
global,20,0.1,2,69,conflict,R2_restart,1,1,0,1,0,0,15367,92,965.3906799994729,True
global,20,0.1,2,69,conflict,R2_restart,1,1,0,1,0,0,15367,92,881.5809080006147,True
global,20,0.1,2,69,conflict,R2_restart,1,1,0,1,0,0,15367,92,725.8722099995794,True
global,20,0.1,2,69,conflict,R2_restart,1,1,0,1,0,0,15367,92,957.4670439997135,True
global,20,0.1,2,69,conflict,R2_restart,1,1,0,1,0,0,15367,92,922.1000329998787,True
global,20,0.1,2,69,conflict,R2_restart,1,1,0,1,0,0,15367,92,816.3871619999554,True
global,20,0.1,2,69,conflict,R2_restart,1,1,0,1,0,0,15367,92,999.2459519999102,True
global,20,0.1,2,69,conflict,R2_restart,1,1,0,1,0,0,15367,92,901.6188149998925,True
global,20,0.1,2,69,conflict,R2_restart,1,1,0,1,0,0,15367,92,684.6357180002087,True
global,20,0.1,2,69,conflict,R2_restart,1,1,0,1,0,0,15367,92,706.5916709998419,True
global,20,0.1,2,69,conflict,R2_restart,1,1,0,1,0,0,15367,92,773.2150249994447,True
global,20,0.1,2,69,conflict,R2_restart,1,1,0,1,0,0,15367,92,766.2650590009434,True
global,20,0.1,2,69,conflict,R2_restart,1,1,0,1,0,0,15367,92,630.1227679996373,True
global,20,0.1,2,69,conflict,R2_restart,1,1,0,1,0,0,15367,92,850.0484079995658,True
global,20,0.1,2,69,conflict,R2_restart,1,1,0,1,0,0,15367,92,777.222795999478,True
global,20,0.1,2,69,conflict,R2_restart,1,1,0,1,0,0,15367,92,918.6025459985103,True
global,20,0.1,2,69,conflict,R2_restart,1,1,0,1,0,0,15367,92,937.0195049996255,True
global,20,0.1,2,69,conflict,R2_restart,1,1,0,1,0,0,15367,92,743.368493998787,True
global,20,0.1,2,69,conflict,R2_restart,1,1,0,1,0,0,15367,92,735.4250489988772,True
global,20,0.1,2,69,conflict,R2_restart,1,1,0,1,0,0,15367,92,845.2195940008096,True
global,20,0.1,2,69,conflict,R2_restart,1,1,0,1,0,0,15367,92,1347.3009760000423,True
global,20,0.1,2,69,conflict,R2_restart,1,1,0,1,0,0,15367,92,762.1728850008367,True
global,20,0.1,2,69,conflict,R2_restart,1,1,0,1,0,0,15367,92,1017.6058910001302,True
global,20,0.1,2,69,conflict,R2_restart,1,1,0,1,0,0,15367,92,711.6083559994877,True
global,20,0.1,2,69,conflict,R2_restart,1,1,0,1,0,0,15367,92,748.1916140004614,True
global,20,0.1,2,69,conflict,R2_restart,1,1,0,1,0,0,15367,92,819.7826280011213,True
global,20,0.1,2,69,conflict,R2_restart,1,1,0,1,0,0,15367,92,756.1465260005207,True
global,20,0.1,2,69,conflict,R2_restart,1,1,0,1,0,0,15367,92,884.293813000113,True
global,20,0.1,2,69,conflict,R2_restart,1,1,0,1,0,0,15367,92,1040.4621369998495,True
global,20,0.1,2,69,conflict,R2_restart,1,1,0,1,0,0,15367,92,814.7881459990458,True
global,20,0.1,2,69,conflict,R2_restart,1,1,0,1,0,0,15367,92,646.1662100009562,True
global,20,0.1,2,69,conflict,R2_restart,1,1,0,1,0,0,15367,92,737.172309000016,True
global,20,0.1,2,69,conflict,R2_restart,1,1,0,1,0,0,15367,92,737.6179540005978,True
global,20,0.1,2,69,conflict,R2_restart,1,1,0,1,0,0,15367,92,745.3066300004139,True
global,20,0.1,2,69,conflict,R2_restart,1,1,0,1,0,0,15367,92,843.2954790005169,True
global,20,0.1,2,69,conflict,R2_restart,1,1,0,1,0,0,15367,92,750.8455530005449,True
global,20,0.1,2,69,conflict,R2_restart,1,1,0,1,0,0,15367,92,720.7652170000074,True
global,20,0.1,2,69,conflict,R2_restart,1,1,0,1,0,0,15367,92,615.1138759996684,True
global,20,0.1,2,69,conflict,R2_restart,1,1,0,1,0,0,15367,92,654.0569560002041,True
global,20,0.1,2,69,conflict,R2_restart,1,1,0,1,0,0,15367,92,1032.3633460011479,True
global,20,0.1,2,69,conflict,R2_restart,1,1,0,1,0,0,15367,92,830.0856259993452,True
global,20,0.1,2,69,conflict,R2_restart,1,1,0,1,0,0,15367,92,1196.8217000012373,True
global,20,0.1,2,69,conflict,R2_restart,1,1,0,1,0,0,15367,92,1245.3182630015363,True
global,20,0.1,2,69,conflict,R2_restart,1,1,0,1,0,0,15367,92,757.525244000135,True
global,20,0.1,2,69,conflict,R2_restart,1,1,0,1,0,0,15367,92,767.4204470004042,True
global,20,0.1,2,69,conflict,R2_restart,1,1,0,1,0,0,15367,92,651.9059860002017,True
global,20,0.1,2,69,conflict,R2_restart,1,1,0,1,0,0,15367,92,821.087559001171,True
global,20,0.1,2,69,conflict,R2_restart,1,1,0,1,0,0,15367,92,764.4053109997913,True
global,20,0.1,2,69,conflict,R2_restart,1,1,0,1,0,0,15367,92,849.4190140008868,True
global,20,0.1,2,69,conflict,R2_restart,1,1,0,1,0,0,15367,92,746.5701159999298,True
global,20,0.1,2,69,conflict,R2_restart,1,1,0,1,0,0,15367,92,426.25039700033085,True
global,20,0.1,2,69,conflict,R2_restart,1,1,0,1,0,0,15367,92,433.6345190004067,True
global,20,0.1,2,69,conflict,R2_restart,1,1,0,1,0,0,15367,92,547.8760890000558,True
global,20,0.1,2,69,conflict,R2_restart,1,1,0,1,0,0,15367,92,919.1040240002621,True
global,20,0.1,2,69,conflict,R2_restart,1,1,0,1,0,0,15367,92,832.252857999265,True
global,20,0.1,2,69,conflict,R2_restart,1,1,0,1,0,0,15367,92,604.2315610011428,True
global,20,0.1,2,69,conflict,R2_restart,1,1,0,1,0,0,15367,92,569.9285689988756,True
global,20,0.1,2,69,conflict,R2_restart,1,1,0,1,0,0,15367,92,468.8926809994882,True
global,20,0.1,2,69,conflict,R2_restart,1,1,0,1,0,0,15367,92,570.0387850010884,True
global,20,0.1,2,69,conflict,R2_restart,1,1,0,1,0,0,15367,92,442.40541199906147,True
global,20,0.1,2,69,conflict,R2_restart,1,1,0,1,0,0,15367,92,496.47955000000366,True
global,20,0.1,2,69,conflict,R2_restart,1,1,0,1,0,0,15367,92,484.16177299986884,True
global,20,0.1,2,69,conflict,R2_restart,1,1,0,1,0,0,15367,92,705.2729959996213,True
global,20,0.1,2,69,conflict,R2_restart,1,1,0,1,0,0,15367,92,554.7778639993339,True
global,20,0.1,2,69,conflict,R2_restart,1,1,0,1,0,0,15367,92,609.5280709996587,True
global,20,0.1,2,69,conflict,R2_restart,1,1,0,1,0,0,15367,92,1064.720292999482,True
global,20,0.1,2,69,conflict,R2_restart,1,1,0,1,0,0,15367,92,615.405639000528,True
global,20,0.1,2,69,conflict,R2_restart,1,1,0,1,0,0,15367,92,705.3826459996344,True
global,20,0.1,2,69,conflict,R2_restart,1,1,0,1,0,0,15367,92,599.1655990001163,True
global,20,0.1,2,69,conflict,R2_restart,1,1,0,1,0,0,15367,92,534.713148001174,True
global,20,0.1,2,69,conflict,R2_restart,1,1,0,1,0,0,15367,92,898.6115259995131,True
global,20,0.1,2,69,conflict,R2_restart,1,1,0,1,0,0,15367,92,1666.1101019999478,True
global,20,0.1,2,69,conflict,R2_restart,1,1,0,1,0,0,15367,92,726.3106360005622,True
global,20,0.1,2,69,conflict,R2_restart,1,1,0,1,0,0,15367,92,1489.3473109987099,True
global,20,0.1,2,69,conflict,R2_restart,1,1,0,1,0,0,15367,92,958.9152480002667,True
global,20,0.1,2,69,conflict,R2_restart,1,1,0,1,0,0,15367,92,1326.2009709997074,True
global,20,0.1,2,69,conflict,R2_restart,1,1,0,1,0,0,15367,92,765.5513650006469,True
global,20,0.1,2,69,conflict,R2_restart,1,1,0,1,0,0,15367,92,1349.5853789991088,True
global,20,0.1,2,69,conflict,R2_restart,1,1,0,1,0,0,15367,92,913.7616009993508,True
global,20,0.1,2,69,conflict,R2_restart,1,1,0,1,0,0,15367,92,831.6276920013479,True
global,20,0.1,2,69,conflict,R2_restart,1,1,0,1,0,0,15367,92,582.3938369994721,True
global,20,0.1,2,69,conflict,R2_restart,1,1,0,1,0,0,15367,92,710.8626610006468,True
global,20,0.1,2,69,conflict,R2_restart,1,1,0,1,0,0,15367,92,843.5922709995793,True
global,20,0.1,2,69,conflict,R2_restart,1,1,0,1,0,0,15367,92,864.5223690000421,True
global,20,0.1,2,69,conflict,R2_restart,1,1,0,1,0,0,15367,92,952.3629079994862,True
global,20,0.1,2,69,conflict,R2_restart,1,1,0,1,0,0,15367,92,567.9776759989181,True
global,20,0.1,2,69,conflict,R2_restart,1,1,0,1,0,0,15367,92,679.3784010005766,True
global,20,0.1,2,69,conflict,R2_restart,1,1,0,1,0,0,15367,92,876.4826980004727,True
global,20,0.1,2,69,conflict,R2_restart,1,1,0,1,0,0,15367,92,729.5968340004038,True
global,20,0.1,2,69,conflict,R2_restart,1,1,0,1,0,0,15367,92,897.4304549992667,True
global,20,0.1,2,69,conflict,R2_restart,1,1,0,1,0,0,15367,92,745.8720470003755,True
global,20,0.1,2,69,conflict,R2_restart,1,1,0,1,0,0,15367,92,718.9184899998509,True
global,20,0.1,2,69,conflict,R2_restart,1,1,0,1,0,0,15367,92,803.0321810001624,True
global,20,0.1,2,69,conflict,R2_restart,1,1,0,1,0,0,15367,92,548.9086650013633,True
global,20,0.1,2,69,conflict,R2_restart,1,1,0,1,0,0,15367,92,588.4703609990538,True
global,20,0.1,2,69,conflict,R2_restart,1,1,0,1,0,0,15367,92,620.6733369999711,True
global,20,0.1,2,69,conflict,R2_restart,1,1,0,1,0,0,15367,92,588.3385409997572,True
global,20,0.1,2,69,conflict,R2_restart,1,1,0,1,0,0,15367,92,896.5313349999633,True
global,20,0.1,2,69,conflict,R2_restart,1,1,0,1,0,0,15367,92,706.6802850004024,True
global,20,0.1,2,69,conflict,R2_restart,1,1,0,1,0,0,15367,92,911.3307259995054,True
global,20,0.1,2,69,conflict,R2_restart,1,1,0,1,0,0,15367,92,767.0013000006293,True
global,20,0.1,2,69,conflict,R2_restart,1,1,0,1,0,0,15367,92,843.281705998379,True
global,20,0.1,2,69,conflict,R2_restart,1,1,0,1,0,0,15367,92,1148.1686660008563,True
global,20,0.1,2,69,conflict,R2_restart,1,1,0,1,0,0,15367,92,1091.5769189996354,True
global,20,0.1,2,69,conflict,R2_restart,1,1,0,1,0,0,15367,92,704.7280650003813,True
global,20,0.1,2,69,conflict,R2_restart,1,1,0,1,0,0,15367,92,714.280719999806,True
global,20,0.1,2,69,conflict,R2_restart,1,1,0,1,0,0,15367,92,691.2544400001934,True
global,20,0.1,2,69,conflict,R2_restart,1,1,0,1,0,0,15367,92,634.8505310015753,True
global,20,0.1,2,69,conflict,R2_restart,1,1,0,1,0,0,15367,92,696.4634609994391,True
global,20,0.1,2,69,conflict,R2_restart,1,1,0,1,0,0,15367,92,813.618217000112,True
global,20,0.1,2,69,conflict,R2_restart,1,1,0,1,0,0,15367,92,848.4169959992869,True
global,20,0.1,2,69,conflict,R2_restart,1,1,0,1,0,0,15367,92,736.8232859989803,True
global,20,0.1,2,69,conflict,R2_restart,1,1,0,1,0,0,15367,92,664.8003099999187,True
global,20,0.1,2,69,conflict,R2_restart,1,1,0,1,0,0,15367,92,947.2974529999192,True
global,20,0.1,2,69,conflict,R2_restart,1,1,0,1,0,0,15367,92,829.9356530005753,True
global,20,0.1,2,69,conflict,R2_restart,1,1,0,1,0,0,15367,92,749.2548379996151,True
global,20,0.1,2,69,conflict,R2_restart,1,1,0,1,0,0,15367,92,1070.6720640009735,True
global,20,0.1,2,69,conflict,R2_restart,1,1,0,1,0,0,15367,92,1124.0561849990627,True
global,20,0.1,2,69,conflict,R2_restart,1,1,0,1,0,0,15367,92,825.5458080002427,True
global,20,0.1,2,69,conflict,R2_restart,1,1,0,1,0,0,15367,92,724.7105139995256,True
global,20,0.1,2,69,conflict,R2_restart,1,1,0,1,0,0,15367,92,641.2625659995683,True
global,20,0.1,2,69,conflict,R2_restart,1,1,0,1,0,0,15367,92,561.8281730003218,True
global,20,0.1,2,69,conflict,R2_restart,1,1,0,1,0,0,15367,92,699.3926979994285,True
global,20,0.1,2,69,conflict,R2_restart,1,1,0,1,0,0,15367,92,628.6830899989582,True
global,20,0.1,2,69,conflict,R2_restart,1,1,0,1,0,0,15367,92,975.171735000913,True
global,20,0.1,2,69,conflict,R2_restart,1,1,0,1,0,0,15367,92,479.51780800030974,True
global,20,0.1,2,69,conflict,R2_restart,1,1,0,1,0,0,15367,92,480.434487999446,True
global,20,0.1,2,69,conflict,R2_restart,1,1,0,1,0,0,15367,92,455.6129680004233,True
global,20,0.1,2,69,conflict,R2_restart,1,1,0,1,0,0,15367,92,568.4306349994586,True
global,20,0.1,2,69,conflict,R2_restart,1,1,0,1,0,0,15367,92,554.9024200008716,True
global,20,0.1,2,69,conflict,R2_restart,1,1,0,1,0,0,15367,92,628.171389000272,True
global,20,0.1,2,69,conflict,R2_restart,1,1,0,1,0,0,15367,92,759.258170000976,True
global,20,0.1,2,69,conflict,R2_restart,1,1,0,1,0,0,15367,92,810.2196259987977,True
global,20,0.1,2,69,conflict,R2_restart,1,1,0,1,0,0,15367,92,558.8536510003905,True
global,20,0.1,2,69,conflict,R2_restart,1,1,0,1,0,0,15367,92,692.6039009995293,True
global,20,0.1,2,69,conflict,R2_restart,1,1,0,1,0,0,15367,92,700.8602400001109,True
global,20,0.1,2,69,conflict,R2_restart,1,1,0,1,0,0,15367,92,904.8694250013796,True
global,20,0.1,2,69,conflict,R2_restart,1,1,0,1,0,0,15367,92,540.2745619994676,True
global,20,0.1,2,69,conflict,R2_restart,1,1,0,1,0,0,15367,92,588.2978879999428,True
global,20,0.1,2,69,conflict,R2_restart,1,1,0,1,0,0,15367,92,725.8167199997843,True
global,20,0.1,2,69,conflict,R2_restart,1,1,0,1,0,0,15367,92,1354.49060099927,True
global,20,0.1,2,69,conflict,R2_restart,1,1,0,1,0,0,15367,92,822.6594030002161,True
global,20,0.1,2,69,conflict,R2_restart,1,1,0,1,0,0,15367,92,782.6136799994856,True
global,20,0.1,2,69,conflict,R2_restart,1,1,0,1,0,0,15367,92,1001.3814269987051,True
global,20,0.1,2,69,conflict,R2_restart,1,1,0,1,0,0,15367,92,855.0950259996171,True
global,20,0.1,2,69,conflict,R2_restart,1,1,0,1,0,0,15367,92,830.7771550007601,True
global,20,0.1,2,69,conflict,R2_restart,1,1,0,1,0,0,15367,92,517.7512290010782,True
global,20,0.1,2,69,conflict,R2_restart,1,1,0,1,0,0,15367,92,1084.1734770001494,True
global,20,0.1,2,69,conflict,R2_restart,1,1,0,1,0,0,15367,92,688.5036730000138,True
global,20,0.1,2,69,conflict,R2_restart,1,1,0,1,0,0,15367,92,584.6173459995043,True
global,20,0.1,2,69,conflict,R2_restart,1,1,0,1,0,0,15367,92,717.0807380007318,True
global,20,0.1,2,69,conflict,R2_restart,9,11,0,11,0,0,15367,92,471.31372800140525,True
global,20,0.1,2,69,conflict,R2_restart,1,1,0,1,0,0,15367,92,509.8002209997503,True
global,20,0.1,2,69,conflict,R2_restart,1,1,0,1,0,0,15367,92,1005.3557030005322,True
global,20,0.1,2,69,conflict,R2_restart,1,1,0,1,0,0,15367,92,771.9905529993412,True
global,20,0.1,2,69,conflict,R2_restart,1,1,0,1,0,0,15367,92,562.6599560000614,True
global,20,0.1,2,69,conflict,R2_restart,1,1,0,1,0,0,15367,92,921.0595960012142,True
global,20,0.1,2,69,conflict,R2_restart,1,1,0,1,0,0,15367,92,472.91309799948067,True
global,20,0.1,2,69,conflict,R2_restart,1,1,0,1,0,0,15367,92,700.9015900002851,True
global,20,0.1,2,69,conflict,R2_restart,1,1,0,1,0,0,15367,92,684.0741760006495,True
global,20,0.1,2,69,conflict,R2_restart,1,1,0,1,0,0,15367,92,1324.0757080002368,True
global,20,0.1,2,69,conflict,R2_restart,1,1,0,1,0,0,15367,92,962.218902001041,True
global,20,0.1,2,69,conflict,R2_restart,1,1,0,1,0,0,15367,92,746.3992649991269,True
global,20,0.1,2,69,conflict,R2_restart,1,1,0,1,0,0,15367,92,856.3861279999401,True
global,20,0.1,2,69,conflict,R2_restart,1,1,0,1,0,0,15367,92,683.4571840008721,True
global,20,0.1,2,69,conflict,R2_restart,1,1,0,1,0,0,15367,92,906.6108839997469,True
global,20,0.1,2,69,conflict,R2_restart,1,1,0,1,0,0,15367,92,853.9065450004273,True
global,20,0.1,2,69,conflict,R2_restart,1,1,0,1,0,0,15367,92,683.8119690000894,True
global,20,0.1,2,69,conflict,R2_restart,1,1,0,1,0,0,15367,92,1121.6994690003048,True
global,20,0.1,2,69,conflict,R2_restart,1,1,0,1,0,0,15367,92,916.9553520005138,True
global,20,0.1,2,69,conflict,R2_restart,1,1,0,1,0,0,15367,92,931.8222160000005,True
global,20,0.1,2,69,conflict,R2_restart,1,1,0,1,0,0,15367,92,1134.1347779998614,True
global,20,0.1,2,69,conflict,R2_restart,1,1,0,1,0,0,15367,92,1038.9020969996636,True
global,20,0.1,2,69,conflict,R2_restart,1,1,0,1,0,0,15367,92,690.7536990001972,True
global,20,0.1,2,69,conflict,R2_restart,1,1,0,1,0,0,15367,92,751.2489150012698,True
global,20,0.1,2,69,conflict,R2_restart,1,1,0,1,0,0,15367,92,744.8220320002292,True
global,20,0.1,2,69,conflict,R2_restart,1,1,0,1,0,0,15367,92,716.6926499994588,True
global,20,0.1,2,69,conflict,R2_restart,1,1,0,1,0,0,15367,92,661.1419119999482,True
global,20,0.1,2,69,conflict,R2_restart,1,1,0,1,0,0,15367,92,981.6671689986833,True
global,20,0.1,2,69,conflict,R2_restart,1,1,0,1,0,0,15367,92,844.6027339996363,True
global,20,0.1,2,69,conflict,R2_restart,1,1,0,1,0,0,15367,92,673.2224819988915,True
global,20,0.1,2,69,conflict,R2_restart,1,1,0,1,0,0,15367,92,638.285012999404,True
global,20,0.1,2,69,conflict,R2_restart,1,1,0,1,0,0,15367,92,881.2411649996648,True
global,20,0.1,2,69,conflict,R2_restart,1,1,0,1,0,0,15367,92,809.2247929998848,True
global,20,0.1,2,69,conflict,R2_restart,1,1,0,1,0,0,15367,92,889.7089959991717,True
global,20,0.1,2,69,conflict,R2_restart,1,1,0,1,0,0,15367,92,481.61399200034793,True
global,20,0.1,2,69,conflict,R2_restart,1,1,0,1,0,0,15367,92,550.8885670005839,True
global,20,0.1,2,69,conflict,R2_restart,1,1,0,1,0,0,15367,92,596.490902998994,True
global,20,0.1,2,69,conflict,R2_restart,1,1,0,1,0,0,15367,92,438.07020199892577,True
global,20,0.1,2,69,conflict,R2_restart,1,1,0,1,0,0,15367,92,472.437219999847,True
global,20,0.1,2,69,conflict,R2_restart,1,1,0,1,0,0,15367,92,889.3261649991473,True
global,20,0.1,2,69,conflict,R2_restart,1,1,0,1,0,0,15367,92,520.4169980006554,True
global,20,0.1,2,69,conflict,R2_restart,1,1,0,1,0,0,15367,92,555.574591999175,True
global,20,0.1,2,69,conflict,R2_restart,1,1,0,1,0,0,15367,92,443.34224600061134,True
global,20,0.1,2,69,conflict,R2_restart,1,1,0,1,0,0,15367,92,398.0115829999704,True
global,20,0.1,2,69,conflict,R2_restart,1,1,0,1,0,0,15367,92,506.01893000020937,True
global,20,0.1,2,69,conflict,R2_restart,1,1,0,1,0,0,15367,92,612.5092059992312,True
global,20,0.1,2,69,conflict,R2_restart,1,1,0,1,0,0,15367,92,495.57900200125005,True
global,20,0.1,2,69,conflict,R2_restart,1,1,0,1,0,0,15367,92,540.9669040000153,True
global,20,0.1,2,69,conflict,R2_restart,1,1,0,1,0,0,15367,92,634.9855329990532,True
global,20,0.1,2,69,conflict,R2_restart,1,1,0,1,0,0,15367,92,633.3158099987486,True
global,20,0.1,2,69,conflict,R2_restart,1,1,0,1,0,0,15367,92,500.28983100128244,True
global,20,0.1,2,69,conflict,R2_restart,1,1,0,1,0,0,15367,92,878.7687250005547,True
global,20,0.1,2,69,conflict,R2_restart,1,1,0,1,0,0,15367,92,603.3521100016515,True
global,20,0.1,2,69,conflict,R2_restart,1,1,0,1,0,0,15367,92,600.6409509991499,True
global,20,0.1,2,69,conflict,R2_restart,1,1,0,1,0,0,15367,92,1053.4512719987106,True
global,20,0.1,2,69,conflict,R2_restart,1,1,0,1,0,0,15367,92,774.1449280001689,True
global,20,0.1,2,69,conflict,R2_restart,1,1,0,1,0,0,15367,92,752.9975519992149,True
global,20,0.1,2,69,conflict,R2_restart,1,1,0,1,0,0,15367,92,635.3445019994979,True
global,20,0.1,2,69,conflict,R2_restart,1,1,0,1,0,0,15367,92,785.5529120006395,True
global,20,0.1,2,69,conflict,R2_restart,1,1,0,1,0,0,15367,92,690.5267800011643,True
global,20,0.1,2,69,conflict,R2_restart,1,1,0,1,0,0,15367,92,961.381043000074,True
global,20,0.1,2,69,conflict,R2_restart,1,1,0,1,0,0,15367,92,645.8599389989104,True
global,20,0.1,2,69,conflict,R2_restart,1,1,0,1,0,0,15367,92,590.6318640008976,True
global,20,0.1,2,69,conflict,R2_restart,1,1,0,1,0,0,15367,92,705.145096000706,True
global,20,0.1,2,69,conflict,R2_restart,1,1,0,1,0,0,15367,92,744.9495660002867,True
global,20,0.1,2,69,conflict,R2_restart,1,1,0,1,0,0,15367,92,529.6268359998066,True
global,20,0.1,2,69,conflict,R2_restart,1,1,0,1,0,0,15367,92,844.9987389994931,True
global,20,0.1,2,69,conflict,R2_restart,1,1,0,1,0,0,15367,92,697.4603459984792,True
global,20,0.1,2,69,conflict,R2_restart,1,1,0,1,0,0,15367,92,855.9267260006891,True
global,20,0.1,2,69,conflict,R2_restart,1,1,0,1,0,0,15367,92,901.338035999288,True
global,20,0.1,2,69,conflict,R2_restart,1,1,0,1,0,0,15367,92,991.095924999172,True
global,20,0.1,2,69,conflict,R2_restart,1,1,0,1,0,0,15367,92,1325.5329489984433,True
global,20,0.1,2,69,conflict,R2_restart,1,1,0,1,0,0,15367,92,1220.055694999246,True
global,20,0.1,2,69,conflict,R2_restart,1,1,0,1,0,0,15367,92,1041.8038549996709,True
global,20,0.1,2,69,conflict,R2_restart,1,1,0,1,0,0,15367,92,713.868132999778,True
global,20,0.1,2,69,conflict,R2_restart,1,1,0,1,0,0,15367,92,982.1583139982977,True
global,20,0.1,2,69,conflict,R2_restart,1,1,0,1,0,0,15367,92,652.3063380009262,True
global,20,0.1,2,69,conflict,R2_restart,1,1,0,1,0,0,15367,92,706.0597489999054,True
global,20,0.1,2,69,conflict,R2_restart,1,1,0,1,0,0,15367,92,750.2854760004993,True
global,20,0.1,2,69,conflict,R2_restart,1,1,0,1,0,0,15367,92,866.2595959995087,True
global,20,0.1,2,69,conflict,R2_restart,1,1,0,1,0,0,15367,92,806.2322470013896,True
global,20,0.1,2,69,conflict,R2_restart,1,1,0,1,0,0,15367,92,701.9172319996869,True
global,20,0.1,2,69,conflict,R2_restart,1,1,0,1,0,0,15367,92,783.9639880003233,True
global,20,0.1,2,69,conflict,R2_restart,1,1,0,1,0,0,15367,92,940.2490080010466,True
global,20,0.1,2,69,conflict,R2_restart,1,1,0,1,0,0,15367,92,810.6575110014091,True
global,20,0.1,2,69,conflict,R2_restart,1,1,0,1,0,0,15367,92,758.8162679985544,True
global,20,0.1,2,69,conflict,R2_restart,1,1,0,1,0,0,15367,92,568.8170419998642,True
global,20,0.1,2,69,conflict,R2_restart,1,1,0,1,0,0,15367,92,754.0598520008643,True
global,20,0.1,2,69,conflict,R2_restart,1,1,0,1,0,0,15367,92,795.9000810005818,True
global,20,0.1,2,69,conflict,R2_restart,1,1,0,1,0,0,15367,92,547.0948739985033,True
global,20,0.1,2,69,conflict,R2_restart,1,1,0,1,0,0,15367,92,796.4442320007947,True
global,20,0.1,2,69,conflict,R2_restart,1,1,0,1,0,0,15367,92,919.933179000509,True
global,20,0.1,2,69,conflict,R2_restart,1,1,0,1,0,0,15367,92,688.4320459994342,True
global,20,0.1,2,69,conflict,R2_restart,1,1,0,1,0,0,15367,92,791.4626509991649,True
global,20,0.1,2,69,conflict,R2_restart,1,1,0,1,0,0,15367,92,1216.6969350000727,True
global,20,0.1,2,69,conflict,R2_restart,1,1,0,1,0,0,15367,92,867.678872000397,True
global,20,0.1,2,69,conflict,R2_restart,1,1,0,1,0,0,15367,92,937.0040599987988,True
global,20,0.1,2,69,conflict,R2_restart,1,1,0,1,0,0,15367,92,1411.7010650006705,True
global,20,0.1,2,69,conflict,R2_restart,1,1,0,1,0,0,15367,92,1464.1056830005255,True
global,20,0.1,2,69,conflict,R2_restart,1,1,0,1,0,0,15367,92,1482.686041999841,True
global,20,0.1,2,69,conflict,R2_restart,1,1,0,1,0,0,15367,92,920.7516880014737,True
global,20,0.1,2,69,conflict,R2_restart,1,1,0,1,0,0,15367,92,629.3930190004176,True
global,20,0.1,2,69,conflict,R2_restart,1,1,0,1,0,0,15367,92,705.2580409999791,True
global,20,0.1,2,69,conflict,R2_restart,1,1,0,1,0,0,15367,92,523.6776679994364,True
global,20,0.1,2,69,conflict,R2_restart,1,1,0,1,0,0,15367,92,607.6073659987742,True
global,20,0.1,2,69,conflict,R2_restart,1,1,0,1,0,0,15367,92,635.2214469989121,True
global,20,0.1,2,69,conflict,R2_restart,1,1,0,1,0,0,15367,92,1828.8379869991331,True
global,20,0.1,2,69,conflict,R2_restart,1,1,0,1,0,0,15367,92,923.8464350000868,True
global,20,0.1,2,69,conflict,R2_restart,1,1,0,1,0,0,15367,92,817.9485660002683,True
global,20,0.1,2,69,conflict,R2_restart,1,1,0,1,0,0,15367,92,767.5693080000201,True
global,20,0.1,2,69,conflict,R2_restart,1,1,0,1,0,0,15367,92,766.8561859991314,True
global,20,0.1,2,69,conflict,R2_restart,1,1,0,1,0,0,15367,92,649.1017180014751,True
global,20,0.1,2,69,conflict,R2_restart,1,1,0,1,0,0,15367,92,788.126301000375,True
global,20,0.1,2,69,conflict,R2_restart,1,1,0,1,0,0,15367,92,953.7131929992029,True
global,20,0.1,2,69,conflict,R2_restart,1,1,0,1,0,0,15367,92,1067.4178700010089,True
global,20,0.1,2,69,conflict,R2_restart,1,1,0,1,0,0,15367,92,494.1627710013563,True
global,20,0.1,2,69,conflict,R2_restart,1,1,0,1,0,0,15367,92,555.5722059998516,True
global,20,0.1,2,69,conflict,R2_restart,1,1,0,1,0,0,15367,92,493.98787099926267,True
global,20,0.1,2,69,conflict,R2_restart,1,1,0,1,0,0,15367,92,521.2347990000126,True
global,20,0.1,2,69,conflict,R2_restart,1,1,0,1,0,0,15367,92,601.9547840005544,True
global,20,0.1,2,69,conflict,R2_restart,1,1,0,1,0,0,15367,92,595.8555019988125,True
global,20,0.1,2,69,conflict,R2_restart,1,1,0,1,0,0,15367,92,467.3210189994279,True
global,20,0.1,2,69,conflict,R2_restart,1,1,0,1,0,0,15367,92,675.9510289994068,True
global,20,0.1,2,69,conflict,R2_restart,1,1,0,1,0,0,15367,92,480.05823899984534,True
global,20,0.1,2,69,conflict,R2_restart,1,1,0,1,0,0,15367,92,492.23647700091533,True
global,20,0.1,2,69,conflict,R2_restart,1,1,0,1,0,0,15367,92,510.8412760000647,True
global,20,0.1,2,69,conflict,R2_restart,1,1,0,1,0,0,15367,92,434.4455789996573,True
global,20,0.1,2,69,conflict,R2_restart,1,1,0,1,0,0,15367,92,867.509286999848,True
global,20,0.1,2,69,conflict,R2_restart,1,1,0,1,0,0,15367,92,498.1052170005569,True
global,20,0.1,2,69,conflict,R2_restart,1,1,0,1,0,0,15367,92,497.0381240000279,True
global,20,0.1,2,69,conflict,R2_restart,1,1,0,1,0,0,15367,92,682.6237909990596,True
global,20,0.1,2,69,conflict,R2_restart,1,1,0,1,0,0,15367,92,579.381472998648,True
global,20,0.1,2,69,conflict,R2_restart,1,1,0,1,0,0,15367,92,704.514327000652,True
global,20,0.1,2,69,conflict,R2_restart,1,1,0,1,0,0,15367,92,1154.0810099995724,True
global,20,0.1,2,69,conflict,R2_restart,1,1,0,1,0,0,15367,92,788.1566579999344,True
global,20,0.1,2,69,conflict,R2_restart,1,1,0,1,0,0,15367,92,492.8508510001848,True
global,20,0.1,2,69,conflict,R2_restart,1,1,0,1,0,0,15367,92,620.0853439986531,True
global,20,0.1,2,69,conflict,R2_restart,1,1,0,1,0,0,15367,92,898.2659310004237,True
global,20,0.1,2,69,conflict,R2_restart,1,1,0,1,0,0,15367,92,1312.1219240001665,True
global,20,0.1,2,69,conflict,R2_restart,1,1,0,1,0,0,15367,92,810.8095160005178,True
global,20,0.1,2,69,conflict,R2_restart,1,1,0,1,0,0,15367,92,669.9564110003848,True
global,20,0.1,2,69,conflict,R2_restart,1,1,0,1,0,0,15367,92,815.7756910004537,True
global,20,0.1,2,69,conflict,R2_restart,1,1,0,1,0,0,15367,92,687.933189999967,True
global,20,0.1,2,69,conflict,R2_restart,1,1,0,1,0,0,15367,92,662.794773999849,True
global,20,0.1,2,69,conflict,R2_restart,1,1,0,1,0,0,15367,92,884.2992849986331,True
global,20,0.1,2,69,conflict,R2_restart,1,1,0,1,0,0,15367,92,733.119574999364,True
global,20,0.1,2,69,conflict,R2_restart,1,1,0,1,0,0,15367,92,641.412840999692,True
global,20,0.1,2,69,conflict,R2_restart,1,1,0,1,0,0,15367,92,832.0229010005278,True
global,20,0.1,2,69,conflict,R2_restart,1,1,0,1,0,0,15367,92,764.9227540005086,True
global,20,0.1,2,69,conflict,R2_restart,1,1,0,1,0,0,15367,92,879.8747290002211,True
global,20,0.1,2,69,conflict,R2_restart,1,1,0,1,0,0,15367,92,852.634743998351,True
global,20,0.1,2,69,conflict,R2_restart,1,1,0,1,0,0,15367,92,705.982319001123,True
global,20,0.1,2,69,conflict,R2_restart,1,1,0,1,0,0,15367,92,793.1839379998564,True
global,20,0.1,2,69,conflict,R2_restart,1,1,0,1,0,0,15367,92,929.8099749994435,True
global,20,0.1,2,69,conflict,R2_restart,1,1,0,1,0,0,15367,92,906.032597000376,True
global,20,0.1,2,69,conflict,R2_restart,1,1,0,1,0,0,15367,92,826.8512650010962,True
global,20,0.1,2,69,conflict,R2_restart,1,1,0,1,0,0,15367,92,951.0935549988062,True
global,20,0.1,2,69,conflict,R2_restart,1,1,0,1,0,0,15367,92,781.0385220000171,True
global,20,0.1,2,69,conflict,R2_restart,1,1,0,1,0,0,15367,92,800.9819179987971,True
global,20,0.1,2,69,conflict,R2_restart,1,1,0,1,0,0,15367,92,690.0524929988023,True
global,20,0.1,2,69,conflict,R2_restart,1,1,0,1,0,0,15367,92,774.9668149990612,True
global,20,0.1,2,69,conflict,R2_restart,1,1,0,1,0,0,15367,92,786.6716690004978,True
global,20,0.1,2,69,conflict,R2_restart,1,1,0,1,0,0,15367,92,1293.6525690001872,True
global,20,0.1,2,69,conflict,R2_restart,1,1,0,1,0,0,15367,92,807.2417200000928,True
global,20,0.1,2,69,conflict,R2_restart,1,1,0,1,0,0,15367,92,795.7690909988742,True
global,20,0.1,2,69,conflict,R2_restart,1,1,0,1,0,0,15367,92,1021.6732139997475,True
global,20,0.1,2,69,conflict,R2_restart,1,1,0,1,0,0,15367,92,738.3774099998845,True
global,20,0.1,2,69,conflict,R2_restart,1,1,0,1,0,0,15367,92,723.9393599993491,True
global,20,0.1,2,69,conflict,R2_restart,1,1,0,1,0,0,15367,92,700.4776970006787,True
global,20,0.1,2,69,conflict,R2_restart,1,1,0,1,0,0,15367,92,766.2111669997103,True
global,20,0.1,2,69,conflict,R2_restart,1,1,0,1,0,0,15367,92,748.4698259995639,True
global,20,0.1,2,69,conflict,R2_restart,1,1,0,1,0,0,15367,92,726.7690349999611,True
global,20,0.1,2,69,conflict,R2_restart,1,1,0,1,0,0,15367,92,902.392381000027,True
global,20,0.1,2,69,conflict,R2_restart,1,1,0,1,0,0,15367,92,708.4456500015222,True
global,20,0.1,2,69,conflict,R2_restart,1,1,0,1,0,0,15367,92,747.8699439998309,True
global,20,0.1,2,69,conflict,R2_restart,1,1,0,1,0,0,15367,92,718.3475620004174,True
global,20,0.1,2,69,conflict,R2_restart,1,1,0,1,0,0,15367,92,785.7810360001167,True
global,20,0.1,2,69,conflict,R2_restart,1,1,0,1,0,0,15367,92,759.3762699998479,True
global,20,0.1,2,69,conflict,R2_restart,1,1,0,1,0,0,15367,92,703.0876970002282,True
global,20,0.1,2,69,conflict,R2_restart,1,1,0,1,0,0,15367,92,914.83890499876,True
global,20,0.1,2,69,conflict,R2_restart,1,1,0,1,0,0,15367,92,1170.7607520002057,True
global,20,0.1,2,69,conflict,R2_restart,1,1,0,1,0,0,15367,92,938.4875560008368,True
global,20,0.1,2,69,conflict,R2_restart,1,1,0,1,0,0,15367,92,1241.5451420001773,True
global,20,0.1,2,69,conflict,R2_restart,1,1,0,1,0,0,15367,92,1722.3259339989454,True
global,20,0.1,2,69,conflict,R2_restart,1,1,0,1,0,0,15367,92,984.5982660008303,True
global,20,0.1,2,69,conflict,R2_restart,1,1,0,1,0,0,15367,92,615.8436480000091,True
global,20,0.1,2,69,conflict,R2_restart,1,1,0,1,0,0,15367,92,469.83275700040394,True
global,20,0.1,2,69,conflict,R2_restart,1,1,0,1,0,0,15367,92,635.8210170001257,True
global,20,0.1,2,69,conflict,R2_restart,1,1,0,1,0,0,15367,92,532.7312410008744,True
global,20,0.1,2,69,conflict,R2_restart,1,1,0,1,0,0,15367,92,606.9401489985466,True
global,20,0.1,2,69,conflict,R2_restart,1,1,0,1,0,0,15367,92,719.6396540002752,True
global,20,0.1,2,69,conflict,R2_restart,1,1,0,1,0,0,15367,92,1294.7880570009147,True
global,20,0.1,2,69,conflict,R2_restart,1,1,0,1,0,0,15367,92,673.0649929995707,True
global,20,0.1,2,69,conflict,R2_restart,1,1,0,1,0,0,15367,92,912.7207410001574,True
global,20,0.1,2,69,conflict,R2_restart,1,1,0,1,0,0,15367,92,638.6693879994709,True
global,20,0.1,2,69,conflict,R2_restart,1,1,0,1,0,0,15367,92,543.7798450002447,True
global,20,0.1,2,69,conflict,R2_restart,1,1,0,1,0,0,15367,92,692.7778989993385,True
global,20,0.1,2,69,conflict,R2_restart,1,1,0,1,0,0,15367,92,626.9186120007362,True
global,20,0.1,2,69,conflict,R2_restart,1,1,0,1,0,0,15367,92,703.157010000723,True
global,20,0.1,2,69,conflict,R2_restart,1,1,0,1,0,0,15367,92,619.9643189993367,True
global,20,0.1,2,69,conflict,R2_restart,1,1,0,1,0,0,15367,92,1017.3861349994695,True
global,20,0.1,2,69,conflict,R2_restart,1,1,0,1,0,0,15367,92,1241.5117509990523,True
global,20,0.1,2,69,conflict,R2_restart,1,1,0,1,0,0,15367,92,859.2082329996629,True
global,20,0.1,2,69,conflict,R2_restart,1,1,0,1,0,0,15367,92,444.1635759994824,True
global,20,0.1,2,69,conflict,R2_restart,1,1,0,1,0,0,15367,92,564.7699950004608,True
global,20,0.1,2,69,conflict,R2_restart,1,1,0,1,0,0,15367,92,540.1841710008739,True
global,20,0.1,2,69,conflict,R2_restart,1,1,0,1,0,0,15367,92,489.86045499987085,True
global,20,0.1,2,69,conflict,R2_restart,1,1,0,1,0,0,15367,92,485.1901670008374,True
global,20,0.1,2,69,conflict,R2_restart,1,1,0,1,0,0,15367,92,413.45264200026577,True
global,20,0.1,2,69,conflict,R2_restart,1,1,0,1,0,0,15367,92,433.07424199883826,True
global,20,0.1,2,69,conflict,R2_restart,1,1,0,1,0,0,15367,92,400.6408810000721,True
global,20,0.1,2,69,conflict,R2_restart,1,1,0,1,0,0,15367,92,466.65005999966525,True
global,20,0.1,2,69,conflict,R2_restart,1,1,0,1,0,0,15367,92,580.9657350000634,True
global,20,0.1,2,69,conflict,R2_restart,1,1,0,1,0,0,15367,92,480.1853980006854,True
global,20,0.1,2,69,conflict,R2_restart,1,1,0,1,0,0,15367,92,517.1260440001788,True
global,20,0.1,2,69,conflict,R2_restart,1,1,0,1,0,0,15367,92,465.45430299920554,True
global,20,0.1,2,69,conflict,R2_restart,1,1,0,1,0,0,15367,92,429.1001170004165,True
global,20,0.1,2,69,conflict,R2_restart,1,1,0,1,0,0,15367,92,485.3086910006823,True
global,20,0.1,2,69,conflict,R2_restart,1,1,0,1,0,0,15367,92,595.1148299991473,True
global,20,0.1,2,69,conflict,R2_restart,1,1,0,1,0,0,15367,92,578.3356150004693,True
global,20,0.1,2,69,conflict,R2_restart,1,1,0,1,0,0,15367,92,478.43793900028686,True
global,20,0.1,2,69,conflict,R2_restart,1,1,0,1,0,0,15367,92,471.9569919998321,True
global,20,0.1,2,69,conflict,R2_restart,1,1,0,1,0,0,15367,92,613.6222929999349,True
global,20,0.1,2,69,conflict,R2_restart,1,1,0,1,0,0,15367,92,711.459054999068,True
global,20,0.1,2,69,conflict,R2_restart,1,1,0,1,0,0,15367,92,611.686661000931,True
global,20,0.1,2,69,conflict,R2_restart,1,1,0,1,0,0,15367,92,754.1617130009399,True
global,20,0.1,2,69,conflict,R2_restart,1,1,0,1,0,0,15367,92,413.3322659999976,True
global,20,0.1,2,69,conflict,R2_restart,1,1,0,1,0,0,15367,92,876.1985820001428,True
global,20,0.1,2,69,conflict,R2_restart,1,1,0,1,0,0,15367,92,480.0918599994475,True
global,20,0.1,2,69,conflict,R2_restart,1,1,0,1,0,0,15367,92,783.3088450006471,True
global,20,0.1,2,69,conflict,R2_restart,1,1,0,1,0,0,15367,92,727.8361230000883,True
global,20,0.1,2,69,conflict,R2_restart,1,1,0,1,0,0,15367,92,578.2188570010476,True
global,20,0.1,2,69,conflict,R2_restart,1,1,0,1,0,0,15367,92,628.413881000597,True
global,20,0.1,2,69,conflict,R2_restart,1,1,0,1,0,0,15367,92,593.7313320009707,True
global,20,0.1,2,69,conflict,R2_restart,1,1,0,1,0,0,15367,92,434.56398300077126,True
global,20,0.1,2,69,conflict,R2_restart,1,1,0,1,0,0,15367,92,725.7352330016147,True
global,20,0.1,2,69,conflict,R2_restart,1,1,0,1,0,0,15367,92,753.9545370000269,True
global,20,0.1,2,69,conflict,R2_restart,1,1,0,1,0,0,15367,92,661.6101569998136,True
global,20,0.1,2,69,conflict,R2_restart,1,1,0,1,0,0,15367,92,454.87148400025035,True
global,20,0.1,2,69,conflict,R2_restart,1,1,0,1,0,0,15367,92,508.22623500062036,True
global,20,0.1,2,69,conflict,R2_restart,1,1,0,1,0,0,15367,92,621.0554850003973,True
global,20,0.1,2,69,conflict,R2_restart,1,1,0,1,0,0,15367,92,470.24967600009404,True
global,20,0.1,2,69,conflict,R2_restart,1,1,0,1,0,0,15367,92,496.4627499994094,True
global,20,0.1,2,69,conflict,R2_restart,1,1,0,1,0,0,15367,92,512.3467510002229,True
global,20,0.1,2,69,conflict,R2_restart,1,1,0,1,0,0,15367,92,456.85745400078304,True
global,20,0.1,2,69,conflict,R2_restart,1,1,0,1,0,0,15367,92,768.0850190008641,True
global,20,0.1,2,69,conflict,R2_restart,1,1,0,1,0,0,15367,92,459.8484819998703,True
global,20,0.1,2,69,conflict,R2_restart,1,1,0,1,0,0,15367,92,693.4924600009253,True
global,20,0.1,2,69,conflict,R2_restart,1,1,0,1,0,0,15367,92,1030.3599300004862,True
global,20,0.1,2,69,conflict,R2_restart,1,1,0,1,0,0,15367,92,462.61690099890984,True
global,20,0.1,2,69,conflict,R2_restart,1,1,0,1,0,0,15367,92,527.5592180005333,True
global,20,0.1,2,69,conflict,R2_restart,1,1,0,1,0,0,15367,92,655.4430870000942,True
global,20,0.1,2,69,conflict,R2_restart,1,1,0,1,0,0,15367,92,425.1491619997978,True
global,20,0.1,2,69,conflict,R2_restart,1,1,0,1,0,0,15367,92,411.7196090010111,True
global,20,0.1,2,69,conflict,R2_restart,1,1,0,1,0,0,15367,92,577.255846999833,True
global,20,0.1,2,69,conflict,R2_restart,1,1,0,1,0,0,15367,92,440.51203900016844,True
global,20,0.1,2,69,conflict,R2_restart,1,1,0,1,0,0,15367,92,442.1269089998532,True
global,20,0.1,2,69,conflict,R2_restart,1,1,0,1,0,0,15367,92,506.4762830006657,True
global,20,0.1,2,69,conflict,R2_restart,1,1,0,1,0,0,15367,92,689.1677330004313,True
global,20,0.1,2,69,conflict,R2_restart,1,1,0,1,0,0,15367,92,608.4773050006334,True
global,20,0.1,2,69,conflict,R2_restart,1,1,0,1,0,0,15367,92,503.2435319990327,True
global,20,0.1,2,69,conflict,R2_restart,1,1,0,1,0,0,15367,92,495.0548910001089,True
global,20,0.1,2,69,conflict,R2_restart,1,1,0,1,0,0,15367,92,751.2975250010641,True
global,20,0.1,2,69,conflict,R2_restart,1,1,0,1,0,0,15367,92,521.1168879995967,True
global,20,0.1,2,69,conflict,R2_restart,1,1,0,1,0,0,15367,92,436.33660599880386,True
global,20,0.1,2,69,conflict,R2_restart,1,1,0,1,0,0,15367,92,634.4604169989907,True
global,20,0.1,2,69,conflict,R2_restart,1,1,0,1,0,0,15367,92,435.8590339998045,True
global,20,0.1,2,69,conflict,R2_restart,1,1,0,1,0,0,15367,92,405.52113100056886,True
global,20,0.1,2,69,conflict,R2_restart,1,1,0,1,0,0,15367,92,596.2153889995534,True
global,20,0.1,2,69,conflict,R2_restart,1,1,0,1,0,0,15367,92,722.2848020010133,True
global,20,0.1,2,69,conflict,R2_restart,1,1,0,1,0,0,15367,92,434.55317099869717,True
global,20,0.1,2,69,conflict,R2_restart,1,1,0,1,0,0,15367,92,487.014143000124,True
global,20,0.1,2,69,conflict,R2_restart,1,1,0,1,0,0,15367,92,395.01955099876795,True
global,20,0.1,2,69,conflict,R2_restart,1,1,0,1,0,0,15367,92,438.77608299953863,True
global,20,0.1,2,69,conflict,R2_restart,1,1,0,1,0,0,15367,92,432.0518730000913,True
global,20,0.1,2,69,conflict,R2_restart,1,1,0,1,0,0,15367,92,427.9640589993505,True
global,20,0.1,2,69,conflict,R2_restart,1,1,0,1,0,0,15367,92,453.24093899944273,True
global,20,0.1,2,69,conflict,R2_restart,1,1,0,1,0,0,15367,92,431.61614800010284,True
global,20,0.1,2,69,conflict,R2_restart,1,1,0,1,0,0,15367,92,401.5215560011711,True
global,20,0.1,2,69,conflict,R2_restart,1,1,0,1,0,0,15367,92,441.38719300099183,True
global,20,0.1,2,69,conflict,R2_restart,1,1,0,1,0,0,15367,92,450.3133779999189,True
global,20,0.1,2,69,conflict,R2_restart,1,1,0,1,0,0,15367,92,476.84301499975845,True
global,20,0.1,2,69,conflict,R2_restart,1,1,0,1,0,0,15367,92,450.84943199981353,True
global,20,0.1,2,69,conflict,R2_restart,1,1,0,1,0,0,15367,92,441.41648699951475,True
global,20,0.1,2,69,conflict,R2_restart,1,1,0,1,0,0,15367,92,459.78172600007383,True
global,20,0.1,2,69,conflict,R2_restart,1,1,0,1,0,0,15367,92,459.5740590011701,True
global,20,0.1,2,69,conflict,R2_restart,1,1,0,1,0,0,15367,92,434.6935690009559,True
global,20,0.1,2,69,conflict,R2_restart,1,1,0,1,0,0,15367,92,621.3469939993956,True
global,20,0.1,2,69,conflict,R2_restart,1,1,0,1,0,0,15367,92,506.4332639994973,True
global,20,0.1,2,69,conflict,R2_restart,1,1,0,1,0,0,15367,92,638.4335610000562,True
global,20,0.1,2,69,conflict,R2_restart,1,1,0,1,0,0,15367,92,511.9737820004957,True
global,20,0.1,2,69,conflict,R2_restart,1,1,0,1,0,0,15367,92,461.5001329984807,True
global,20,0.1,2,69,conflict,R2_restart,1,1,0,1,0,0,15367,92,433.19694199999503,True
global,20,0.1,2,69,conflict,R2_restart,1,1,0,1,0,0,15367,92,496.26815999909013,True
global,20,0.1,2,69,conflict,R2_restart,1,1,0,1,0,0,15367,92,483.33970599924214,True
global,20,0.1,2,69,conflict,R2_restart,1,1,0,1,0,0,15367,92,816.1161839998385,True
global,20,0.1,2,69,conflict,R2_restart,1,1,0,1,0,0,15367,92,517.5631090005481,True
global,20,0.1,2,69,conflict,R2_restart,1,1,0,1,0,0,15367,92,728.445726001155,True
global,20,0.1,2,69,conflict,R2_restart,1,1,0,1,0,0,15367,92,814.9134710001817,True
global,20,0.1,2,69,conflict,R2_restart,1,1,0,1,0,0,15367,92,582.6877629988303,True
global,20,0.1,2,69,conflict,R2_restart,1,1,0,1,0,0,15367,92,580.293602999518,True
global,20,0.1,2,69,conflict,R2_restart,1,1,0,1,0,0,15367,92,545.2809840007831,True
global,20,0.1,2,69,conflict,R2_restart,1,1,0,1,0,0,15367,92,605.5883339995489,True
global,20,0.1,2,69,conflict,R2_restart,1,1,0,1,0,0,15367,92,892.013593998854,True
global,20,0.1,2,70,blockage,R2_restart,14,19,0,19,32,0,15822,92,574.8621149996325,True
global,20,0.1,2,84,blockage,R2_restart,14,16,0,16,15,0,14437,80,684.8511609987327,True
global,20,0.1,2,90,blockage,R2_restart,9,11,0,11,9,0,12379,70,611.486239999067,True
global,20,0.1,4,9,accident,R2_restart,15,19,0,19,122,0,8929,140,906.1188260002382,True
global,20,0.1,4,10,blockage,R2_restart,8,16,0,16,5,0,8687,140,484.5321150005475,True
global,20,0.1,4,16,blockage,R2_restart,14,17,0,17,16,0,8344,140,597.9315530003078,True
global,20,0.1,4,22,emergency,R2_restart,19,20,0,20,13,0,7985,140,390.2009089997591,True
global,20,0.1,4,27,blockage,R2_restart,18,19,0,19,30,0,9896,138,505.47673999972176,True
global,20,0.1,4,31,accident,R2_restart,20,20,0,20,13,0,8985,136,579.0508089994546,True
global,20,0.1,4,50,blockage,R2_restart,14,15,0,15,13,0,7571,116,499.32292900120956,True
global,20,0.1,4,59,blockage,R2_restart,17,18,0,18,13,0,6103,100,494.9386009993759,True
global,20,0.1,4,60,blockage,R2_restart,16,17,0,17,16,0,5985,100,311.7353899997397,True
global,20,0.1,4,66,blockage,R2_restart,16,17,0,17,12,0,5090,94,341.40684100020735,True
global,20,0.1,4,68,blockage,R2_restart,17,17,0,17,19,0,5073,94,288.39266399882035,True
global,20,0.1,4,79,blockage,R2_restart,15,16,0,16,27,0,4726,86,379.6672700009367,True
global,20,0.1,4,90,blockage,R2_restart,9,10,0,10,10,0,3456,72,183.75949199980823,True
global,20,0.1,5,4,emergency,R2_restart,18,20,0,20,409,0,82487,140,5517.307284000708,True
global,20,0.1,5,11,accident,R2_restart,5,5,0,5,0,0,81849,140,3460.3426470002887,True
global,20,0.1,5,13,blockage+emergency,R2_restart,11,12,0,12,4,0,79010,140,4115.79005800013,True
global,20,0.1,5,16,blockage,R2_restart,12,14,1,15,1,0,76157,140,2510.1538089984388,True
global,20,0.1,5,21,blockage,R2_restart,18,18,0,18,40,0,82822,138,3704.4119630008936,True
global,20,0.1,5,25,blockage,R2_restart,17,17,0,17,14,0,85085,138,4360.620375999133,True
global,20,0.1,5,31,blockage,R2_restart,17,17,0,17,22,0,86084,132,3479.4041920013115,True
global,20,0.1,5,33,blockage,R2_restart,18,18,0,18,21,0,87102,126,3427.4888679992728,True
global,20,0.1,5,38,blockage,R2_restart,18,19,0,19,15,0,90842,122,3804.838079999172,True
global,20,0.1,5,46,accident,R2_restart,18,19,0,19,15,0,91353,118,5365.792987000532,True
global,20,0.1,5,57,blockage,R2_restart,15,16,0,16,12,0,92094,106,3829.8913779999566,True
global,20,0.1,5,66,blockage,R2_restart,13,13,0,13,10,0,90437,98,3965.6981690004613,True
global,20,0.1,5,70,blockage,R2_restart,12,12,0,12,8,0,91293,94,3093.5506999994686,True
global,20,0.1,5,87,blockage,R2_restart,17,19,0,19,35,0,90466,82,2955.2727800000866,True
global,20,0.1,5,93,blockage,R2_restart,18,19,0,19,15,0,86080,74,2604.280450999795,True
global,20,0.1,5,94,blockage,R2_restart,17,18,1,19,11,0,86318,74,3439.8287550011446,True
global,20,0.1,7,10,emergency,R2_restart,18,19,0,19,337,0,106622,140,4388.9182029997755,True
global,20,0.1,7,13,accident,R2_restart,8,13,0,13,9,0,106157,140,3323.3441499996843,True
global,20,0.1,7,14,accident+blockage,R2_restart,15,19,0,19,6,0,98190,140,3126.010029000099,True
global,20,0.1,7,16,blockage,R2_restart,12,16,0,16,5,0,101399,140,4775.211555999704,True
global,20,0.1,7,17,blockage,R2_restart,10,15,1,16,7,0,98324,140,4108.402599000328,True
global,20,0.1,7,21,blockage,R2_restart,14,19,0,19,12,0,97753,140,4651.079307001055,True
global,20,0.1,7,22,emergency,R2_restart,14,18,0,18,11,0,96134,140,4360.6489279991365,True
global,20,0.1,7,33,blockage,R2_restart,18,18,0,18,25,0,98599,128,4944.913999999699,True
global,20,0.1,7,34,blockage,R2_restart,18,19,0,19,16,0,99565,128,3364.230912000494,True
global,20,0.1,7,37,blockage,R2_restart,18,19,0,19,31,0,101086,128,3627.764525001112,True
global,20,0.1,7,45,blockage,R2_restart,16,17,0,17,15,0,102178,118,3613.544705000095,True
global,20,0.1,7,51,blockage,R2_restart,17,19,0,19,21,0,100623,114,7041.943571999582,True
global,20,0.1,7,70,blockage,R2_restart,12,15,0,15,10,0,100326,92,4456.097651000164,True
global,20,0.1,7,73,blockage,R2_restart,13,17,0,17,29,0,104377,92,6552.55307400148,True
global,20,0.1,7,92,blockage,R2_restart,11,13,0,13,8,0,97577,72,4041.672117999042,True
global,20,0.1,9,9,blockage+emergency,R2_restart,18,20,0,20,195,0,9518,140,1403.547433001222,True
global,20,0.1,9,13,blockage,R2_restart,10,12,0,12,4,0,8658,138,294.32978099976026,True
global,20,0.1,9,16,blockage,R2_restart,16,17,0,17,13,0,8296,138,612.1135880002839,True
global,20,0.1,9,19,emergency,R2_restart,18,19,0,19,13,0,8298,136,292.9862509990926,True
global,20,0.1,9,21,accident,R2_restart,18,20,0,20,16,0,8307,136,608.195937000346,True
global,20,0.1,9,28,blockage,R2_restart,16,19,0,19,12,0,7435,130,908.0254929995135,True
global,20,0.1,9,31,blockage,R2_restart,15,18,0,18,19,0,7736,128,1400.1356389999273,True
global,20,0.1,9,40,blockage,R2_restart,16,16,0,16,16,0,7273,124,589.3784210002195,True
global,20,0.1,9,47,blockage,R2_restart,16,16,0,16,16,0,6900,116,580.3071440004715,True
global,20,0.1,9,55,accident,R2_restart,17,17,0,17,19,0,6888,108,355.022914998699,True
global,20,0.1,9,57,blockage,R2_restart,16,16,0,16,12,0,6465,106,341.63285000067845,True
global,20,0.1,9,64,blockage,R2_restart,18,19,0,19,12,0,5664,102,275.78718299992033,True
global,20,0.1,9,66,blockage,R2_restart,16,17,0,17,14,0,5205,98,299.24444899916125,True
global,20,0.1,9,71,blockage,R2_restart,13,15,0,15,12,0,5057,94,332.7716200001305,True
global,20,0.1,9,78,blockage,R2_restart,14,15,0,15,12,0,4905,86,305.4418620013166,True
global,20,0.1,9,88,blockage,R2_restart,13,16,0,16,22,0,4467,76,258.0952560001606,True
global,20,0.15,2,1,blockage,R2_restart,17,20,0,20,134,0,14184,140,1634.005066998725,True
global,20,0.15,2,5,emergency,R2_restart,1,1,0,1,0,0,13858,140,656.3721160000568,True
global,20,0.15,2,12,blockage,R2_restart,9,14,0,14,9,0,13740,140,1848.2027780009957,True
global,20,0.15,2,15,blockage,R2_restart,12,16,0,16,8,0,13350,140,567.0867190001445,True
global,20,0.15,2,16,blockage,R2_restart,15,18,0,18,8,0,12884,140,584.8401959992771,True
global,20,0.15,2,17,blockage,R2_restart,16,18,0,18,21,0,14099,140,528.2803930003865,True
global,20,0.15,2,19,blockage,R2_restart,14,18,1,19,10,0,15022,140,568.249588000981,True
global,20,0.15,2,21,accident,R2_restart,15,18,1,19,17,0,14546,140,594.4054550000146,True
global,20,0.15,2,22,blockage,R2_restart,16,20,0,20,16,0,14103,140,766.6973460000008,True
global,20,0.15,2,25,emergency,R2_restart,19,19,0,19,37,0,15580,140,606.7015009994066,True
global,20,0.15,2,27,breakdown,R2_restart,18,20,0,20,18,0,14829,140,622.3212720014999,True
global,20,0.15,2,35,blockage,R2_restart,19,20,0,20,23,0,14669,136,1138.9506900013657,True
global,20,0.15,2,41,blockage,R2_restart,19,20,0,20,18,0,13241,130,646.7745259997173,True
global,20,0.15,2,42,blockage,R2_restart,19,20,0,20,32,0,12860,130,511.0292989993468,True
global,20,0.15,2,44,blockage,R2_restart,18,20,0,20,12,0,12361,128,479.36870400008047,True
global,20,0.15,2,51,blockage,R2_restart,15,18,0,18,8,0,11782,118,459.7686130000511,True
global,20,0.15,2,61,blockage,R2_restart,11,12,1,13,9,0,10970,104,430.74935999902664,True
global,20,0.15,2,62,blockage,R2_restart,12,13,0,13,20,0,14539,104,587.7554460003012,True
global,20,0.15,2,63,blockage,R2_restart,12,12,0,12,9,0,13830,104,690.2308930002619,True
global,20,0.15,2,70,blockage,R2_restart,14,15,0,15,16,0,15366,94,623.378636999405,True
global,20,0.15,2,84,blockage,R2_restart,14,16,0,16,17,0,14710,84,865.4387909991783,True
global,20,0.15,2,90,blockage,R2_restart,14,16,1,17,18,0,13188,78,454.92642799945315,True
negotiate,20,0.0,0,24,emergency,R2,3,3,0,3,55,0,2088,30,181.52543299947865,True
negotiate,20,0.0,0,28,accident,R2,4,4,0,4,18,0,1848,42,226.30902899982175,True
negotiate,20,0.0,0,32,emergency,R2,2,2,0,2,64,0,8713,23,456.52883399998245,True
negotiate,20,0.0,0,34,accident,R2,4,4,0,4,20,0,2356,42,151.50921399981598,True
negotiate,20,0.0,1,8,conflict,R1,3,3,0,3,0,0,2426,49,113.64180599957763,True
negotiate,20,0.0,1,9,emergency,R2,2,2,0,2,35,0,2351,37,211.21203600159788,True
negotiate,20,0.0,1,22,accident,R2,6,8,0,8,44,0,3799,70,516.5202830012277,True
negotiate,20,0.0,1,47,emergency,R2,1,2,0,2,65,0,1405,21,103.83873300088453,True
negotiate,20,0.0,2,14,emergency,R2,2,2,0,2,83,0,4089,30,493.2403000002523,True
negotiate,20,0.0,2,30,conflict,R1,7,7,0,7,2,0,15710,68,901.7540479999298,True
negotiate,20,0.0,2,31,emergency,R2,4,4,0,4,57,0,2828,37,300.1371940008539,True
negotiate,20,0.0,2,48,accident+breakdown,R4,7,7,0,7,111,0,3059,97,2068.222615000195,True
negotiate,20,0.0,2,98,conflict,R2,3,4,0,4,113,0,2961,30,183.96634599957906,True
negotiate,20,0.0,3,21,emergency,R2,4,5,0,5,50,0,2115,44,261.48988800014195,True
negotiate,20,0.0,3,23,accident,R1,2,2,0,2,12,0,691,17,131.7002460000367,True
negotiate,20,0.0,3,26,emergency,R2,2,2,0,2,29,0,1711,27,146.09569700041902,True
negotiate,20,0.0,3,56,accident,R2,4,4,0,4,51,0,4793,25,216.20573600011994,True
negotiate,20,0.0,4,22,accident,R1,1,1,0,1,6,0,615,21,54.42308399869944,True
negotiate,20,0.0,4,25,emergency,R2,4,4,0,4,47,0,1902,33,184.43254200064985,True
negotiate,20,0.0,4,39,emergency,R2,4,4,0,4,71,0,1801,37,179.09447800047928,True
negotiate,20,0.0,4,53,accident,R2,2,2,0,2,15,0,1120,18,71.29292399986298,True
negotiate,20,0.0,5,11,emergency,R2,1,2,0,2,74,0,2657,30,187.62818100003642,True
negotiate,20,0.0,5,23,accident,R2,3,3,0,3,19,0,1411,35,154.46869500010507,True
negotiate,20,0.0,5,31,emergency,R2,1,1,0,1,33,0,780,16,152.90442700097628,True
negotiate,20,0.0,5,43,accident,R2,4,5,0,5,9,0,4572,37,479.20231299940497,True
negotiate,20,0.0,6,7,emergency,R2,1,2,0,2,12,0,22417,23,1085.892020000756,True
negotiate,20,0.0,6,14,emergency,R1,1,1,0,1,0,0,1972,16,135.77559200166434,True
negotiate,20,0.0,6,27,breakdown,R4,2,2,0,2,164,0,2060,53,7768.7758920001215,True
negotiate,20,0.0,6,39,breakdown,R4,1,1,0,1,0,0,0,0,92.48493900122412,False
negotiate,20,0.0,6,78,conflict,R2,3,3,0,3,63,0,1043,28,154.14302600038354,True
negotiate,20,0.0,6,161,conflict,R2,2,2,0,2,568,0,1760,17,116.83518499921774,True
negotiate,20,0.0,7,2,emergency,R2,2,2,0,2,19,0,2034,30,277.59087799859117,True
negotiate,20,0.0,7,29,accident,R1,2,2,0,2,8,0,5193,26,269.48698299929674,True
negotiate,20,0.0,7,40,emergency,R2,1,1,0,1,53,0,1360,12,72.19070500104863,True
negotiate,20,0.0,7,52,accident,R1,3,3,0,3,7,0,923,20,78.95756300058565,True
negotiate,20,0.0,8,3,emergency,R2,2,3,0,3,64,0,17768,44,904.3907269988267,True
negotiate,20,0.0,8,7,accident,R1,3,3,0,3,5,0,16993,50,750.6687460008834,True
negotiate,20,0.0,8,21,emergency,R2,1,1,0,1,23,0,1606,23,93.91169099944818,True
negotiate,20,0.0,8,48,accident,R2,5,5,0,5,14,0,53103,36,2363.6280360005912,True
negotiate,20,0.0,9,16,emergency,R2,2,2,0,2,48,0,1478,23,147.43337800064182,True
negotiate,20,0.0,9,23,accident,R1,3,3,0,3,11,0,2270,36,188.97759500032407,True
negotiate,20,0.0,9,29,accident,R2,2,2,0,2,14,0,2266,45,206.40212800026347,True
negotiate,20,0.0,9,41,emergency,R2,6,7,0,7,72,0,3289,55,238.62488900158496,True
negotiate,20,0.02,0,21,accident,R2,1,2,0,2,15,0,950,28,109.66525500043645,True
negotiate,20,0.02,0,37,emergency,R2,2,2,0,2,43,0,2105,24,174.9102869998751,True
negotiate,20,0.02,0,40,emergency,R2,2,2,0,2,80,0,1804,19,149.72075699915877,True
negotiate,20,0.02,0,49,accident,R1,1,1,0,1,0,0,1480,14,62.624619000416715,True
negotiate,20,0.02,0,50,blockage,R1,1,1,0,1,0,0,609,12,38.53297699970426,True
negotiate,20,0.02,1,2,emergency,R2,1,2,0,2,9,0,2494,44,220.23853700011387,True
negotiate,20,0.02,1,18,accident,R2,3,3,0,3,23,0,1117,28,112.82254800062219,True
negotiate,20,0.02,1,31,emergency,R2,1,1,0,1,35,0,1002,16,109.77078799987794,True
negotiate,20,0.02,1,43,accident,R2,1,1,0,1,18,0,1740,19,123.7502610001684,True
negotiate,20,0.02,1,55,blockage,R1,7,7,0,7,13,0,2073,48,136.34696199915197,True
negotiate,20,0.02,2,27,emergency,R2,2,2,0,2,33,0,1313,23,144.04174599985708,True
negotiate,20,0.02,2,28,conflict,R2,6,6,0,6,13,0,1922,49,243.2427319999988,True
negotiate,20,0.02,2,35,accident,R1,4,5,0,5,14,0,1312,36,132.2682790014369,True
negotiate,20,0.02,2,42,accident,R2,3,3,0,3,12,0,1281,26,170.73141299988492,True
negotiate,20,0.02,2,44,blockage,R2,1,1,0,1,9,0,2977,26,121.38005099950533,True
negotiate,20,0.02,2,46,emergency,R2,3,3,0,3,39,0,1418,24,123.62893700083077,True
negotiate,20,0.02,2,70,blockage,R1,5,5,0,5,6,0,2385,31,173.5540999998193,True
negotiate,20,0.02,3,11,accident,R2,2,3,0,3,15,0,31567,28,1699.577663999662,True
negotiate,20,0.02,3,13,accident,R2,2,3,0,3,16,0,1544,42,351.1778960000811,True
negotiate,20,0.02,3,15,emergency,R2,2,2,0,2,81,0,2399,30,269.97562699943956,True
negotiate,20,0.02,3,18,emergency,R2,4,4,0,4,181,0,49679,37,2060.555829000805,True
negotiate,20,0.02,3,72,blockage,R1,1,1,0,1,0,0,34079,13,1528.960083000129,True
negotiate,20,0.02,3,72,conflict,R1,3,3,0,3,0,0,12058,16,535.0398200007476,True
negotiate,20,0.02,4,2,accident,R2,1,3,0,3,15,0,1673,35,253.92920200101798,True
negotiate,20,0.02,4,16,blockage+emergency,R2,3,4,0,4,98,0,4672,44,316.04514500031655,True
negotiate,20,0.02,4,23,emergency,R2,3,3,0,3,63,0,2075,37,207.66471700153488,True
negotiate,20,0.02,4,27,breakdown,R4,1,3,0,3,0,0,1615831,28,85405.65284700097,False
negotiate,20,0.02,4,38,conflict,R2,5,5,0,5,87,0,2757,49,139.9931320011092,True
negotiate,20,0.02,4,60,blockage,R1,1,1,0,1,3,0,635,15,43.11187100029201,True
negotiate,20,0.02,6,4,blockage,R1,2,2,0,2,4,0,975,21,88.95964699877368,True
negotiate,20,0.02,6,9,emergency,R2,1,2,0,2,55,0,1999,37,140.0754060014151,True
negotiate,20,0.02,6,11,accident,R1,1,2,0,2,7,0,1951,36,79.81942500009609,True
negotiate,20,0.02,6,17,accident,R2,5,5,0,5,14,0,5027,42,253.1141250001383,True
negotiate,20,0.02,6,19,blockage+emergency,R2,3,4,0,4,66,0,10280,53,434.5101840008283,True
negotiate,20,0.02,6,26,blockage,R1,1,1,0,1,0,0,561,14,42.22387899972091,True
negotiate,20,0.02,6,54,blockage,R0,1,1,0,1,0,0,708,19,82.23725499919965,True
negotiate,20,0.02,7,13,emergency,R2,4,4,0,4,36,0,4774,37,277.96986300018034,True
negotiate,20,0.02,7,15,accident,R2,2,2,0,2,10,0,1481,21,178.71707899939793,True
negotiate,20,0.02,7,34,emergency,R2,5,5,0,5,61,0,16339,45,1218.8800959993387,True
negotiate,20,0.02,7,46,accident,R1,2,2,0,2,5,0,16135,19,901.1272709994955,True
negotiate,20,0.02,7,73,blockage,R1,8,8,0,8,3,0,3597,57,409.41152199957287,True
negotiate,20,0.02,7,92,blockage,R1,5,5,0,5,15,0,1457,24,224.45828399941092,True
negotiate,20,0.02,8,19,emergency,R2,1,1,0,1,44,0,45807,37,2860.8928589983407,True
negotiate,20,0.02,8,27,blockage,R1,5,5,0,5,4,0,49692,64,2838.8896779997594,True
negotiate,20,0.02,8,30,accident,R1,3,3,0,3,10,0,55981,33,2832.0752589988842,True
negotiate,20,0.02,8,34,accident,R1,3,3,0,3,1,0,1151,26,50.41359700044268,True
negotiate,20,0.02,8,42,emergency,R2,3,3,0,3,58,0,13240,24,418.1190510007582,True
negotiate,20,0.02,8,77,blockage,R1,4,4,0,4,4,0,1550,19,74.1610919994855,True
negotiate,20,0.02,9,29,emergency,R2,2,3,0,3,54,0,2949,52,425.8083799995802,True
negotiate,20,0.02,9,37,accident,R2,2,2,0,2,13,0,1281,26,86.78350100126409,True
negotiate,20,0.02,9,44,emergency,R2,4,4,0,4,50,0,1958,32,142.95715899970673,True
negotiate,20,0.02,9,46,conflict,R1,3,3,0,3,6,0,957,22,80.119119000301,True
negotiate,20,0.02,9,57,blockage+breakdown,R4,2,2,0,2,1,0,424,10,80.55980099925364,False
negotiate,20,0.02,9,78,blockage,R1,1,1,0,1,0,0,12288,15,487.5859149997268,True
negotiate,20,0.02,9,88,blockage,R1,1,1,0,1,1,0,270,10,38.866689001224586,True
negotiate,20,0.05,0,24,emergency,R2,2,2,0,2,64,0,1865,23,130.14283899974544,True
negotiate,20,0.05,0,25,emergency,R2,2,2,0,2,36,0,1094,23,234.49421300028916,True
negotiate,20,0.05,0,30,blockage,R1,3,3,0,3,2,0,1232,28,235.4666739993263,True
negotiate,20,0.05,0,33,accident,R2,2,2,0,2,20,0,961,19,95.36536999985401,True
negotiate,20,0.05,0,38,blockage,R0,1,1,0,1,0,0,1161,17,113.37161600022228,True
negotiate,20,0.05,0,50,blockage,R1,1,1,0,1,3,0,250,15,83.24312999866379,True
negotiate,20,0.05,0,52,breakdown,R4,2,3,0,3,2,0,1632061,27,89955.71317000031,False
negotiate,20,0.05,0,54,blockage,R1,2,3,0,3,4,0,1089,22,116.43263099904289,True
negotiate,20,0.05,0,67,blockage,R2,2,2,0,2,98,0,623,18,56.57041999984358,True
negotiate,20,0.05,0,77,blockage,R1,2,2,0,2,2,0,780,13,65.20650099992054,True
negotiate,20,0.05,2,9,accident,R2,2,2,0,2,20,0,1477,21,145.15614099946106,True
negotiate,20,0.05,2,10,accident,R2,2,3,0,3,40,0,19112,28,1053.3480290014268,True
negotiate,20,0.05,2,16,emergency,R2,2,4,0,4,148,0,43834,37,2017.5285489985981,True
negotiate,20,0.05,2,19,blockage,R1,3,3,0,3,1,0,43068,37,1735.4770040001313,True
negotiate,20,0.05,2,22,emergency,R2,4,4,0,4,52,0,19400,37,945.4564370007574,True
negotiate,20,0.05,2,28,conflict,R1,4,4,0,4,4,0,1162,35,235.60254499898292,True
negotiate,20,0.05,2,44,blockage,R1,3,3,0,3,6,0,1576,29,108.03092700007255,True
negotiate,20,0.05,2,51,blockage,R1,1,1,0,1,2,0,370,10,55.24539700127207,True
negotiate,20,0.05,2,61,blockage,R1,9,9,0,9,13,0,21748,72,1235.986863001017,True
negotiate,20,0.05,2,62,conflict,R1,2,3,0,3,0,0,1692,25,89.42221500001324,True
negotiate,20,0.05,2,63,blockage,R1,1,1,0,1,0,0,1476,22,103.11267500037502,True
negotiate,20,0.05,2,70,blockage,R1,3,3,0,3,8,0,33862,16,1706.7523679997976,True
negotiate,20,0.05,2,84,blockage,R1,2,2,0,2,1,0,277,10,73.38555500064103,True
negotiate,20,0.05,2,90,blockage,R1,6,6,0,6,17,0,2718,33,177.8564969990839,True
negotiate,20,0.05,3,2,blockage,R1,1,2,0,2,0,0,1340,21,129.0041749998636,True
negotiate,20,0.05,3,7,emergency,R1,2,2,0,2,7,0,26417,23,1403.5163309999916,True
negotiate,20,0.05,3,8,accident,R2,4,4,0,4,23,0,2284,42,313.5986960005539,True
negotiate,20,0.05,3,27,blockage,R1,4,4,0,4,7,0,1540,35,99.78544200021133,True
negotiate,20,0.05,3,36,emergency,R2,2,2,0,2,37,0,668,23,138.51368699943123,True
negotiate,20,0.05,3,39,blockage,R1,3,4,0,4,4,0,2027,29,250.12871499893663,True
negotiate,20,0.05,3,43,blockage,R1,1,1,0,1,4,0,482,10,50.78610700002173,True
negotiate,20,0.05,3,48,accident,R2,2,2,0,2,17,0,1170,26,72.48481500027992,True
negotiate,20,0.05,3,72,blockage,R1,1,1,0,1,0,0,424,13,39.05605799991463,True
negotiate,20,0.05,3,72,conflict,R1,4,4,0,4,6,0,1045,23,119.13469299906865,True
negotiate,20,0.05,3,74,blockage,R1,2,2,0,2,4,0,561,18,72.54538099914498,True
negotiate,20,0.05,3,77,blockage,R1,3,3,0,3,1,0,656,23,88.4281380003813,True
negotiate,20,0.05,4,16,blockage,R1,2,3,0,3,1,0,1694,28,268.3055979996425,True
negotiate,20,0.05,4,17,emergency,R2,2,2,0,2,51,0,1677,30,197.03362099971855,True
negotiate,20,0.05,4,35,accident,R2,4,4,0,4,17,0,1312,31,126.27691499983484,True
negotiate,20,0.05,4,35,conflict,R2,3,4,0,4,70,0,29820,33,1761.5617680003197,True
negotiate,20,0.05,4,38,accident,R2,3,3,0,3,26,0,2224,28,127.1941679988231,True
negotiate,20,0.05,4,41,emergency,R2,2,2,0,2,63,0,1353,17,181.18074599988176,True
negotiate,20,0.05,4,43,conflict,R1,4,4,0,4,4,0,2161,35,170.42807299912965,True
negotiate,20,0.05,4,43,conflict,R0,1,1,0,1,0,0,2135,35,136.99493199965218,True
negotiate,20,0.05,4,43,conflict,R0,1,1,0,1,0,0,2135,35,172.36803299965686,True
negotiate,20,0.05,4,43,conflict,R0,1,1,0,1,0,0,2135,35,131.5271469993604,True
negotiate,20,0.05,4,43,conflict,R0,1,1,0,1,0,0,2135,35,107.26180399979057,True
negotiate,20,0.05,4,43,conflict,R0,1,1,0,1,0,0,2135,35,100.49072400033765,True
negotiate,20,0.05,4,43,conflict,R0,1,1,0,1,0,0,2135,35,100.70832499877724,True
negotiate,20,0.05,4,43,conflict,R0,1,1,0,1,0,0,2135,35,147.15813499969954,True
negotiate,20,0.05,4,43,conflict,R0,1,1,0,1,0,0,2135,35,94.54438399916398,True
negotiate,20,0.05,4,43,conflict,R0,1,1,0,1,0,0,2135,35,124.877017999097,True
negotiate,20,0.05,4,43,conflict,R0,1,1,0,1,0,0,2135,35,100.93978900113143,True
negotiate,20,0.05,4,43,conflict,R0,1,1,0,1,0,0,2135,35,143.18894000098226,True
negotiate,20,0.05,4,43,conflict,R0,1,1,0,1,0,0,2135,35,165.7307329987816,True
negotiate,20,0.05,4,43,conflict,R0,1,1,0,1,0,0,2135,35,264.10644200041133,True
negotiate,20,0.05,4,43,conflict,R0,1,1,0,1,0,0,2135,35,108.90714800007117,True
negotiate,20,0.05,4,43,conflict,R0,1,1,0,1,0,0,2135,35,158.18341200065333,True
negotiate,20,0.05,4,43,conflict,R0,1,1,0,1,0,0,2135,35,120.0058699996589,True
negotiate,20,0.05,4,43,conflict,R0,1,1,0,1,0,0,2135,35,111.82402800113778,True
negotiate,20,0.05,4,43,conflict,R0,1,1,0,1,0,0,2135,35,210.3340739995474,True
negotiate,20,0.05,4,43,conflict,R0,1,1,0,1,0,0,2135,35,109.74586799966346,True
negotiate,20,0.05,4,43,conflict,R0,1,1,0,1,0,0,2135,35,119.66921000021102,True
negotiate,20,0.05,4,43,conflict,R0,1,1,0,1,0,0,2135,35,122.7159110003413,True
negotiate,20,0.05,4,43,conflict,R0,1,1,0,1,0,0,2135,35,99.4138939986442,True
negotiate,20,0.05,4,43,conflict,R0,1,1,0,1,0,0,2135,35,109.4395700001769,True
negotiate,20,0.05,4,43,conflict,R0,1,1,0,1,0,0,2135,35,94.98993399938627,True
negotiate,20,0.05,4,43,conflict,R0,1,1,0,1,0,0,2135,35,93.05029999995895,True
negotiate,20,0.05,4,43,conflict,R0,1,1,0,1,0,0,2135,35,148.46872899943264,True
negotiate,20,0.05,4,43,conflict,R0,1,1,0,1,0,0,2135,35,112.72255800031417,True
negotiate,20,0.05,4,43,conflict,R0,1,1,0,1,0,0,2135,35,121.45893699926091,True
negotiate,20,0.05,4,43,conflict,R0,1,1,0,1,0,0,2135,35,115.2759659998992,True
negotiate,20,0.05,4,43,conflict,R0,1,1,0,1,0,0,2135,35,113.09024600086559,True
negotiate,20,0.05,4,43,conflict,R0,1,1,0,1,0,0,2135,35,112.15535800147336,True
negotiate,20,0.05,4,43,conflict,R0,1,1,0,1,0,0,2135,35,116.36340799850586,True
negotiate,20,0.05,4,43,conflict,R0,1,1,0,1,0,0,2135,35,98.1589229995734,True
negotiate,20,0.05,4,43,conflict,R0,1,1,0,1,0,0,2135,35,145.97960699938994,True
negotiate,20,0.05,4,43,conflict,R0,1,1,0,1,0,0,2135,35,119.78111099961097,True
negotiate,20,0.05,4,43,conflict,R0,1,1,0,1,0,0,2135,35,122.96416400022281,True
negotiate,20,0.05,4,43,conflict,R0,1,1,0,1,0,0,2135,35,100.8888440010196,True
negotiate,20,0.05,4,43,conflict,R0,1,1,0,1,0,0,2135,35,113.55827599982149,True
negotiate,20,0.05,4,43,conflict,R0,1,1,0,1,0,0,2135,35,142.13922599992657,True
negotiate,20,0.05,4,43,conflict,R0,1,1,0,1,0,0,2135,35,163.41340100007073,True
negotiate,20,0.05,4,43,conflict,R0,1,1,0,1,0,0,2135,35,203.82011000037892,True
negotiate,20,0.05,4,43,conflict,R0,1,1,0,1,0,0,2135,35,196.75557899972773,True
negotiate,20,0.05,4,43,conflict,R0,1,1,0,1,0,0,2135,35,119.62359300014214,True
negotiate,20,0.05,4,43,conflict,R0,1,1,0,1,0,0,2135,35,101.64549799992528,True
negotiate,20,0.05,4,43,conflict,R0,1,1,0,1,0,0,2135,35,93.66610500001116,True
negotiate,20,0.05,4,43,conflict,R0,1,1,0,1,0,0,2135,35,106.2243189990113,True
negotiate,20,0.05,4,43,conflict,R0,1,1,0,1,0,0,2135,35,91.12774400091439,True
negotiate,20,0.05,4,43,conflict,R0,1,1,0,1,0,0,2135,35,90.92241199869022,True
negotiate,20,0.05,4,43,conflict,R0,1,1,0,1,0,0,2135,35,96.1021860002802,True
negotiate,20,0.05,4,43,conflict,R0,1,1,0,1,0,0,2135,35,98.80421899833891,True
negotiate,20,0.05,4,43,conflict,R0,1,1,0,1,0,0,2135,35,129.49383600061992,True
negotiate,20,0.05,4,43,conflict,R0,1,1,0,1,0,0,2135,35,137.45945099981327,True
negotiate,20,0.05,4,43,conflict,R0,1,1,0,1,0,0,2135,35,194.2660029999388,True
negotiate,20,0.05,4,43,conflict,R0,1,1,0,1,0,0,2135,35,94.96148899961554,True
negotiate,20,0.05,4,43,conflict,R0,1,1,0,1,0,0,2135,35,99.60297199904744,True
negotiate,20,0.05,4,43,conflict,R0,1,1,0,1,0,0,2135,35,113.28507199868909,True
negotiate,20,0.05,4,43,conflict,R0,1,1,0,1,0,0,2135,35,170.36676299903775,True
negotiate,20,0.05,4,43,conflict,R0,1,1,0,1,0,0,2135,35,151.47781599989685,True
negotiate,20,0.05,4,43,conflict,R0,1,1,0,1,0,0,2135,35,145.22682200004056,True
negotiate,20,0.05,4,43,conflict,R0,1,1,0,1,0,0,2135,35,102.42844200001855,True
negotiate,20,0.05,4,43,conflict,R0,1,1,0,1,0,0,2135,35,113.14486599985685,True
negotiate,20,0.05,4,43,conflict,R0,1,1,0,1,0,0,2135,35,156.97252199970535,True
negotiate,20,0.05,4,43,conflict,R0,1,1,0,1,0,0,2135,35,116.9746160012437,True
negotiate,20,0.05,4,43,conflict,R0,1,1,0,1,0,0,2135,35,98.83467800136714,True
negotiate,20,0.05,4,43,conflict,R0,1,1,0,1,0,0,2135,35,108.26163199999428,True
negotiate,20,0.05,4,43,conflict,R0,1,1,0,1,0,0,2135,35,83.97962999879383,True
negotiate,20,0.05,4,43,conflict,R0,1,1,0,1,0,0,2135,35,96.53067699946405,True
negotiate,20,0.05,4,43,conflict,R0,1,1,0,1,0,0,2135,35,136.6820490002283,True
negotiate,20,0.05,4,43,conflict,R0,1,1,0,1,0,0,2135,35,112.8861710003548,True
negotiate,20,0.05,4,43,conflict,R0,1,1,0,1,0,0,2135,35,112.20576300001994,True
negotiate,20,0.05,4,43,conflict,R0,1,1,0,1,0,0,2135,35,196.01594900086639,True
negotiate,20,0.05,4,43,conflict,R0,1,1,0,1,0,0,2135,35,172.16021300009743,True
negotiate,20,0.05,4,43,conflict,R0,1,1,0,1,0,0,2135,35,84.74496400049247,True
negotiate,20,0.05,4,43,conflict,R0,1,1,0,1,0,0,2135,35,99.3679000002885,True
negotiate,20,0.05,4,43,conflict,R0,1,1,0,1,0,0,2135,35,105.61800899995433,True
negotiate,20,0.05,4,43,conflict,R0,1,1,0,1,0,0,2135,35,102.86368500055687,True
negotiate,20,0.05,4,43,conflict,R0,1,1,0,1,0,0,2135,35,99.80575400004454,True
negotiate,20,0.05,4,43,conflict,R0,1,1,0,1,0,0,2135,35,113.0702280006517,True
negotiate,20,0.05,4,43,conflict,R0,1,1,0,1,0,0,2135,35,108.15886500131455,True
negotiate,20,0.05,4,43,conflict,R0,1,1,0,1,0,0,2126,35,97.86876399994071,True
negotiate,20,0.05,4,43,conflict,R0,1,1,0,1,0,0,2126,35,97.61673300090479,True
negotiate,20,0.05,4,43,conflict,R0,1,1,0,1,0,0,2126,35,100.19997600102215,True
negotiate,20,0.05,4,43,conflict,R0,1,1,0,1,0,0,2126,35,110.47224799949618,True
negotiate,20,0.05,4,43,conflict,R0,1,1,0,1,0,0,2126,35,189.49580900152796,True
negotiate,20,0.05,4,43,conflict,R0,1,1,0,1,0,0,2126,35,148.78489599868772,True
negotiate,20,0.05,4,43,conflict,R0,1,1,0,1,0,0,2126,35,143.46264899904781,True
negotiate,20,0.05,4,43,conflict,R0,1,1,0,1,0,0,2126,35,99.68071600087569,True
negotiate,20,0.05,4,43,conflict,R0,1,1,0,1,0,0,2126,35,121.89469700024347,True
negotiate,20,0.05,4,43,conflict,R0,1,1,0,1,0,0,2126,35,76.6878459999134,True
negotiate,20,0.05,4,43,conflict,R0,1,1,0,1,0,0,2126,35,128.95570099863107,True
negotiate,20,0.05,4,43,conflict,R0,1,1,0,1,0,0,2126,35,78.66135400036,True
negotiate,20,0.05,4,43,conflict,R0,1,1,0,1,0,0,2126,35,87.48331000060716,True
negotiate,20,0.05,4,43,conflict,R0,1,1,0,1,0,0,2126,35,125.28963900149392,True
negotiate,20,0.05,4,43,conflict,R0,1,1,0,1,0,0,2126,35,107.59551299997838,True
negotiate,20,0.05,4,43,conflict,R0,1,1,0,1,0,0,2126,35,102.53987800024333,True
negotiate,20,0.05,4,43,conflict,R0,1,1,0,1,0,0,2126,35,95.0015420003183,True
negotiate,20,0.05,4,43,conflict,R0,1,1,0,1,0,0,2126,35,83.76255000075616,True
negotiate,20,0.05,4,43,conflict,R0,1,1,0,1,0,0,2126,35,94.41489400160208,True
negotiate,20,0.05,4,43,conflict,R0,1,1,0,1,0,0,2126,35,85.58310400076152,True
negotiate,20,0.05,4,43,conflict,R0,1,1,0,1,0,0,2126,35,81.93956499962951,True
negotiate,20,0.05,4,43,conflict,R0,1,1,0,1,0,0,2126,35,90.23414999865054,True
negotiate,20,0.05,4,43,conflict,R0,1,1,0,1,0,0,2126,35,104.92972099928011,True
negotiate,20,0.05,4,43,conflict,R0,1,1,0,1,0,0,2126,35,89.23686500020267,True
negotiate,20,0.05,4,43,conflict,R0,1,1,0,1,0,0,2126,35,98.28911099975812,True
negotiate,20,0.05,4,43,conflict,R0,1,1,0,1,0,0,2126,35,97.35026100133837,True
negotiate,20,0.05,4,43,conflict,R0,1,1,0,1,0,0,2126,35,103.91801799960376,True
negotiate,20,0.05,4,43,conflict,R0,1,1,0,1,0,0,2126,35,98.90233400074067,True
negotiate,20,0.05,4,43,conflict,R0,1,1,0,1,0,0,2126,35,147.09614800085546,True
negotiate,20,0.05,4,43,conflict,R0,1,1,0,1,0,0,2126,35,88.85665900015738,True
negotiate,20,0.05,4,43,conflict,R0,1,1,0,1,0,0,2126,35,122.04250399918237,True
negotiate,20,0.05,4,43,conflict,R0,1,1,0,1,0,0,2126,35,133.7081190013123,True
negotiate,20,0.05,4,43,conflict,R0,1,1,0,1,0,0,2126,35,115.4968419996294,True
negotiate,20,0.05,4,43,conflict,R0,1,1,0,1,0,0,2126,35,146.38463300070725,True
negotiate,20,0.05,4,43,conflict,R0,1,1,0,1,0,0,2126,35,103.91709800023818,True
negotiate,20,0.05,4,43,conflict,R0,1,1,0,1,0,0,2126,35,86.13935300127196,True
negotiate,20,0.05,4,43,conflict,R0,1,1,0,1,0,0,2126,35,92.87995900012902,True
negotiate,20,0.05,4,43,conflict,R0,1,1,0,1,0,0,2126,35,83.8426320005965,True
negotiate,20,0.05,4,43,conflict,R0,1,1,0,1,0,0,2126,35,171.3304570002947,True
negotiate,20,0.05,4,43,conflict,R0,1,1,0,1,0,0,2126,35,97.52916100114817,True
negotiate,20,0.05,4,43,conflict,R0,1,1,0,1,0,0,2126,35,132.52493900108675,True
negotiate,20,0.05,4,43,conflict,R0,1,1,0,1,0,0,2126,35,112.1282220010471,True
negotiate,20,0.05,4,43,conflict,R0,1,1,0,1,0,0,2126,35,91.30049600025814,True
negotiate,20,0.05,4,43,conflict,R0,1,1,0,1,0,0,2126,35,92.13275900037843,True
negotiate,20,0.05,4,43,conflict,R0,1,1,0,1,0,0,2126,35,92.09786000064923,True
negotiate,20,0.05,4,43,conflict,R0,1,1,0,1,0,0,2126,35,81.32343199940806,True
negotiate,20,0.05,4,43,conflict,R0,1,1,0,1,0,0,2126,35,95.17488900019089,True
negotiate,20,0.05,4,43,conflict,R0,1,1,0,1,0,0,2126,35,122.95127200013667,True
negotiate,20,0.05,4,43,conflict,R0,1,1,0,1,0,0,2126,35,79.409134999878,True
negotiate,20,0.05,4,43,conflict,R0,1,1,0,1,0,0,2126,35,81.11535199896025,True
negotiate,20,0.05,4,43,conflict,R0,1,1,0,1,0,0,2126,35,86.06364500155905,True
negotiate,20,0.05,4,43,conflict,R0,1,1,0,1,0,0,2126,35,78.17108699964592,True
negotiate,20,0.05,4,43,conflict,R0,1,1,0,1,0,0,2126,35,82.64277200032666,True
negotiate,20,0.05,4,43,conflict,R0,1,1,0,1,0,0,2126,35,114.78636200081382,True
negotiate,20,0.05,4,43,conflict,R0,1,1,0,1,0,0,2126,35,130.10290500096744,True
negotiate,20,0.05,4,43,conflict,R0,1,1,0,1,0,0,2126,35,174.6192919999885,True
negotiate,20,0.05,4,43,conflict,R0,1,1,0,1,0,0,2126,35,98.08028800034663,True
negotiate,20,0.05,4,43,conflict,R0,1,1,0,1,0,0,2126,35,127.52338099926419,True
negotiate,20,0.05,4,43,conflict,R0,1,1,0,1,0,0,2126,35,204.34269399993354,True
negotiate,20,0.05,4,43,conflict,R0,1,1,0,1,0,0,2126,35,201.36733100116544,True
negotiate,20,0.05,4,43,conflict,R0,1,1,0,1,0,0,2126,35,114.97359799977858,True
negotiate,20,0.05,4,43,conflict,R0,1,1,0,1,0,0,2126,35,110.83213100027933,True
negotiate,20,0.05,4,43,conflict,R0,1,1,0,1,0,0,2126,35,111.86425800042343,True
negotiate,20,0.05,4,43,conflict,R0,1,1,0,1,0,0,2126,35,104.57384000073944,True
negotiate,20,0.05,4,43,conflict,R0,1,1,0,1,0,0,2126,35,101.39116999926046,True
negotiate,20,0.05,4,43,conflict,R0,1,1,0,1,0,0,2126,35,127.977087000545,True
negotiate,20,0.05,4,43,conflict,R0,1,1,0,1,0,0,2126,35,239.91438200027915,True
negotiate,20,0.05,4,43,conflict,R0,1,1,0,1,0,0,2126,35,109.5382299990888,True
negotiate,20,0.05,4,43,conflict,R0,1,1,0,1,0,0,2126,35,116.77479999889329,True
negotiate,20,0.05,4,43,conflict,R0,1,1,0,1,0,0,2126,35,126.04459599970141,True
negotiate,20,0.05,4,43,conflict,R0,1,1,0,1,0,0,2126,35,235.49321399877954,True
negotiate,20,0.05,4,43,conflict,R0,1,1,0,1,0,0,2126,35,280.687583001054,True
negotiate,20,0.05,4,43,conflict,R0,1,1,0,1,0,0,2126,35,231.95449800005008,True
negotiate,20,0.05,4,43,conflict,R0,1,1,0,1,0,0,2126,35,252.60577900007775,True
negotiate,20,0.05,4,43,conflict,R0,1,1,0,1,0,0,2126,35,248.83364400011487,True
negotiate,20,0.05,4,43,conflict,R0,1,1,0,1,0,0,2126,35,211.15640700008953,True
negotiate,20,0.05,4,43,conflict,R0,1,1,0,1,0,0,2126,35,150.0355230000423,True
negotiate,20,0.05,4,43,conflict,R0,1,1,0,1,0,0,2126,35,84.92889199987985,True
negotiate,20,0.05,4,43,conflict,R0,1,1,0,1,0,0,2126,35,85.83164399897214,True
negotiate,20,0.05,4,43,conflict,R0,1,1,0,1,0,0,2126,35,92.30490200025088,True
negotiate,20,0.05,4,43,conflict,R1,2,2,0,2,0,0,1922,35,76.95645700005116,True
negotiate,20,0.05,4,43,conflict,R0,1,1,0,1,0,0,1922,35,86.25293899967801,True
negotiate,20,0.05,4,43,conflict,R0,1,1,0,1,0,0,1922,35,75.8271809991129,True
negotiate,20,0.05,4,43,conflict,R0,1,1,0,1,0,0,1922,35,81.63606400012213,True
negotiate,20,0.05,4,43,conflict,R0,1,1,0,1,0,0,1922,35,93.1576800012408,True
negotiate,20,0.05,4,43,conflict,R0,1,1,0,1,0,0,1922,35,111.46306899900082,True
negotiate,20,0.05,4,43,conflict,R0,1,1,0,1,0,0,1922,35,294.54287699991255,True
negotiate,20,0.05,4,43,conflict,R0,1,1,0,1,0,0,1922,35,227.6608420015691,True
negotiate,20,0.05,4,43,conflict,R0,1,1,0,1,0,0,1922,35,242.92820300070161,True
negotiate,20,0.05,4,43,conflict,R0,1,1,0,1,0,0,1922,35,124.94506899929547,True
negotiate,20,0.05,4,43,conflict,R0,1,1,0,1,0,0,1922,35,86.23015400007716,True
negotiate,20,0.05,4,43,conflict,R0,1,1,0,1,0,0,1922,35,92.72557500116818,True
negotiate,20,0.05,4,43,conflict,R0,1,1,0,1,0,0,1922,35,95.23618499952136,True
negotiate,20,0.05,4,43,conflict,R0,1,1,0,1,0,0,1922,35,94.19475000140665,True
negotiate,20,0.05,4,43,conflict,R0,1,1,0,1,0,0,1922,35,214.50199399987468,True
negotiate,20,0.05,4,43,conflict,R0,1,1,0,1,0,0,1922,35,271.2872020001669,True
negotiate,20,0.05,4,43,conflict,R0,1,1,0,1,0,0,1922,35,92.9989479991491,True
negotiate,20,0.05,4,43,conflict,R0,1,1,0,1,0,0,1922,35,106.37324000163062,True
negotiate,20,0.05,4,43,conflict,R0,1,1,0,1,0,0,1922,35,234.45608300062304,True
negotiate,20,0.05,4,43,conflict,R0,1,1,0,1,0,0,1922,35,210.0941539993073,True
negotiate,20,0.05,4,43,conflict,R0,1,1,0,1,0,0,1922,35,208.06343399999605,True
negotiate,20,0.05,4,43,conflict,R0,1,1,0,1,0,0,1922,35,117.50811599995359,True
negotiate,20,0.05,4,43,conflict,R0,1,1,0,1,0,0,1922,35,107.72688900033245,True
negotiate,20,0.05,4,43,conflict,R0,1,1,0,1,0,0,1922,35,162.72346199912135,True
negotiate,20,0.05,4,43,conflict,R0,1,1,0,1,0,0,1922,35,105.9846429998288,True
negotiate,20,0.05,4,43,conflict,R0,1,1,0,1,0,0,1922,35,81.2742399994022,True
negotiate,20,0.05,4,43,conflict,R0,1,1,0,1,0,0,1922,35,108.99754599995504,True
negotiate,20,0.05,4,43,conflict,R0,1,1,0,1,0,0,1922,35,99.11548200034304,True
negotiate,20,0.05,4,43,conflict,R0,1,1,0,1,0,0,1922,35,261.89336000061303,True
negotiate,20,0.05,4,43,conflict,R0,1,1,0,1,0,0,1922,35,183.5455920008826,True
negotiate,20,0.05,4,43,conflict,R0,1,1,0,1,0,0,1922,35,287.0680390005873,True
negotiate,20,0.05,4,43,conflict,R0,1,1,0,1,0,0,1922,35,338.8342640009796,True
negotiate,20,0.05,4,43,conflict,R0,1,1,0,1,0,0,1922,35,236.0731670014502,True
negotiate,20,0.05,4,43,conflict,R0,1,1,0,1,0,0,1922,35,181.22143500113452,True
negotiate,20,0.05,4,43,conflict,R0,1,1,0,1,0,0,1922,35,177.78539700157125,True
negotiate,20,0.05,4,43,conflict,R0,1,1,0,1,0,0,1922,35,79.95588800076803,True
negotiate,20,0.05,4,43,conflict,R0,1,1,0,1,0,0,1922,35,78.83732300069823,True
negotiate,20,0.05,4,43,conflict,R0,1,1,0,1,0,0,1922,35,79.33101900016482,True
negotiate,20,0.05,4,43,conflict,R0,1,1,0,1,0,0,1922,35,98.20758999921964,True
negotiate,20,0.05,4,43,conflict,R0,1,1,0,1,0,0,1922,35,99.54131700033031,True
negotiate,20,0.05,4,43,conflict,R0,1,1,0,1,0,0,1922,35,88.2098269994458,True
negotiate,20,0.05,4,43,conflict,R0,1,1,0,1,0,0,1922,35,93.76815399991756,True
negotiate,20,0.05,4,43,conflict,R0,1,1,0,1,0,0,1922,35,90.59581099973002,True
negotiate,20,0.05,4,43,conflict,R0,1,1,0,1,0,0,1922,35,92.9460770003061,True
negotiate,20,0.05,4,43,conflict,R0,1,1,0,1,0,0,1922,35,95.71710899945174,True
negotiate,20,0.05,4,43,conflict,R0,1,1,0,1,0,0,1922,35,97.85317699970619,True
negotiate,20,0.05,4,43,conflict,R0,1,1,0,1,0,0,1922,35,94.7624190011993,True
negotiate,20,0.05,4,43,conflict,R0,1,1,0,1,0,0,1922,35,89.61932499914838,True
negotiate,20,0.05,4,43,conflict,R0,1,1,0,1,0,0,1922,35,77.49441300074977,True
negotiate,20,0.05,4,43,conflict,R0,1,1,0,1,0,0,1922,35,80.62161700036086,True
negotiate,20,0.05,4,43,conflict,R0,1,1,0,1,0,0,1922,35,169.87580400018487,True
negotiate,20,0.05,4,43,conflict,R0,1,1,0,1,0,0,1922,35,145.5481699995289,True
negotiate,20,0.05,4,43,conflict,R0,1,1,0,1,0,0,1922,35,102.86887400070555,True
negotiate,20,0.05,4,43,conflict,R0,1,1,0,1,0,0,1922,35,72.99628900000243,True
negotiate,20,0.05,4,43,conflict,R0,1,1,0,1,0,0,1922,35,76.85178999963682,True
negotiate,20,0.05,4,43,conflict,R0,1,1,0,1,0,0,1922,35,76.1343409994879,True
negotiate,20,0.05,4,43,conflict,R0,1,1,0,1,0,0,1922,35,113.63380100010545,True
negotiate,20,0.05,4,43,conflict,R0,1,1,0,1,0,0,1922,35,111.09977100022661,True
negotiate,20,0.05,4,43,conflict,R0,1,1,0,1,0,0,1922,35,242.8283619992726,True
negotiate,20,0.05,4,43,conflict,R0,1,1,0,1,0,0,1922,35,277.41421200153127,True
negotiate,20,0.05,4,43,conflict,R0,1,1,0,1,0,0,1922,35,237.6119380005548,True
negotiate,20,0.05,4,43,conflict,R0,1,1,0,1,0,0,1922,35,96.57234999940556,True
negotiate,20,0.05,4,43,conflict,R0,1,1,0,1,0,0,1922,35,84.08138599952508,True
negotiate,20,0.05,4,43,conflict,R0,1,1,0,1,0,0,1922,35,76.28984000075434,True
negotiate,20,0.05,4,43,conflict,R0,1,1,0,1,0,0,1922,35,76.49532499999623,True
negotiate,20,0.05,4,43,conflict,R0,1,1,0,1,0,0,1922,35,74.23034400017059,True
negotiate,20,0.05,4,43,conflict,R0,1,1,0,1,0,0,1922,35,81.17717700042704,True
negotiate,20,0.05,4,43,conflict,R0,1,1,0,1,0,0,1922,35,137.9990049990738,True
negotiate,20,0.05,4,43,conflict,R0,1,1,0,1,0,0,1922,35,100.12034700048389,True
negotiate,20,0.05,4,43,conflict,R0,1,1,0,1,0,0,1922,35,72.87355700100306,True
negotiate,20,0.05,4,43,conflict,R0,1,1,0,1,0,0,1922,35,74.05312800074171,True
negotiate,20,0.05,4,43,conflict,R0,1,1,0,1,0,0,1922,35,93.94477199930407,True
negotiate,20,0.05,4,43,conflict,R0,1,1,0,1,0,0,1922,35,158.71848599999794,True
negotiate,20,0.05,4,43,conflict,R0,1,1,0,1,0,0,1922,35,111.32733600061329,True
negotiate,20,0.05,4,43,conflict,R0,1,1,0,1,0,0,1922,35,70.24894399910409,True
negotiate,20,0.05,4,43,conflict,R0,1,1,0,1,0,0,1922,35,72.23305200022878,True
negotiate,20,0.05,4,43,conflict,R0,1,1,0,1,0,0,1922,35,71.43451800038747,True
negotiate,20,0.05,4,43,conflict,R0,1,1,0,1,0,0,1922,35,151.22930399957113,True
negotiate,20,0.05,4,43,conflict,R0,1,1,0,1,0,0,1922,35,144.91100600025675,True
negotiate,20,0.05,4,43,conflict,R0,1,1,0,1,0,0,1922,35,66.31961799939745,True
negotiate,20,0.05,4,43,conflict,R0,1,1,0,1,0,0,1922,35,76.44498199988448,True
negotiate,20,0.05,4,43,conflict,R0,1,1,0,1,0,0,1922,35,100.75742499975604,True
negotiate,20,0.05,4,43,conflict,R0,1,1,0,1,0,0,1922,35,143.73773199986317,True
negotiate,20,0.05,4,43,conflict,R0,1,1,0,1,0,0,1922,35,77.11960000051477,True
negotiate,20,0.05,4,43,conflict,R0,1,1,0,1,0,0,1922,35,173.70434000076784,True
negotiate,20,0.05,4,43,conflict,R0,1,1,0,1,0,0,1922,35,110.5939329991088,True
negotiate,20,0.05,4,43,conflict,R0,1,1,0,1,0,0,1922,35,105.05845900115673,True
negotiate,20,0.05,4,43,conflict,R0,1,1,0,1,0,0,1922,35,152.75325500078907,True
negotiate,20,0.05,4,43,conflict,R0,1,1,0,1,0,0,1922,35,85.93791199928091,True
negotiate,20,0.05,4,43,conflict,R0,1,1,0,1,0,0,1922,35,78.30890399964119,True
negotiate,20,0.05,4,43,conflict,R0,1,1,0,1,0,0,1922,35,97.57153999998991,True
negotiate,20,0.05,4,43,conflict,R0,1,1,0,1,0,0,1922,35,106.7946019993542,True
negotiate,20,0.05,4,43,conflict,R0,1,1,0,1,0,0,1922,35,101.92602099959913,True
negotiate,20,0.05,4,43,conflict,R0,1,1,0,1,0,0,1922,35,117.15766700035601,True
negotiate,20,0.05,4,43,conflict,R0,1,1,0,1,0,0,1922,35,106.92872099934903,True
negotiate,20,0.05,4,43,conflict,R0,1,1,0,1,0,0,1922,35,108.33988899867109,True
negotiate,20,0.05,4,43,conflict,R0,1,1,0,1,0,0,1922,35,73.05923300009454,True
negotiate,20,0.05,4,43,conflict,R0,1,1,0,1,0,0,1922,35,124.35450700104411,True
negotiate,20,0.05,4,43,conflict,R0,1,1,0,1,0,0,1922,35,87.20801699928415,True
negotiate,20,0.05,4,43,conflict,R0,1,1,0,1,0,0,1922,35,76.18494599955739,True
negotiate,20,0.05,4,43,conflict,R0,1,1,0,1,0,0,1922,35,77.40412999919499,True
negotiate,20,0.05,4,43,conflict,R0,1,1,0,1,0,0,1922,35,78.87050099998305,True
negotiate,20,0.05,4,43,conflict,R0,1,1,0,1,0,0,1922,35,82.36791799936327,True
negotiate,20,0.05,4,43,conflict,R0,1,1,0,1,0,0,1922,35,78.7527289994614,True
negotiate,20,0.05,4,43,conflict,R0,1,1,0,1,0,0,1922,35,175.3429979999055,True
negotiate,20,0.05,4,43,conflict,R0,1,1,0,1,0,0,1922,35,107.26263600008679,True
negotiate,20,0.05,4,43,conflict,R0,1,1,0,1,0,0,1922,35,201.133464999657,True
negotiate,20,0.05,4,43,conflict,R0,1,1,0,1,0,0,1922,35,195.0229389985907,True
negotiate,20,0.05,4,43,conflict,R0,1,1,0,1,0,0,1922,35,113.74253699977999,True
negotiate,20,0.05,4,43,conflict,R0,1,1,0,1,0,0,1922,35,102.18222300136404,True
negotiate,20,0.05,4,43,conflict,R0,1,1,0,1,0,0,1922,35,92.54068700101925,True
negotiate,20,0.05,4,43,conflict,R0,1,1,0,1,0,0,1922,35,114.32967700056906,True
negotiate,20,0.05,4,43,conflict,R0,1,1,0,1,0,0,1922,35,177.1777439989819,True
negotiate,20,0.05,4,43,conflict,R0,1,1,0,1,0,0,1922,35,148.5310190000746,True
negotiate,20,0.05,4,43,conflict,R0,1,1,0,1,0,0,1922,35,120.34737399881124,True
negotiate,20,0.05,4,43,conflict,R0,1,1,0,1,0,0,1922,35,120.81827100155351,True
negotiate,20,0.05,4,43,conflict,R0,1,1,0,1,0,0,1922,35,119.68272599915508,True
negotiate,20,0.05,4,43,conflict,R0,1,1,0,1,0,0,1922,35,98.27155300081358,True
negotiate,20,0.05,4,43,conflict,R0,1,1,0,1,0,0,1922,35,90.48195400100667,True
negotiate,20,0.05,4,43,conflict,R0,1,1,0,1,0,0,1922,35,90.03228199981095,True
negotiate,20,0.05,4,43,conflict,R0,1,1,0,1,0,0,1922,35,105.62964499877125,True
negotiate,20,0.05,4,43,conflict,R0,1,1,0,1,0,0,1922,35,103.10063199904107,True
negotiate,20,0.05,4,43,conflict,R0,1,1,0,1,0,0,1922,35,108.39069899884635,True
negotiate,20,0.05,4,43,conflict,R0,1,1,0,1,0,0,1922,35,98.19708799841464,True
negotiate,20,0.05,4,43,conflict,R0,1,1,0,1,0,0,1922,35,107.79126799934602,True
negotiate,20,0.05,4,43,conflict,R0,1,1,0,1,0,0,1922,35,151.99720800046634,True
negotiate,20,0.05,4,43,conflict,R0,1,1,0,1,0,0,1922,35,149.0010430006805,True
negotiate,20,0.05,4,43,conflict,R0,1,1,0,1,0,0,1922,35,126.0716090000642,True
negotiate,20,0.05,4,43,conflict,R0,1,1,0,1,0,0,1922,35,102.69363599945791,True
negotiate,20,0.05,4,43,conflict,R0,1,1,0,1,0,0,1922,35,101.66367900092155,True
negotiate,20,0.05,4,43,conflict,R0,1,1,0,1,0,0,1922,35,202.9255080014991,True
negotiate,20,0.05,4,43,conflict,R0,1,1,0,1,0,0,1922,35,108.398574999228,True
negotiate,20,0.05,4,43,conflict,R0,1,1,0,1,0,0,1922,35,110.82708799949614,True
negotiate,20,0.05,4,43,conflict,R0,1,1,0,1,0,0,1922,35,99.43797999949311,True
negotiate,20,0.05,4,43,conflict,R0,1,1,0,1,0,0,1922,35,137.61293700008537,True
negotiate,20,0.05,4,43,conflict,R0,1,1,0,1,0,0,1922,35,122.0690240006661,True
negotiate,20,0.05,4,43,conflict,R0,1,1,0,1,0,0,1922,35,153.57494300042163,True
negotiate,20,0.05,4,43,conflict,R0,1,1,0,1,0,0,1922,35,115.66552499971294,True
negotiate,20,0.05,4,43,conflict,R0,1,1,0,1,0,0,1922,35,94.63060799862433,True
negotiate,20,0.05,4,43,conflict,R0,1,1,0,1,0,0,1922,35,86.53980199960642,True
negotiate,20,0.05,4,43,conflict,R0,1,1,0,1,0,0,1922,35,77.85281300130009,True
negotiate,20,0.05,4,43,conflict,R0,1,1,0,1,0,0,1922,35,97.70814299918129,True
negotiate,20,0.05,4,43,conflict,R0,1,1,0,1,0,0,1922,35,89.6562529997027,True
negotiate,20,0.05,4,43,conflict,R0,1,1,0,1,0,0,1922,35,82.66455099874293,True
negotiate,20,0.05,4,43,conflict,R0,1,1,0,1,0,0,1922,35,82.3530399993615,True
negotiate,20,0.05,4,43,conflict,R0,1,1,0,1,0,0,1922,35,152.14347499932046,True
negotiate,20,0.05,4,43,conflict,R0,1,1,0,1,0,0,1922,35,87.87136299906706,True
negotiate,20,0.05,4,43,conflict,R0,1,1,0,1,0,0,1922,35,233.58260699933453,True
negotiate,20,0.05,4,43,conflict,R0,1,1,0,1,0,0,1922,35,317.30685999900743,True
negotiate,20,0.05,4,43,conflict,R0,1,1,0,1,0,0,1922,35,219.95640600107436,True
negotiate,20,0.05,4,43,conflict,R0,1,1,0,1,0,0,1922,35,268.1200910010375,True
negotiate,20,0.05,4,43,conflict,R0,1,1,0,1,0,0,1922,35,204.56858999932592,True
negotiate,20,0.05,4,43,conflict,R0,1,1,0,1,0,0,1922,35,151.19655599846737,True
negotiate,20,0.05,4,43,conflict,R0,1,1,0,1,0,0,1922,35,156.98102799979097,True
negotiate,20,0.05,4,43,conflict,R0,1,1,0,1,0,0,1922,35,181.0470840009657,True
negotiate,20,0.05,4,43,conflict,R0,1,1,0,1,0,0,1922,35,306.0682010000164,True
negotiate,20,0.05,4,43,conflict,R0,1,1,0,1,0,0,1922,35,106.60943999937444,True
negotiate,20,0.05,4,43,conflict,R0,1,1,0,1,0,0,1922,35,117.36330199892109,True
negotiate,20,0.05,4,43,conflict,R0,1,1,0,1,0,0,1922,35,109.04021599890257,True
negotiate,20,0.05,4,43,conflict,R0,1,1,0,1,0,0,1922,35,300.75570100052573,True
negotiate,20,0.05,4,60,blockage,R1,2,2,0,2,2,0,497,15,41.07980699882319,True
negotiate,20,0.05,4,79,blockage,R1,3,3,0,3,10,0,523,16,34.499606999816024,True
negotiate,20,0.05,5,16,blockage,R1,1,1,0,1,0,0,2834,14,168.72095800135867,True
negotiate,20,0.05,5,19,emergency,R2,2,2,0,2,44,0,1443,30,196.96637600100075,True
negotiate,20,0.05,5,25,blockage,R1,2,2,0,2,2,0,11551,20,538.3409229998506,True
negotiate,20,0.05,5,31,blockage,R1,3,3,0,3,6,0,1420,40,131.1884770002507,True
negotiate,20,0.05,5,33,blockage,R2,1,1,0,1,9,0,3818,19,164.0237840001646,True
negotiate,20,0.05,5,41,emergency,R2,4,5,0,5,92,0,27808,34,881.5641900000628,True
negotiate,20,0.05,5,50,accident,R2,1,1,0,1,15,0,610,14,98.50624399950902,True
negotiate,20,0.05,5,51,conflict,R1,3,3,0,3,3,0,6202,28,334.4645940014743,True
negotiate,20,0.05,5,52,accident,R1,3,3,1,4,0,0,5687,21,212.40465399932873,True
negotiate,20,0.05,5,57,blockage,R1,1,1,0,1,1,0,588,10,38.48077799921157,True
negotiate,20,0.05,5,66,blockage,R1,2,2,0,2,0,0,822,12,49.78873099935299,True
negotiate,20,0.05,5,70,blockage,R1,6,6,0,6,4,0,1569,31,97.74408399971435,True
negotiate,20,0.05,5,87,blockage,R4,3,3,0,3,30,0,3684870,42,179861.62416499975,False
negotiate,20,0.05,5,94,blockage,R1,2,2,0,2,0,0,689,12,55.89562400018622,True
negotiate,20,0.05,5,102,conflict,R1,4,4,0,4,23,0,23081,20,836.7041969995626,True
negotiate,20,0.05,6,3,accident,R2,3,3,0,3,26,0,1431,28,116.01080100081163,True
negotiate,20,0.05,6,4,blockage,R1,1,1,0,1,0,0,955,21,73.37152099898958,True
negotiate,20,0.05,6,7,conflict,R1,2,2,0,2,0,0,3016,21,147.59944299839844,True
negotiate,20,0.05,6,12,blockage,R1,2,2,1,3,3,0,1609,35,94.10748699883698,True
negotiate,20,0.05,6,19,blockage,R1,2,2,0,2,1,0,1203,21,63.02552100169123,True
negotiate,20,0.05,6,26,blockage,R0,1,1,0,1,0,0,836,14,44.48434400001133,True
negotiate,20,0.05,6,30,emergency,R2,1,1,0,1,20,0,1049,16,64.65267400017183,True
negotiate,20,0.05,6,44,emergency,R2,1,1,0,1,67,0,1042,12,63.19714699930046,True
negotiate,20,0.05,6,50,accident,R1,2,2,0,2,0,0,35489,11,1265.9478499990655,True
negotiate,20,0.05,6,54,blockage,R1,2,2,0,2,7,0,19836,23,698.923071999161,True
negotiate,20,0.05,6,69,blockage,R1,5,5,0,5,1,0,3036,39,234.8216760001378,True
negotiate,20,0.05,6,78,blockage,R1,1,1,0,1,1,0,748,16,36.20838599999843,True
negotiate,20,0.05,7,10,emergency,R2,1,1,0,1,48,0,1641,23,89.11779400114028,True
negotiate,20,0.05,7,14,blockage,R1,3,4,0,4,4,0,5342,35,257.20635099969513,True
negotiate,20,0.05,7,17,blockage,R1,3,3,0,3,4,0,3010,37,134.29704200098058,True
negotiate,20,0.05,7,19,emergency,R2,2,2,0,2,30,0,1901,23,103.27882500132546,True
negotiate,20,0.05,7,21,blockage,R1,1,1,0,1,1,0,1396,22,123.25585899998259,True
negotiate,20,0.05,7,23,accident,R2,3,3,0,3,38,0,8344,28,364.0171909992205,True
negotiate,20,0.05,7,41,accident,R1,4,4,0,4,13,0,1825,29,102.35671800001,True
negotiate,20,0.05,7,44,conflict,R1,4,4,0,4,2,0,1820,29,91.16270799859194,True
negotiate,20,0.05,7,44,conflict,R0,1,1,0,1,0,0,1820,29,79.05481500165479,True
negotiate,20,0.05,7,44,conflict,R0,1,1,0,1,0,0,1820,29,92.55893699992157,True
negotiate,20,0.05,7,44,conflict,R0,1,1,0,1,0,0,1820,29,86.67865600000368,True
negotiate,20,0.05,7,44,conflict,R0,1,1,0,1,0,0,1820,29,71.41935400068178,True
negotiate,20,0.05,7,44,conflict,R0,1,1,0,1,0,0,1820,29,82.2682790003455,True
negotiate,20,0.05,7,44,conflict,R0,1,1,0,1,0,0,1820,29,82.27151299979596,True
negotiate,20,0.05,7,44,conflict,R0,1,1,0,1,0,0,1820,29,138.63676599976316,True
negotiate,20,0.05,7,44,conflict,R0,1,1,0,1,0,0,1820,29,84.02933599973039,True
negotiate,20,0.05,7,44,conflict,R0,1,1,0,1,0,0,1820,29,147.86249399912776,True
negotiate,20,0.05,7,44,conflict,R0,1,1,0,1,0,0,1820,29,203.61526799933927,True
negotiate,20,0.05,7,44,conflict,R0,1,1,0,1,0,0,1820,29,223.54960899974685,True
negotiate,20,0.05,7,44,conflict,R0,1,1,0,1,0,0,1820,29,93.53504200043972,True
negotiate,20,0.05,7,44,conflict,R0,1,1,0,1,0,0,1820,29,101.26826000123401,True
negotiate,20,0.05,7,44,conflict,R0,1,1,0,1,0,0,1820,29,92.27840899984585,True
negotiate,20,0.05,7,44,conflict,R0,1,1,0,1,0,0,1820,29,91.74166099910508,True
negotiate,20,0.05,7,44,conflict,R0,1,1,0,1,0,0,1820,29,95.9057660002145,True
negotiate,20,0.05,7,44,conflict,R0,1,1,0,1,0,0,1820,29,125.35518999902706,True
negotiate,20,0.05,7,44,conflict,R0,1,1,0,1,0,0,1820,29,146.71571600047173,True
negotiate,20,0.05,7,44,conflict,R0,1,1,0,1,0,0,1820,29,119.66078999830643,True
negotiate,20,0.05,7,44,conflict,R0,1,1,0,1,0,0,1820,29,105.93383500054188,True
negotiate,20,0.05,7,44,conflict,R0,1,1,0,1,0,0,1820,29,129.82033800108184,True
negotiate,20,0.05,7,44,conflict,R0,1,1,0,1,0,0,1820,29,111.90247200102021,True
negotiate,20,0.05,7,44,conflict,R0,1,1,0,1,0,0,1820,29,117.16962100035744,True
negotiate,20,0.05,7,44,conflict,R0,1,1,0,1,0,0,1820,29,161.94404599991685,True
negotiate,20,0.05,7,44,conflict,R0,1,1,0,1,0,0,1820,29,106.59702600059973,True
negotiate,20,0.05,7,44,conflict,R0,1,1,0,1,0,0,1820,29,150.2870879994589,True
negotiate,20,0.05,7,44,conflict,R0,1,1,0,1,0,0,1820,29,137.2009579990845,True
negotiate,20,0.05,7,44,conflict,R0,1,1,0,1,0,0,1820,29,121.00456199914333,True
negotiate,20,0.05,7,44,conflict,R0,1,1,0,1,0,0,1820,29,106.89636899951438,True
negotiate,20,0.05,7,44,conflict,R0,1,1,0,1,0,0,1820,29,97.07317399988824,True
negotiate,20,0.05,7,44,conflict,R0,1,1,0,1,0,0,1820,29,98.88897700147936,True
negotiate,20,0.05,7,44,conflict,R0,1,1,0,1,0,0,1820,29,139.35110099919257,True
negotiate,20,0.05,7,44,conflict,R0,1,1,0,1,0,0,1820,29,96.40422299889906,True
negotiate,20,0.05,7,44,conflict,R0,1,1,0,1,0,0,1820,29,108.31258300095215,True
negotiate,20,0.05,7,44,conflict,R0,1,1,0,1,0,0,1820,29,102.38028799903987,True
negotiate,20,0.05,7,44,conflict,R0,1,1,0,1,0,0,1820,29,102.72240300037083,True
negotiate,20,0.05,7,44,conflict,R0,1,1,0,1,0,0,1820,29,110.27364000074158,True
negotiate,20,0.05,7,44,conflict,R0,1,1,0,1,0,0,1820,29,104.04453499904776,True
negotiate,20,0.05,7,44,conflict,R0,1,1,0,1,0,0,1820,29,108.34679499930644,True
negotiate,20,0.05,7,44,conflict,R0,1,1,0,1,0,0,1820,29,207.11855300032767,True
negotiate,20,0.05,7,44,conflict,R0,1,1,0,1,0,0,1820,29,119.94603000130155,True
negotiate,20,0.05,7,44,conflict,R0,1,1,0,1,0,0,1820,29,97.42331199959153,True
negotiate,20,0.05,7,44,conflict,R0,1,1,0,1,0,0,1820,29,99.33249399909982,True
negotiate,20,0.05,7,44,conflict,R0,1,1,0,1,0,0,1820,29,109.6397759993124,True
negotiate,20,0.05,7,44,conflict,R0,1,1,0,1,0,0,1820,29,113.4788639992621,True
negotiate,20,0.05,7,44,conflict,R0,1,1,0,1,0,0,1820,29,82.83059499990486,True
negotiate,20,0.05,7,44,conflict,R0,1,1,0,1,0,0,1820,29,79.15402300022834,True
negotiate,20,0.05,7,44,conflict,R0,1,1,0,1,0,0,1820,29,103.64108300018415,True
negotiate,20,0.05,7,44,conflict,R0,1,1,0,1,0,0,1820,29,109.93027499898744,True
negotiate,20,0.05,7,44,conflict,R0,1,1,0,1,0,0,1820,29,105.45377400012512,True
negotiate,20,0.05,7,44,conflict,R0,1,1,0,1,0,0,1820,29,176.01305499920272,True
negotiate,20,0.05,7,44,conflict,R0,1,1,0,1,0,0,1820,29,109.36968500027433,True
negotiate,20,0.05,7,44,conflict,R0,1,1,0,1,0,0,1820,29,187.47679499938386,True
negotiate,20,0.05,7,44,conflict,R0,1,1,0,1,0,0,1820,29,181.7105790014466,True
negotiate,20,0.05,7,44,conflict,R0,1,1,0,1,0,0,1820,29,86.50335300080769,True
negotiate,20,0.05,7,44,conflict,R0,1,1,0,1,0,0,1820,29,91.64954500010936,True
negotiate,20,0.05,7,44,conflict,R0,1,1,0,1,0,0,1820,29,140.27542700023332,True
negotiate,20,0.05,7,44,conflict,R0,1,1,0,1,0,0,1820,29,118.43527399832965,True
negotiate,20,0.05,7,44,conflict,R0,1,1,0,1,0,0,1820,29,95.34974900088855,True
negotiate,20,0.05,7,44,conflict,R0,1,1,0,1,0,0,1820,29,88.94570099982957,True
negotiate,20,0.05,7,44,conflict,R0,1,1,0,1,0,0,1820,29,192.53349599966896,True
negotiate,20,0.05,7,44,conflict,R0,1,1,0,1,0,0,1820,29,111.28440999891609,True
negotiate,20,0.05,7,44,conflict,R0,1,1,0,1,0,0,1820,29,80.47639000142226,True
negotiate,20,0.05,7,44,conflict,R0,1,1,0,1,0,0,1820,29,160.04138499920373,True
negotiate,20,0.05,7,44,conflict,R0,1,1,0,1,0,0,1820,29,86.62552399982815,True
negotiate,20,0.05,7,44,conflict,R0,1,1,0,1,0,0,1820,29,79.90843799962022,True
negotiate,20,0.05,7,44,conflict,R0,1,1,0,1,0,0,1820,29,89.42064099937852,True
negotiate,20,0.05,7,44,conflict,R0,1,1,0,1,0,0,1820,29,266.27884000117774,True
negotiate,20,0.05,7,44,conflict,R0,1,1,0,1,0,0,1820,29,127.10982799944759,True
negotiate,20,0.05,7,44,conflict,R0,1,1,0,1,0,0,1820,29,119.76789099935559,True
negotiate,20,0.05,7,44,conflict,R0,1,1,0,1,0,0,1820,29,121.04488899967691,True
negotiate,20,0.05,7,44,conflict,R0,1,1,0,1,0,0,1820,29,192.82010800088756,True
negotiate,20,0.05,7,44,conflict,R0,1,1,0,1,0,0,1820,29,224.42584399868792,True
negotiate,20,0.05,7,44,conflict,R0,1,1,0,1,0,0,1820,29,145.9153569994669,True
negotiate,20,0.05,7,44,conflict,R0,1,1,0,1,0,0,1820,29,94.30663999955868,True
negotiate,20,0.05,7,44,conflict,R0,1,1,0,1,0,0,1820,29,91.72493799997028,True
negotiate,20,0.05,7,44,conflict,R0,1,1,0,1,0,0,1820,29,95.08823400028632,True
negotiate,20,0.05,7,44,conflict,R0,1,1,0,1,0,0,1820,29,168.02007499973115,True
negotiate,20,0.05,7,44,conflict,R0,1,1,0,1,0,0,1820,29,110.35676199935551,True
negotiate,20,0.05,7,44,conflict,R1,2,2,0,2,0,0,1751,29,115.46912199992221,True
negotiate,20,0.05,7,44,conflict,R0,1,1,0,1,0,0,1751,29,112.11615600041114,True
negotiate,20,0.05,7,44,conflict,R0,1,1,0,1,0,0,1751,29,82.24446799977159,True
negotiate,20,0.05,7,44,conflict,R0,1,1,0,1,0,0,1751,29,84.8645519999991,True
negotiate,20,0.05,7,44,conflict,R0,1,1,0,1,0,0,1751,29,93.03384299892059,True
negotiate,20,0.05,7,44,conflict,R0,1,1,0,1,0,0,1751,29,95.52488200097287,True
negotiate,20,0.05,7,44,conflict,R0,1,1,0,1,0,0,1751,29,89.64246200048365,True
negotiate,20,0.05,7,44,conflict,R0,1,1,0,1,0,0,1751,29,90.31260299889254,True
negotiate,20,0.05,7,44,conflict,R0,1,1,0,1,0,0,1751,29,111.37772100119037,True
negotiate,20,0.05,7,44,conflict,R0,1,1,0,1,0,0,1751,29,112.64412600030482,True
negotiate,20,0.05,7,44,conflict,R0,1,1,0,1,0,0,1751,29,75.03618199916673,True
negotiate,20,0.05,7,44,conflict,R0,1,1,0,1,0,0,1751,29,65.41137499880278,True
negotiate,20,0.05,7,44,conflict,R0,1,1,0,1,0,0,1751,29,63.222896000297624,True
negotiate,20,0.05,7,44,conflict,R0,1,1,0,1,0,0,1751,29,87.2405339996476,True
negotiate,20,0.05,7,44,conflict,R0,1,1,0,1,0,0,1751,29,75.23010399927443,True
negotiate,20,0.05,7,44,conflict,R0,1,1,0,1,0,0,1751,29,70.9354290011106,True
negotiate,20,0.05,7,44,conflict,R0,1,1,0,1,0,0,1751,29,68.8761909987079,True
negotiate,20,0.05,7,44,conflict,R0,1,1,0,1,0,0,1751,29,67.5449500013201,True
negotiate,20,0.05,7,44,conflict,R0,1,1,0,1,0,0,1751,29,110.8571659988229,True
negotiate,20,0.05,7,44,conflict,R0,1,1,0,1,0,0,1751,29,134.3632339994656,True
negotiate,20,0.05,7,44,conflict,R0,1,1,0,1,0,0,1751,29,193.6599849996128,True
negotiate,20,0.05,7,44,conflict,R0,1,1,0,1,0,0,1751,29,287.0466740005213,True
negotiate,20,0.05,7,44,conflict,R0,1,1,0,1,0,0,1751,29,86.57439699891256,True
negotiate,20,0.05,7,44,conflict,R0,1,1,0,1,0,0,1751,29,122.17183499888051,True
negotiate,20,0.05,7,44,conflict,R0,1,1,0,1,0,0,1751,29,171.70220200023323,True
negotiate,20,0.05,7,44,conflict,R0,1,1,0,1,0,0,1751,29,142.22520899966185,True
negotiate,20,0.05,7,44,conflict,R0,1,1,0,1,0,0,1751,29,64.52039899886586,True
negotiate,20,0.05,7,44,conflict,R0,1,1,0,1,0,0,1751,29,83.37872800075274,True
negotiate,20,0.05,7,44,conflict,R0,1,1,0,1,0,0,1751,29,159.4104960004188,True
negotiate,20,0.05,7,44,conflict,R0,1,1,0,1,0,0,1751,29,193.34098000035738,True
negotiate,20,0.05,7,44,conflict,R0,1,1,0,1,0,0,1751,29,73.89831799991953,True
negotiate,20,0.05,7,44,conflict,R0,1,1,0,1,0,0,1751,29,73.08529199872282,True
negotiate,20,0.05,7,44,conflict,R0,1,1,0,1,0,0,1751,29,78.58003100045607,True
negotiate,20,0.05,7,44,conflict,R0,1,1,0,1,0,0,1751,29,75.84752000002482,True
negotiate,20,0.05,7,44,conflict,R0,1,1,0,1,0,0,1751,29,73.29478500105324,True
negotiate,20,0.05,7,44,conflict,R0,1,1,0,1,0,0,1751,29,75.72202600022138,True
negotiate,20,0.05,7,44,conflict,R0,1,1,0,1,0,0,1751,29,64.88996999905794,True
negotiate,20,0.05,7,44,conflict,R0,1,1,0,1,0,0,1751,29,64.51473699962662,True
negotiate,20,0.05,7,44,conflict,R0,1,1,0,1,0,0,1751,29,115.12650599979679,True
negotiate,20,0.05,7,44,conflict,R0,1,1,0,1,0,0,1751,29,57.91550200046913,True
negotiate,20,0.05,7,44,conflict,R0,1,1,0,1,0,0,1751,29,60.36523500006297,True
negotiate,20,0.05,7,44,conflict,R0,1,1,0,1,0,0,1751,29,58.106141001189826,True
negotiate,20,0.05,7,44,conflict,R0,1,1,0,1,0,0,1751,29,69.18072900043626,True
negotiate,20,0.05,7,44,conflict,R0,1,1,0,1,0,0,1751,29,77.37988600092649,True
negotiate,20,0.05,7,44,conflict,R0,1,1,0,1,0,0,1751,29,64.37949500104878,True
negotiate,20,0.05,7,44,conflict,R0,1,1,0,1,0,0,1751,29,58.750751999468775,True
negotiate,20,0.05,7,44,conflict,R0,1,1,0,1,0,0,1751,29,74.81894699958502,True
negotiate,20,0.05,7,44,conflict,R0,1,1,0,1,0,0,1751,29,102.91378299916687,True
negotiate,20,0.05,7,44,conflict,R0,1,1,0,1,0,0,1751,29,139.4927399996959,True
negotiate,20,0.05,7,44,conflict,R0,1,1,0,1,0,0,1751,29,95.89604200118629,True
negotiate,20,0.05,7,44,conflict,R0,1,1,0,1,0,0,1751,29,304.7006599990709,True
negotiate,20,0.05,7,44,conflict,R0,1,1,0,1,0,0,1751,29,219.16884900019795,True
negotiate,20,0.05,7,44,conflict,R0,1,1,0,1,0,0,1751,29,144.98064100007468,True
negotiate,20,0.05,7,44,conflict,R0,1,1,0,1,0,0,1751,29,166.8881199984753,True
negotiate,20,0.05,7,44,conflict,R0,1,1,0,1,0,0,1751,29,136.44977299918537,True
negotiate,20,0.05,7,44,conflict,R0,1,1,0,1,0,0,1751,29,150.35481799895933,True
negotiate,20,0.05,7,44,conflict,R0,1,1,0,1,0,0,1751,29,143.21882299918798,True
negotiate,20,0.05,7,44,conflict,R0,1,1,0,1,0,0,1751,29,120.34029899950838,True
negotiate,20,0.05,7,44,conflict,R0,1,1,0,1,0,0,1751,29,70.3700439989916,True
negotiate,20,0.05,7,44,conflict,R0,1,1,0,1,0,0,1751,29,121.96470799972303,True
negotiate,20,0.05,7,44,conflict,R0,1,1,0,1,0,0,1751,29,66.7901710003207,True
negotiate,20,0.05,7,44,conflict,R0,1,1,0,1,0,0,1751,29,66.36217499908525,True
negotiate,20,0.05,7,44,conflict,R0,1,1,0,1,0,0,1751,29,72.05875900035608,True
negotiate,20,0.05,7,44,conflict,R0,1,1,0,1,0,0,1751,29,124.92765099887038,True
negotiate,20,0.05,7,44,conflict,R0,1,1,0,1,0,0,1751,29,122.61604400009674,True
negotiate,20,0.05,7,44,conflict,R0,1,1,0,1,0,0,1751,29,94.25891899991257,True
negotiate,20,0.05,7,44,conflict,R0,1,1,0,1,0,0,1751,29,96.78123500088986,True
negotiate,20,0.05,7,44,conflict,R0,1,1,0,1,0,0,1751,29,104.3889409993426,True
negotiate,20,0.05,7,44,conflict,R0,1,1,0,1,0,0,1751,29,104.64676199990208,True
negotiate,20,0.05,7,44,conflict,R0,1,1,0,1,0,0,1751,29,108.33838100006687,True
negotiate,20,0.05,7,44,conflict,R0,1,1,0,1,0,0,1751,29,164.23737199875177,True
negotiate,20,0.05,7,44,conflict,R0,1,1,0,1,0,0,1751,29,129.32805100172118,True
negotiate,20,0.05,7,44,conflict,R0,1,1,0,1,0,0,1751,29,147.95290599977307,True
negotiate,20,0.05,7,44,conflict,R0,1,1,0,1,0,0,1751,29,151.90381499996874,True
negotiate,20,0.05,7,44,conflict,R0,1,1,0,1,0,0,1751,29,108.95960099878721,True
negotiate,20,0.05,7,44,conflict,R0,1,1,0,1,0,0,1751,29,104.08104699854448,True
negotiate,20,0.05,7,44,conflict,R0,1,1,0,1,0,0,1751,29,110.08779100120591,True
negotiate,20,0.05,7,44,conflict,R0,1,1,0,1,0,0,1751,29,206.3050300002942,True
negotiate,20,0.05,7,44,conflict,R0,1,1,0,1,0,0,1751,29,146.88656900034402,True
negotiate,20,0.05,7,44,conflict,R0,1,1,0,1,0,0,1751,29,96.0233400001016,True
negotiate,20,0.05,7,44,conflict,R1,3,4,0,4,0,0,1693,29,137.19301399942196,True
negotiate,20,0.05,7,44,conflict,R0,1,1,0,1,0,0,1709,29,90.8171549999679,True
negotiate,20,0.05,7,44,conflict,R0,1,1,0,1,0,0,1709,29,208.3284519994777,True
negotiate,20,0.05,7,44,conflict,R0,1,1,0,1,0,0,1709,29,92.6892190000217,True
negotiate,20,0.05,7,44,conflict,R0,1,1,0,1,0,0,1709,29,103.87026599892124,True
negotiate,20,0.05,7,44,conflict,R0,1,1,0,1,0,0,1709,29,117.31889099974069,True
negotiate,20,0.05,7,44,conflict,R0,1,1,0,1,0,0,1709,29,91.49001399964618,True
negotiate,20,0.05,7,44,conflict,R0,1,1,0,1,0,0,1709,29,96.83116799897107,True
negotiate,20,0.05,7,44,conflict,R0,1,1,0,1,0,0,1709,29,99.44863099917711,True
negotiate,20,0.05,7,44,conflict,R0,1,1,0,1,0,0,1709,29,204.04418900034216,True
negotiate,20,0.05,7,44,conflict,R0,1,1,0,1,0,0,1709,29,152.6392570012831,True
negotiate,20,0.05,7,44,conflict,R0,1,1,0,1,0,0,1709,29,89.93632599958801,True
negotiate,20,0.05,7,44,conflict,R0,1,1,0,1,0,0,1709,29,114.95865100005176,True
negotiate,20,0.05,7,44,conflict,R0,1,1,0,1,0,0,1709,29,109.17681799946877,True
negotiate,20,0.05,7,44,conflict,R0,1,1,0,1,0,0,1709,29,105.75204100132396,True
negotiate,20,0.05,7,44,conflict,R0,1,1,0,1,0,0,1709,29,103.85768499872938,True
negotiate,20,0.05,7,44,conflict,R0,1,1,0,1,0,0,1709,29,103.01849999996193,True
negotiate,20,0.05,7,44,conflict,R0,1,1,0,1,0,0,1709,29,98.01242300090962,True
negotiate,20,0.05,7,44,conflict,R0,1,1,0,1,0,0,1709,29,85.99818500078982,True
negotiate,20,0.05,7,44,conflict,R0,1,1,0,1,0,0,1709,29,153.74240699929942,True
negotiate,20,0.05,7,44,conflict,R0,1,1,0,1,0,0,1709,29,163.83723900071345,True
negotiate,20,0.05,7,44,conflict,R0,1,1,0,1,0,0,1709,29,90.14679999927466,True
negotiate,20,0.05,7,44,conflict,R0,1,1,0,1,0,0,1709,29,104.06761900048878,True
negotiate,20,0.05,7,44,conflict,R0,1,1,0,1,0,0,1709,29,101.1992880012258,True
negotiate,20,0.05,7,44,conflict,R0,1,1,0,1,0,0,1709,29,107.06692899839254,True
negotiate,20,0.05,7,44,conflict,R0,1,1,0,1,0,0,1709,29,191.63857200146595,True
negotiate,20,0.05,7,44,conflict,R0,1,1,0,1,0,0,1709,29,114.79076400064514,True
negotiate,20,0.05,7,44,conflict,R0,1,1,0,1,0,0,1709,29,268.4504150001885,True
negotiate,20,0.05,7,44,conflict,R0,1,1,0,1,0,0,1709,29,392.7947279989894,True
negotiate,20,0.05,7,44,conflict,R0,1,1,0,1,0,0,1709,29,204.21842600080709,True
negotiate,20,0.05,7,44,conflict,R0,1,1,0,1,0,0,1709,29,128.59265400038566,True
negotiate,20,0.05,7,44,conflict,R0,1,1,0,1,0,0,1709,29,162.40655899855483,True
negotiate,20,0.05,7,44,conflict,R0,1,1,0,1,0,0,1709,29,83.87141999992309,True
negotiate,20,0.05,7,44,conflict,R0,1,1,0,1,0,0,1709,29,82.40540800034069,True
negotiate,20,0.05,7,44,conflict,R0,1,1,0,1,0,0,1709,29,208.63694400031818,True
negotiate,20,0.05,7,44,conflict,R0,1,1,0,1,0,0,1709,29,271.87870899979316,True
negotiate,20,0.05,7,44,conflict,R0,1,1,0,1,0,0,1709,29,336.90463499988255,True
negotiate,20,0.05,7,44,conflict,R0,1,1,0,1,0,0,1709,29,215.90744099921721,True
negotiate,20,0.05,7,44,conflict,R0,1,1,0,1,0,0,1709,29,211.87737400032347,True
negotiate,20,0.05,7,44,conflict,R0,1,1,0,1,0,0,1709,29,121.15773999903467,True
negotiate,20,0.05,7,44,conflict,R0,1,1,0,1,0,0,1709,29,108.88526300004742,True
negotiate,20,0.05,7,44,conflict,R0,1,1,0,1,0,0,1709,29,109.10621099901618,True
negotiate,20,0.05,7,44,conflict,R0,1,1,0,1,0,0,1709,29,108.33271099909325,True
negotiate,20,0.05,7,44,conflict,R0,1,1,0,1,0,0,1709,29,158.16880600141303,True
negotiate,20,0.05,7,44,conflict,R0,1,1,0,1,0,0,1709,29,248.7243710002076,True
negotiate,20,0.05,7,44,conflict,R0,1,1,0,1,0,0,1709,29,193.47731600100815,True
negotiate,20,0.05,7,44,conflict,R0,1,1,0,1,0,0,1709,29,218.12511600001017,True
negotiate,20,0.05,7,44,conflict,R0,1,1,0,1,0,0,1709,29,241.62306700054614,True
negotiate,20,0.05,7,44,conflict,R0,1,1,0,1,0,0,1709,29,217.7923710005416,True
negotiate,20,0.05,7,44,conflict,R0,1,1,0,1,0,0,1709,29,357.3230649999459,True
negotiate,20,0.05,7,44,conflict,R0,1,1,0,1,0,0,1709,29,185.8510779984499,True
negotiate,20,0.05,7,44,conflict,R0,1,1,0,1,0,0,1709,29,77.66650199846481,True
negotiate,20,0.05,7,44,conflict,R0,1,1,0,1,0,0,1709,29,181.29820200010727,True
negotiate,20,0.05,7,44,conflict,R0,1,1,0,1,0,0,1709,29,94.96844500063162,True
negotiate,20,0.05,7,44,conflict,R0,1,1,0,1,0,0,1709,29,70.50950099983311,True
negotiate,20,0.05,7,44,conflict,R0,1,1,0,1,0,0,1709,29,113.98647800160688,True
negotiate,20,0.05,7,44,conflict,R0,1,1,0,1,0,0,1709,29,107.38177599887422,True
negotiate,20,0.05,7,44,conflict,R0,1,1,0,1,0,0,1709,29,85.0559569989855,True
negotiate,20,0.05,7,44,conflict,R0,1,1,0,1,0,0,1709,29,155.78079000079015,True
negotiate,20,0.05,7,44,conflict,R0,1,1,0,1,0,0,1709,29,91.80114999981015,True
negotiate,20,0.05,7,44,conflict,R0,1,1,0,1,0,0,1709,29,135.93672699971648,True
negotiate,20,0.05,7,44,conflict,R0,1,1,0,1,0,0,1709,29,89.09594000033394,True
negotiate,20,0.05,7,44,conflict,R0,1,1,0,1,0,0,1709,29,93.25837500000489,True
negotiate,20,0.05,7,44,conflict,R0,1,1,0,1,0,0,1709,29,89.89051500066125,True
negotiate,20,0.05,7,44,conflict,R0,1,1,0,1,0,0,1709,29,91.90787999978056,True
negotiate,20,0.05,7,44,conflict,R0,1,1,0,1,0,0,1709,29,85.52887200130499,True
negotiate,20,0.05,7,44,conflict,R0,1,1,0,1,0,0,1709,29,76.4856530004181,True
negotiate,20,0.05,7,44,conflict,R0,1,1,0,1,0,0,1709,29,76.88897099978931,True
negotiate,20,0.05,7,44,conflict,R0,1,1,0,1,0,0,1709,29,72.40140999965661,True
negotiate,20,0.05,7,44,conflict,R0,1,1,0,1,0,0,1709,29,65.54381599926273,True
negotiate,20,0.05,7,44,conflict,R0,1,1,0,1,0,0,1709,29,70.41679400026624,True
negotiate,20,0.05,7,44,conflict,R0,1,1,0,1,0,0,1709,29,74.27504000042973,True
negotiate,20,0.05,7,44,conflict,R0,1,1,0,1,0,0,1709,29,262.4026129997219,True
negotiate,20,0.05,7,44,conflict,R0,1,1,0,1,0,0,1709,29,73.07222499912314,True
negotiate,20,0.05,7,44,conflict,R0,1,1,0,1,0,0,1709,29,87.40609999949811,True
negotiate,20,0.05,7,44,conflict,R0,1,1,0,1,0,0,1709,29,89.30965199942875,True
negotiate,20,0.05,7,44,conflict,R0,1,1,0,1,0,0,1709,29,133.1836339995789,True
negotiate,20,0.05,7,44,conflict,R0,1,1,0,1,0,0,1709,29,132.6070899995102,True
negotiate,20,0.05,7,44,conflict,R0,1,1,0,1,0,0,1709,29,83.69048000167822,True
negotiate,20,0.05,7,44,conflict,R0,1,1,0,1,0,0,1709,29,77.81238200004736,True
negotiate,20,0.05,7,44,conflict,R0,1,1,0,1,0,0,1716,29,87.2107520008285,True
negotiate,20,0.05,7,44,conflict,R0,1,1,0,1,0,0,1716,29,89.79324199935945,True
negotiate,20,0.05,7,44,conflict,R0,1,1,0,1,0,0,1716,29,88.7237520000781,True
negotiate,20,0.05,7,44,conflict,R0,1,1,0,1,0,0,1716,29,88.98935400065966,True
negotiate,20,0.05,7,44,conflict,R0,1,1,0,1,0,0,1716,29,84.36526599871286,True
negotiate,20,0.05,7,44,conflict,R0,1,1,0,1,0,0,1716,29,67.62662699838984,True
negotiate,20,0.05,7,44,conflict,R0,1,1,0,1,0,0,1716,29,73.12361900039832,True
negotiate,20,0.05,7,44,conflict,R0,1,1,0,1,0,0,1716,29,80.538123000224,True
negotiate,20,0.05,7,44,conflict,R0,1,1,0,1,0,0,1716,29,133.98806000077457,True
negotiate,20,0.05,7,44,conflict,R0,1,1,0,1,0,0,1716,29,82.98663499954273,True
negotiate,20,0.05,7,44,conflict,R0,1,1,0,1,0,0,1716,29,75.43962199997623,True
negotiate,20,0.05,7,44,conflict,R0,1,1,0,1,0,0,1716,29,72.38039799995022,True
negotiate,20,0.05,7,44,conflict,R0,1,1,0,1,0,0,1716,29,75.75028500104963,True
negotiate,20,0.05,7,44,conflict,R0,1,1,0,1,0,0,1716,29,128.49189400003524,True
negotiate,20,0.05,7,44,conflict,R0,1,1,0,1,0,0,1716,29,150.4343369997514,True
negotiate,20,0.05,7,44,conflict,R0,1,1,0,1,0,0,1716,29,172.86152400083665,True
negotiate,20,0.05,7,44,conflict,R0,1,1,0,1,0,0,1716,29,178.14371100030257,True
negotiate,20,0.05,7,44,conflict,R0,1,1,0,1,0,0,1716,29,195.41277899952547,True
negotiate,20,0.05,7,44,conflict,R0,1,1,0,1,0,0,1716,29,108.03099000077054,True
negotiate,20,0.05,7,44,conflict,R0,1,1,0,1,0,0,1716,29,88.1401080005162,True
negotiate,20,0.05,7,44,conflict,R0,1,1,0,1,0,0,1716,29,96.0130699986621,True
negotiate,20,0.05,7,44,conflict,R0,1,1,0,1,0,0,1716,29,72.68315799956326,True
negotiate,20,0.05,7,44,conflict,R0,1,1,0,1,0,0,1716,29,332.8455289993144,True
negotiate,20,0.05,7,44,conflict,R0,1,1,0,1,0,0,1716,29,144.87117300086538,True
negotiate,20,0.05,7,44,conflict,R0,1,1,0,1,0,0,1716,29,184.59638800050016,True
negotiate,20,0.05,7,44,conflict,R0,1,1,0,1,0,0,1716,29,127.20212800013542,True
negotiate,20,0.05,7,44,conflict,R0,1,1,0,1,0,0,1716,29,142.06038599877502,True
negotiate,20,0.05,7,44,conflict,R0,1,1,0,1,0,0,1716,29,214.5352229999844,True
negotiate,20,0.05,7,44,conflict,R0,1,1,0,1,0,0,1716,29,68.74827700085007,True
negotiate,20,0.05,7,44,conflict,R0,1,1,0,1,0,0,1716,29,69.62618400029896,True
negotiate,20,0.05,7,44,conflict,R0,1,1,0,1,0,0,1716,29,212.5128229999973,True
negotiate,20,0.05,7,44,conflict,R0,1,1,0,1,0,0,1716,29,89.46362899951055,True
negotiate,20,0.05,7,44,conflict,R0,1,1,0,1,0,0,1716,29,89.19124900057795,True
negotiate,20,0.05,7,44,conflict,R0,1,1,0,1,0,0,1716,29,71.89931900029478,True
negotiate,20,0.05,7,44,conflict,R0,1,1,0,1,0,0,1716,29,75.45368800128927,True
negotiate,20,0.05,7,44,conflict,R0,1,1,0,1,0,0,1716,29,58.861745999820414,True
negotiate,20,0.05,7,44,conflict,R0,1,1,0,1,0,0,1716,29,52.582682999855024,True
negotiate,20,0.05,7,44,conflict,R0,1,1,0,1,0,0,1716,29,68.33114700020815,True
negotiate,20,0.05,7,44,conflict,R0,1,1,0,1,0,0,1716,29,82.86786099961319,True
negotiate,20,0.05,7,44,conflict,R0,1,1,0,1,0,0,1716,29,67.39059100073064,True
negotiate,20,0.05,7,44,conflict,R0,1,1,0,1,0,0,1716,29,138.3186589991965,True
negotiate,20,0.05,7,44,conflict,R0,1,1,0,1,0,0,1716,29,83.80770899930212,True
negotiate,20,0.05,7,44,conflict,R0,1,1,0,1,0,0,1716,29,69.0266759993392,True
negotiate,20,0.05,7,44,conflict,R0,1,1,0,1,0,0,1716,29,66.25831900055346,True
negotiate,20,0.05,7,44,conflict,R0,1,1,0,1,0,0,1716,29,114.62815000049886,True
negotiate,20,0.05,7,44,conflict,R0,1,1,0,1,0,0,1716,29,63.68416699842783,True
negotiate,20,0.05,7,44,conflict,R0,1,1,0,1,0,0,1716,29,63.37837700084492,True
negotiate,20,0.05,7,44,conflict,R0,1,1,0,1,0,0,1716,29,64.41693099986878,True
negotiate,20,0.05,7,44,conflict,R0,1,1,0,1,0,0,1716,29,67.26553200132912,True
negotiate,20,0.05,7,44,conflict,R0,1,1,0,1,0,0,1716,29,69.45737800015195,True
negotiate,20,0.05,7,44,conflict,R0,1,1,0,1,0,0,1716,29,106.96837000068626,True
negotiate,20,0.05,7,44,conflict,R0,1,1,0,1,0,0,1716,29,81.43301099880773,True
negotiate,20,0.05,7,44,conflict,R0,1,1,0,1,0,0,1716,29,74.05539700084773,True
negotiate,20,0.05,7,44,conflict,R0,1,1,0,1,0,0,1716,29,57.82559999897785,True
negotiate,20,0.05,7,44,conflict,R0,1,1,0,1,0,0,1716,29,73.94154699977662,True
negotiate,20,0.05,7,44,conflict,R0,1,1,0,1,0,0,1716,29,84.44144699933531,True
negotiate,20,0.05,7,44,conflict,R0,1,1,0,1,0,0,1716,29,112.55207800058997,True
negotiate,20,0.05,7,44,conflict,R0,1,1,0,1,0,0,1716,29,87.13464799984649,True
negotiate,20,0.05,7,44,conflict,R0,1,1,0,1,0,0,1716,29,84.41918400058057,True
negotiate,20,0.05,7,44,conflict,R0,1,1,0,1,0,0,1716,29,116.97728600120172,True
negotiate,20,0.05,7,44,conflict,R0,1,1,0,1,0,0,1716,29,173.3615129996906,True
negotiate,20,0.05,7,44,conflict,R0,1,1,0,1,0,0,1716,29,84.29815599993162,True
negotiate,20,0.05,7,44,conflict,R0,1,1,0,1,0,0,1716,29,88.23869600018952,True
negotiate,20,0.05,7,44,conflict,R0,1,1,0,1,0,0,1716,29,88.60352800002147,True
negotiate,20,0.05,7,44,conflict,R0,1,1,0,1,0,0,1716,29,77.22706599997764,True
negotiate,20,0.05,7,44,conflict,R0,1,1,0,1,0,0,1716,29,100.65692300122464,True
negotiate,20,0.05,7,44,conflict,R0,1,1,0,1,0,0,1716,29,95.85852900090686,True
negotiate,20,0.05,7,44,conflict,R0,1,1,0,1,0,0,1716,29,95.61361099986243,True
negotiate,20,0.05,7,44,conflict,R0,1,1,0,1,0,0,1716,29,86.00319800098077,True
negotiate,20,0.05,7,44,conflict,R0,1,1,0,1,0,0,1716,29,105.6120249995729,True
negotiate,20,0.05,7,44,conflict,R0,1,1,0,1,0,0,1716,29,119.70246599958045,True
negotiate,20,0.05,7,44,conflict,R0,1,1,0,1,0,0,1716,29,71.07915300002787,True
negotiate,20,0.05,7,44,conflict,R0,1,1,0,1,0,0,1716,29,78.72580200091761,True
negotiate,20,0.05,7,44,conflict,R0,1,1,0,1,0,0,1716,29,72.30945299852465,True
negotiate,20,0.05,7,44,conflict,R0,1,1,0,1,0,0,1716,29,86.40577099868096,True
negotiate,20,0.05,7,44,conflict,R0,1,1,0,1,0,0,1716,29,130.25880999884976,True
negotiate,20,0.05,7,44,conflict,R0,1,1,0,1,0,0,1716,29,71.55701200099429,True
negotiate,20,0.05,7,44,conflict,R0,1,1,0,1,0,0,1716,29,102.20500900140905,True
negotiate,20,0.05,7,44,conflict,R0,1,1,0,1,0,0,1716,29,72.85128300100041,True
negotiate,20,0.05,7,44,conflict,R0,1,1,0,1,0,0,1716,29,74.37681299961696,True
negotiate,20,0.05,7,44,conflict,R0,1,1,0,1,0,0,1716,29,76.61643400024332,True
negotiate,20,0.05,7,44,conflict,R0,1,1,0,1,0,0,1716,29,94.64091900008498,True
negotiate,20,0.05,7,44,conflict,R0,1,1,0,1,0,0,1716,29,78.8420019998739,True
negotiate,20,0.05,7,44,conflict,R0,1,1,0,1,0,0,1716,29,71.59694799884164,True
negotiate,20,0.05,7,44,conflict,R0,1,1,0,1,0,0,1716,29,79.23051099896838,True
negotiate,20,0.05,7,44,conflict,R0,1,1,0,1,0,0,1716,29,138.1914539997524,True
negotiate,20,0.05,7,44,conflict,R0,1,1,0,1,0,0,1716,29,72.75318899883132,True
negotiate,20,0.05,7,44,conflict,R0,1,1,0,1,0,0,1716,29,94.33922999960487,True
negotiate,20,0.05,7,44,conflict,R0,1,1,0,1,0,0,1716,29,94.88566899926809,True
negotiate,20,0.05,7,44,conflict,R0,1,1,0,1,0,0,1716,29,161.78837599909457,True
negotiate,20,0.05,7,44,conflict,R0,1,1,0,1,0,0,1716,29,71.14965799883066,True
negotiate,20,0.05,7,44,conflict,R0,1,1,0,1,0,0,1716,29,69.68886499998916,True
negotiate,20,0.05,7,44,conflict,R0,1,1,0,1,0,0,1716,29,81.12980400073866,True
negotiate,20,0.05,7,44,conflict,R0,1,1,0,1,0,0,1716,29,138.29284499843197,True
negotiate,20,0.05,7,44,conflict,R0,1,1,0,1,0,0,1716,29,91.64416700150468,True
negotiate,20,0.05,7,44,conflict,R0,1,1,0,1,0,0,1716,29,59.259715000735014,True
negotiate,20,0.05,7,44,conflict,R0,1,1,0,1,0,0,1716,29,57.077972998740734,True
negotiate,20,0.05,7,44,conflict,R0,1,1,0,1,0,0,1716,29,56.870690001233015,True
negotiate,20,0.05,7,44,conflict,R0,1,1,0,1,0,0,1716,29,88.83670800059917,True
negotiate,20,0.05,7,44,conflict,R0,1,1,0,1,0,0,1716,29,59.0679180004372,True
negotiate,20,0.05,7,44,conflict,R0,1,1,0,1,0,0,1716,29,58.5547589998896,True
negotiate,20,0.05,7,44,conflict,R0,1,1,0,1,0,0,1716,29,57.18492500091088,True
negotiate,20,0.05,7,44,conflict,R0,1,1,0,1,0,0,1716,29,56.46108599830768,True
negotiate,20,0.05,7,44,conflict,R0,1,1,0,1,0,0,1716,29,57.6767149996158,True
negotiate,20,0.05,7,44,conflict,R0,1,1,0,1,0,0,1716,29,66.71709500005818,True
negotiate,20,0.05,7,44,conflict,R0,1,1,0,1,0,0,1716,29,78.57633599996916,True
negotiate,20,0.05,7,44,conflict,R0,1,1,0,1,0,0,1716,29,78.99266499953228,True
negotiate,20,0.05,7,44,conflict,R0,1,1,0,1,0,0,1716,29,90.53207699980703,True
negotiate,20,0.05,7,44,conflict,R0,1,1,0,1,0,0,1716,29,86.82778299953497,True
negotiate,20,0.05,7,44,conflict,R0,1,1,0,1,0,0,1716,29,62.842137998813996,True
negotiate,20,0.05,7,44,conflict,R0,1,1,0,1,0,0,1716,29,57.51816299925849,True
negotiate,20,0.05,7,44,conflict,R0,1,1,0,1,0,0,1716,29,338.9279279999755,True
negotiate,20,0.05,7,44,conflict,R0,1,1,0,1,0,0,1716,29,118.18195500018192,True
negotiate,20,0.05,7,44,conflict,R0,1,1,0,1,0,0,1716,29,81.75106499948015,True
negotiate,20,0.05,7,44,conflict,R0,1,1,0,1,0,0,1716,29,73.92706700011331,True
negotiate,20,0.05,7,44,conflict,R0,1,1,0,1,0,0,1716,29,110.24379199989198,True
negotiate,20,0.05,7,44,conflict,R0,1,1,0,1,0,0,1716,29,75.21011999961047,True
negotiate,20,0.05,7,44,conflict,R0,1,1,0,1,0,0,1716,29,65.72037800106045,True
negotiate,20,0.05,7,44,conflict,R0,1,1,0,1,0,0,1716,29,68.18653399932373,True
negotiate,20,0.05,7,44,conflict,R0,1,1,0,1,0,0,1716,29,64.87937099882402,True
negotiate,20,0.05,7,44,conflict,R0,1,1,0,1,0,0,1716,29,63.414272999580135,True
negotiate,20,0.05,7,44,conflict,R0,1,1,0,1,0,0,1716,29,68.99804400018184,True
negotiate,20,0.05,7,44,conflict,R0,1,1,0,1,0,0,1716,29,92.1984060005343,True
negotiate,20,0.05,7,44,conflict,R0,1,1,0,1,0,0,1716,29,82.19586099949083,True
negotiate,20,0.05,7,44,conflict,R0,1,1,0,1,0,0,1716,29,68.19733100019221,True
negotiate,20,0.05,7,44,conflict,R0,1,1,0,1,0,0,1716,29,69.39012499969976,True
negotiate,20,0.05,7,44,conflict,R0,1,1,0,1,0,0,1716,29,67.1714919990336,True
negotiate,20,0.05,7,44,conflict,R0,1,1,0,1,0,0,1716,29,69.71735000115586,True
negotiate,20,0.05,7,44,conflict,R0,1,1,0,1,0,0,1716,29,84.57972499854804,True
negotiate,20,0.05,7,44,conflict,R0,1,1,0,1,0,0,1716,29,67.19742799941741,True
negotiate,20,0.05,7,44,conflict,R0,1,1,0,1,0,0,1716,29,67.86839499909547,True
negotiate,20,0.05,7,44,conflict,R0,1,1,0,1,0,0,1716,29,122.61949999992794,True
negotiate,20,0.05,7,44,conflict,R0,1,1,0,1,0,0,1716,29,67.40622700090171,True
negotiate,20,0.05,7,44,conflict,R0,1,1,0,1,0,0,1716,29,91.62363700124843,True
negotiate,20,0.05,7,44,conflict,R0,1,1,0,1,0,0,1716,29,182.33921600040048,True
negotiate,20,0.05,7,44,conflict,R0,1,1,0,1,0,0,1716,29,152.51421599896275,True
negotiate,20,0.05,7,44,conflict,R0,1,1,0,1,0,0,1716,29,142.5544350004202,True
negotiate,20,0.05,7,44,conflict,R0,1,1,0,1,0,0,1716,29,140.49188799981494,True
negotiate,20,0.05,7,44,conflict,R0,1,1,0,1,0,0,1716,29,157.04852400085656,True
negotiate,20,0.05,7,44,conflict,R0,1,1,0,1,0,0,1716,29,191.49800000013784,True
negotiate,20,0.05,7,44,conflict,R0,1,1,0,1,0,0,1716,29,128.62524000047415,True
negotiate,20,0.05,7,44,conflict,R0,1,1,0,1,0,0,1716,29,134.62534799873538,True
negotiate,20,0.05,7,44,conflict,R0,1,1,0,1,0,0,1716,29,143.16913999937242,True
negotiate,20,0.05,7,44,conflict,R0,1,1,0,1,0,0,1716,29,104.9148759993841,True
negotiate,20,0.05,7,44,conflict,R0,1,1,0,1,0,0,1716,29,130.20863099882263,True
negotiate,20,0.05,7,44,conflict,R0,1,1,0,1,0,0,1716,29,65.2335779996065,True
negotiate,20,0.05,7,44,conflict,R0,1,1,0,1,0,0,1716,29,61.09642800038273,True
negotiate,20,0.05,7,44,conflict,R0,1,1,0,1,0,0,1716,29,65.60339300085616,True
negotiate,20,0.05,7,44,conflict,R0,1,1,0,1,0,0,1716,29,87.63118800015945,True
negotiate,20,0.05,7,44,conflict,R0,1,1,0,1,0,0,1716,29,57.117340998956934,True
negotiate,20,0.05,7,44,conflict,R0,1,1,0,1,0,0,1716,29,57.12885299908521,True
negotiate,20,0.05,7,44,conflict,R0,1,1,0,1,0,0,1716,29,64.1762800005381,True
negotiate,20,0.05,7,44,conflict,R0,1,1,0,1,0,0,1716,29,95.57177199894795,True
negotiate,20,0.05,7,44,conflict,R0,1,1,0,1,0,0,1716,29,77.32439299979887,True
negotiate,20,0.05,7,44,conflict,R0,1,1,0,1,0,0,1716,29,80.21576099963568,True
negotiate,20,0.05,7,44,conflict,R0,1,1,0,1,0,0,1716,29,88.98369199960143,True
negotiate,20,0.05,7,44,conflict,R0,1,1,0,1,0,0,1716,29,144.56772599987744,True
negotiate,20,0.05,7,44,conflict,R0,1,1,0,1,0,0,1716,29,185.80208500134177,True
negotiate,20,0.05,7,44,conflict,R0,1,1,0,1,0,0,1716,29,141.63088900022558,True
negotiate,20,0.05,7,44,conflict,R0,1,1,0,1,0,0,1716,29,131.53466999938246,True
negotiate,20,0.05,7,45,blockage,R1,1,1,0,1,0,0,1869,24,98.48801699990872,True
negotiate,20,0.05,7,70,blockage,R1,1,1,0,1,1,0,656,10,129.52509800015832,True
negotiate,20,0.05,7,73,blockage,R1,6,9,0,9,15,0,6470,53,321.20869099890115,True
negotiate,20,0.05,7,92,blockage,R1,2,3,0,3,2,0,470,16,39.44528100146272,True
negotiate,20,0.05,8,18,accident,R1,1,1,0,1,0,0,1316,14,125.49259700062976,True
negotiate,20,0.05,8,27,blockage,R1,4,5,0,5,5,0,48787,56,1946.787431001212,True
negotiate,20,0.05,8,34,blockage,R2,8,8,0,8,18,0,58066,64,3174.4368380004744,True
negotiate,20,0.05,8,35,emergency,R2,3,3,0,3,72,0,2003,26,275.2694579994568,True
negotiate,20,0.05,8,41,accident,R1,4,4,0,4,5,0,4569,31,478.1000250004581,True
negotiate,20,0.05,8,42,emergency,R2,3,4,0,4,138,0,37071,35,1815.862378998645,True
negotiate,20,0.05,8,77,blockage,R1,6,6,0,6,8,0,51548,29,2466.2055209992104,True
negotiate,20,0.05,9,16,conflict,R1,3,3,0,3,1,0,4723,33,227.8455159994337,True
negotiate,20,0.05,9,22,emergency,R2,1,2,0,2,70,0,965,23,201.39275200017437,True
negotiate,20,0.05,9,28,emergency,R2,2,4,0,4,85,0,3255,31,189.26875599936466,True
negotiate,20,0.05,9,31,accident,R2,7,8,0,8,19,0,3855,64,541.4743990004354,True
negotiate,20,0.05,9,40,blockage,R2,10,10,0,10,46,0,19437,81,834.1652920007618,True
negotiate,20,0.05,9,47,blockage,R1,2,2,0,2,2,0,20901,23,1088.4085339985177,True
negotiate,20,0.05,9,51,conflict,R1,1,1,0,1,0,0,2483,14,121.90530099906027,True
negotiate,20,0.05,9,51,conflict,R0,1,1,0,1,0,0,2483,14,175.9457400003157,True
negotiate,20,0.05,9,51,conflict,R0,1,1,0,1,0,0,2483,14,226.78930900110572,True
negotiate,20,0.05,9,51,conflict,R0,1,1,0,1,0,0,2483,14,227.08156500084442,True
negotiate,20,0.05,9,51,conflict,R0,1,1,0,1,0,0,2483,14,521.7745429999923,True
negotiate,20,0.05,9,51,conflict,R0,1,1,0,1,0,0,2483,14,261.7223719989852,True
negotiate,20,0.05,9,51,conflict,R0,1,1,0,1,0,0,2483,14,198.6859810003807,True
negotiate,20,0.05,9,51,conflict,R0,1,1,0,1,0,0,2483,14,370.65671699929226,True
negotiate,20,0.05,9,51,conflict,R0,1,1,0,1,0,0,2483,14,339.67952100101684,True
negotiate,20,0.05,9,51,conflict,R0,1,1,0,1,0,0,2483,14,215.7269669987727,True
negotiate,20,0.05,9,51,conflict,R0,1,1,0,1,0,0,2483,14,105.3133040004468,True
negotiate,20,0.05,9,51,conflict,R0,1,1,0,1,0,0,2483,14,93.82279199962795,True
negotiate,20,0.05,9,51,conflict,R0,1,1,0,1,0,0,2483,14,95.9273780008516,True
negotiate,20,0.05,9,51,conflict,R0,1,1,0,1,0,0,2483,14,83.08601799944881,True
negotiate,20,0.05,9,51,conflict,R0,1,1,0,1,0,0,2483,14,76.7446400004701,True
negotiate,20,0.05,9,51,conflict,R0,1,1,0,1,0,0,2483,14,146.12490700164926,True
negotiate,20,0.05,9,51,conflict,R0,1,1,0,1,0,0,2483,14,121.51610899854859,True
negotiate,20,0.05,9,51,conflict,R0,1,1,0,1,0,0,2483,14,106.71792200082564,True
negotiate,20,0.05,9,51,conflict,R0,1,1,0,1,0,0,2483,14,114.71764100133441,True
negotiate,20,0.05,9,51,conflict,R0,1,1,0,1,0,0,2483,14,101.93056500065723,True
negotiate,20,0.05,9,51,conflict,R0,1,1,0,1,0,0,2483,14,96.60539799915568,True
negotiate,20,0.05,9,51,conflict,R0,1,1,0,1,0,0,2483,14,106.44495399901643,True
negotiate,20,0.05,9,51,conflict,R0,1,1,0,1,0,0,2483,14,220.64032900016173,True
negotiate,20,0.05,9,51,conflict,R0,1,1,0,1,0,0,2483,14,167.05689800073742,True
negotiate,20,0.05,9,51,conflict,R0,1,1,0,1,0,0,2483,14,165.7535790000111,True
negotiate,20,0.05,9,51,conflict,R0,1,1,0,1,0,0,2483,14,106.79828600041219,True
negotiate,20,0.05,9,51,conflict,R0,1,1,0,1,0,0,2483,14,109.49047999929462,True
negotiate,20,0.05,9,51,conflict,R0,1,1,0,1,0,0,2483,14,116.70351100110565,True
negotiate,20,0.05,9,51,conflict,R0,1,1,0,1,0,0,2483,14,123.91276600101264,True
negotiate,20,0.05,9,51,conflict,R0,1,1,0,1,0,0,2483,14,111.2941929986846,True
negotiate,20,0.05,9,51,conflict,R0,1,1,0,1,0,0,2483,14,119.68715799957863,True
negotiate,20,0.05,9,51,conflict,R0,1,1,0,1,0,0,2483,14,148.99464900008752,True
negotiate,20,0.05,9,51,conflict,R0,1,1,0,1,0,0,2483,14,108.48843399980979,True
negotiate,20,0.05,9,51,conflict,R0,1,1,0,1,0,0,2483,14,99.925489999805,True
negotiate,20,0.05,9,51,conflict,R0,1,1,0,1,0,0,2483,14,108.69411999919976,True
negotiate,20,0.05,9,51,conflict,R0,1,1,0,1,0,0,2483,14,116.11630500010506,True
negotiate,20,0.05,9,51,conflict,R0,1,1,0,1,0,0,2483,14,111.12461499942583,True
negotiate,20,0.05,9,51,conflict,R0,1,1,0,1,0,0,2483,14,136.2888080002449,True
negotiate,20,0.05,9,51,conflict,R0,1,1,0,1,0,0,2483,14,175.4972489998181,True
negotiate,20,0.05,9,51,conflict,R0,1,1,0,1,0,0,2483,14,115.52381099863851,True
negotiate,20,0.05,9,51,conflict,R0,1,1,0,1,0,0,2483,14,84.69107099881512,True
negotiate,20,0.05,9,51,conflict,R0,1,1,0,1,0,0,2483,14,81.57382099852839,True
negotiate,20,0.05,9,51,conflict,R0,1,1,0,1,0,0,2483,14,82.11508699969272,True
negotiate,20,0.05,9,51,conflict,R0,1,1,0,1,0,0,2483,14,78.34540099975129,True
negotiate,20,0.05,9,51,conflict,R0,1,1,0,1,0,0,2483,14,78.40360299996973,True
negotiate,20,0.05,9,51,conflict,R0,1,1,0,1,0,0,2483,14,70.81296000069415,True
negotiate,20,0.05,9,51,conflict,R0,1,1,0,1,0,0,2483,14,132.2401749985147,True
negotiate,20,0.05,9,51,conflict,R0,1,1,0,1,0,0,2483,14,130.67396599944914,True
negotiate,20,0.05,9,51,conflict,R0,1,1,0,1,0,0,2483,14,123.05009600095218,True
negotiate,20,0.05,9,51,conflict,R0,1,1,0,1,0,0,2483,14,117.54870699951425,True
negotiate,20,0.05,9,51,conflict,R0,1,1,0,1,0,0,2483,14,122.41650100077095,True
negotiate,20,0.05,9,51,conflict,R0,1,1,0,1,0,0,2483,14,115.90918600086297,True
negotiate,20,0.05,9,51,conflict,R0,1,1,0,1,0,0,2483,14,104.84867100058182,True
negotiate,20,0.05,9,51,conflict,R0,1,1,0,1,0,0,2483,14,90.4762740010483,True
negotiate,20,0.05,9,51,conflict,R0,1,1,0,1,0,0,2483,14,133.81896099963342,True
negotiate,20,0.05,9,51,conflict,R0,1,1,0,1,0,0,2483,14,83.14978099951986,True
negotiate,20,0.05,9,51,conflict,R0,1,1,0,1,0,0,2483,14,89.14551400084747,True
negotiate,20,0.05,9,51,conflict,R0,1,1,0,1,0,0,2483,14,78.36132800002815,True
negotiate,20,0.05,9,51,conflict,R0,1,1,0,1,0,0,2483,14,80.65323300070304,True
negotiate,20,0.05,9,51,conflict,R0,1,1,0,1,0,0,2483,14,76.84454400077811,True
negotiate,20,0.05,9,51,conflict,R0,1,1,0,1,0,0,2483,14,85.21328899951186,True
negotiate,20,0.05,9,51,conflict,R0,1,1,0,1,0,0,2483,14,68.53475099887874,True
negotiate,20,0.05,9,51,conflict,R0,1,1,0,1,0,0,2483,14,105.76246399978118,True
negotiate,20,0.05,9,51,conflict,R0,1,1,0,1,0,0,2483,14,83.57670400073403,True
negotiate,20,0.05,9,51,conflict,R0,1,1,0,1,0,0,2483,14,85.31075099926966,True
negotiate,20,0.05,9,51,conflict,R0,1,1,0,1,0,0,2483,14,86.81834900016838,True
negotiate,20,0.05,9,51,conflict,R0,1,1,0,1,0,0,2483,14,85.80054100093548,True
negotiate,20,0.05,9,51,conflict,R0,1,1,0,1,0,0,2483,14,87.07695200064336,True
negotiate,20,0.05,9,51,conflict,R0,1,1,0,1,0,0,2483,14,85.51863799948478,True
negotiate,20,0.05,9,51,conflict,R0,1,1,0,1,0,0,2483,14,86.60108699950797,True
negotiate,20,0.05,9,51,conflict,R0,1,1,0,1,0,0,2483,14,114.87984999985201,True
negotiate,20,0.05,9,51,conflict,R0,1,1,0,1,0,0,2483,14,90.26586999971187,True
negotiate,20,0.05,9,51,conflict,R0,1,1,0,1,0,0,2483,14,87.81805299986445,True
negotiate,20,0.05,9,51,conflict,R0,1,1,0,1,0,0,2483,14,93.09970399954182,True
negotiate,20,0.05,9,51,conflict,R0,1,1,0,1,0,0,2483,14,138.95434999903955,True
negotiate,20,0.05,9,51,conflict,R0,1,1,0,1,0,0,2483,14,128.3943119997275,True
negotiate,20,0.05,9,51,conflict,R0,1,1,0,1,0,0,2483,14,110.25821199837083,True
negotiate,20,0.05,9,51,conflict,R0,1,1,0,1,0,0,2483,14,127.18606400085264,True
negotiate,20,0.05,9,51,conflict,R0,1,1,0,1,0,0,2483,14,117.82722500174714,True
negotiate,20,0.05,9,51,conflict,R0,1,1,0,1,0,0,2483,14,482.31206300079066,True
negotiate,20,0.05,9,51,conflict,R0,1,1,0,1,0,0,2483,14,88.11678799975198,True
negotiate,20,0.05,9,51,conflict,R0,1,1,0,1,0,0,2483,14,96.61938499993994,True
negotiate,20,0.05,9,51,conflict,R0,1,1,0,1,0,0,2483,14,93.8563689996954,True
negotiate,20,0.05,9,51,conflict,R0,1,1,0,1,0,0,2483,14,84.88912099892332,True
negotiate,20,0.05,9,51,conflict,R0,1,1,0,1,0,0,2483,14,86.90355200087652,True
negotiate,20,0.05,9,51,conflict,R0,1,1,0,1,0,0,2483,14,121.72486500094237,True
negotiate,20,0.05,9,51,conflict,R0,1,1,0,1,0,0,2483,14,88.41256500090822,True
negotiate,20,0.05,9,51,conflict,R0,1,1,0,1,0,0,2483,14,85.23829499972635,True
negotiate,20,0.05,9,51,conflict,R0,1,1,0,1,0,0,2483,14,177.05339700114564,True
negotiate,20,0.05,9,51,conflict,R0,1,1,0,1,0,0,2483,14,216.6351650012075,True
negotiate,20,0.05,9,51,conflict,R0,1,1,0,1,0,0,2483,14,155.6846929997846,True
negotiate,20,0.05,9,51,conflict,R0,1,1,0,1,0,0,2483,14,88.81493599983514,True
negotiate,20,0.05,9,51,conflict,R0,1,1,0,1,0,0,2483,14,93.23304499957885,True
negotiate,20,0.05,9,51,conflict,R0,1,1,0,1,0,0,2483,14,152.82874499825994,True
negotiate,20,0.05,9,51,conflict,R0,1,1,0,1,0,0,2483,14,128.78116100000625,True
negotiate,20,0.05,9,51,conflict,R0,1,1,0,1,0,0,2483,14,137.14144400000805,True
negotiate,20,0.05,9,51,conflict,R0,1,1,0,1,0,0,2483,14,116.00739599998633,True
negotiate,20,0.05,9,51,conflict,R0,1,1,0,1,0,0,2483,14,127.05304299925047,True
negotiate,20,0.05,9,51,conflict,R0,1,1,0,1,0,0,2483,14,128.25741399865365,True
negotiate,20,0.05,9,51,conflict,R0,1,1,0,1,0,0,2483,14,126.19918900054472,True
negotiate,20,0.05,9,51,conflict,R0,1,1,0,1,0,0,2483,14,120.35672100137162,True
negotiate,20,0.05,9,51,conflict,R0,1,1,0,1,0,0,2483,14,185.15008600115834,True
negotiate,20,0.05,9,51,conflict,R0,1,1,0,1,0,0,2483,14,127.42532799893524,True
negotiate,20,0.05,9,51,conflict,R0,1,1,0,1,0,0,2483,14,218.60416399977112,True
negotiate,20,0.05,9,51,conflict,R0,1,1,0,1,0,0,2483,14,129.6869970010448,True
negotiate,20,0.05,9,51,conflict,R0,1,1,0,1,0,0,2483,14,126.92742799845291,True
negotiate,20,0.05,9,51,conflict,R0,1,1,0,1,0,0,2483,14,104.48393299884629,True
negotiate,20,0.05,9,51,conflict,R0,1,1,0,1,0,0,2483,14,101.93519899985404,True
negotiate,20,0.05,9,51,conflict,R0,1,1,0,1,0,0,2483,14,161.55164699921443,True
negotiate,20,0.05,9,51,conflict,R0,1,1,0,1,0,0,2483,14,131.62447499962582,True
negotiate,20,0.05,9,51,conflict,R0,1,1,0,1,0,0,2483,14,140.2130020014738,True
negotiate,20,0.05,9,51,conflict,R0,1,1,0,1,0,0,2483,14,193.60744500045257,True
negotiate,20,0.05,9,51,conflict,R0,1,1,0,1,0,0,2483,14,186.64039199938998,True
negotiate,20,0.05,9,51,conflict,R0,1,1,0,1,0,0,2483,14,106.45331900013844,True
negotiate,20,0.05,9,51,conflict,R0,1,1,0,1,0,0,2483,14,96.18930400029058,True
negotiate,20,0.05,9,51,conflict,R0,1,1,0,1,0,0,2483,14,103.2446280005388,True
negotiate,20,0.05,9,51,conflict,R0,1,1,0,1,0,0,2483,14,138.49206099985167,True
negotiate,20,0.05,9,51,conflict,R0,1,1,0,1,0,0,2483,14,116.09869099993375,True
negotiate,20,0.05,9,51,conflict,R0,1,1,0,1,0,0,2483,14,106.13258900048095,True
negotiate,20,0.05,9,51,conflict,R0,1,1,0,1,0,0,2483,14,92.57535899996583,True
negotiate,20,0.05,9,51,conflict,R0,1,1,0,1,0,0,2483,14,95.79072499946051,True
negotiate,20,0.05,9,51,conflict,R0,1,1,0,1,0,0,2483,14,138.68112299860513,True
negotiate,20,0.05,9,51,conflict,R0,1,1,0,1,0,0,2483,14,143.9255889999913,True
negotiate,20,0.05,9,51,conflict,R0,1,1,0,1,0,0,2483,14,134.56489100099134,True
negotiate,20,0.05,9,51,conflict,R0,1,1,0,1,0,0,2483,14,234.1983070000424,True
negotiate,20,0.05,9,51,conflict,R0,1,1,0,1,0,0,2483,14,94.38637800121796,True
negotiate,20,0.05,9,51,conflict,R0,1,1,0,1,0,0,2483,14,89.07166800054256,True
negotiate,20,0.05,9,51,conflict,R0,1,1,0,1,0,0,2483,14,108.1036089999543,True
negotiate,20,0.05,9,51,conflict,R0,1,1,0,1,0,0,2483,14,97.96898000058718,True
negotiate,20,0.05,9,51,conflict,R0,1,1,0,1,0,0,2483,14,87.26894600113155,True
negotiate,20,0.05,9,51,conflict,R0,1,1,0,1,0,0,2483,14,100.32994200082612,True
negotiate,20,0.05,9,51,conflict,R0,1,1,0,1,0,0,2483,14,103.81436799980293,True
negotiate,20,0.05,9,51,conflict,R0,1,1,0,1,0,0,2483,14,136.61844900161668,True
negotiate,20,0.05,9,51,conflict,R0,1,1,0,1,0,0,2483,14,135.89785800104437,True
negotiate,20,0.05,9,51,conflict,R0,1,1,0,1,0,0,2483,14,120.78163399928599,True
negotiate,20,0.05,9,51,conflict,R0,1,1,0,1,0,0,2483,14,103.9905000016006,True
negotiate,20,0.05,9,51,conflict,R0,1,1,0,1,0,0,2483,14,111.71518999981345,True
negotiate,20,0.05,9,51,conflict,R0,1,1,0,1,0,0,2483,14,104.65133000070637,True
negotiate,20,0.05,9,51,conflict,R0,1,1,0,1,0,0,2483,14,92.4475869996968,True
negotiate,20,0.05,9,51,conflict,R0,1,1,0,1,0,0,2483,14,102.54854900085775,True
negotiate,20,0.05,9,51,conflict,R0,1,1,0,1,0,0,2483,14,124.36922100096126,True
negotiate,20,0.05,9,51,conflict,R0,1,1,0,1,0,0,2483,14,92.02659699985816,True
negotiate,20,0.05,9,51,conflict,R0,1,1,0,1,0,0,2483,14,95.48179600096773,True
negotiate,20,0.05,9,51,conflict,R0,1,1,0,1,0,0,2483,14,103.44564600018202,True
negotiate,20,0.05,9,51,conflict,R0,1,1,0,1,0,0,2483,14,225.57692200098245,True
negotiate,20,0.05,9,51,conflict,R0,1,1,0,1,0,0,2483,14,88.70630599994911,True
negotiate,20,0.05,9,51,conflict,R0,1,1,0,1,0,0,2483,14,86.17474200036668,True
negotiate,20,0.05,9,51,conflict,R0,1,1,0,1,0,0,2483,14,125.22403299954021,True
negotiate,20,0.05,9,51,conflict,R0,1,1,0,1,0,0,2483,14,103.7408409993077,True
negotiate,20,0.05,9,51,conflict,R0,1,1,0,1,0,0,2483,14,129.20076700174832,True
negotiate,20,0.05,9,51,conflict,R0,1,1,0,1,0,0,2483,14,96.94703900095192,True
negotiate,20,0.05,9,51,conflict,R0,1,1,0,1,0,0,2483,14,110.74656500022684,True
negotiate,20,0.05,9,51,conflict,R0,1,1,0,1,0,0,2483,14,124.80381000023044,True
negotiate,20,0.05,9,51,conflict,R0,1,1,0,1,0,0,2483,14,128.0551670006389,True
negotiate,20,0.05,9,51,conflict,R0,1,1,0,1,0,0,2483,14,132.33806799871672,True
negotiate,20,0.05,9,51,conflict,R0,1,1,0,1,0,0,2483,14,317.65407899911224,True
negotiate,20,0.05,9,51,conflict,R0,1,1,0,1,0,0,2483,14,268.932749000669,True
negotiate,20,0.05,9,51,conflict,R0,1,1,0,1,0,0,2483,14,268.9641880006093,True
negotiate,20,0.05,9,51,conflict,R0,1,1,0,1,0,0,2483,14,124.5496749997983,True
negotiate,20,0.05,9,51,conflict,R0,1,1,0,1,0,0,2483,14,137.9285559996788,True
negotiate,20,0.05,9,51,conflict,R0,1,1,0,1,0,0,2483,14,117.78856399905635,True
negotiate,20,0.05,9,51,conflict,R0,1,1,0,1,0,0,2483,14,115.78918499981228,True
negotiate,20,0.05,9,51,conflict,R0,1,1,0,1,0,0,2483,14,305.7810560003418,True
negotiate,20,0.05,9,51,conflict,R0,1,1,0,1,0,0,2483,14,108.37251600059972,True
negotiate,20,0.05,9,51,conflict,R0,1,1,0,1,0,0,2483,14,106.6950620006537,True
negotiate,20,0.05,9,51,conflict,R0,1,1,0,1,0,0,2483,14,95.3123110011802,True
negotiate,20,0.05,9,51,conflict,R0,1,1,0,1,0,0,2483,14,102.81626600044547,True
negotiate,20,0.05,9,51,conflict,R0,1,1,0,1,0,0,2483,14,103.76197599907755,True
negotiate,20,0.05,9,51,conflict,R0,1,1,0,1,0,0,2483,14,140.58576200113748,True
negotiate,20,0.05,9,51,conflict,R0,1,1,0,1,0,0,2483,14,107.57005300001765,True
negotiate,20,0.05,9,51,conflict,R0,1,1,0,1,0,0,2483,14,98.71477900014725,True
negotiate,20,0.05,9,51,conflict,R0,1,1,0,1,0,0,2483,14,86.03251299973635,True
negotiate,20,0.05,9,51,conflict,R0,1,1,0,1,0,0,2483,14,99.89147600026627,True
negotiate,20,0.05,9,51,conflict,R0,1,1,0,1,0,0,2483,14,325.24401399859926,True
negotiate,20,0.05,9,51,conflict,R0,1,1,0,1,0,0,2483,14,304.74047800089465,True
negotiate,20,0.05,9,51,conflict,R0,1,1,0,1,0,0,2483,14,171.57287000009092,True
negotiate,20,0.05,9,51,conflict,R0,1,1,0,1,0,0,2483,14,157.14756000124908,True
negotiate,20,0.05,9,51,conflict,R0,1,1,0,1,0,0,2483,14,99.2668409999169,True
negotiate,20,0.05,9,51,conflict,R0,1,1,0,1,0,0,2483,14,106.32796900063113,True
negotiate,20,0.05,9,51,conflict,R0,1,1,0,1,0,0,2483,14,92.77586300049734,True
negotiate,20,0.05,9,51,conflict,R0,1,1,0,1,0,0,2483,14,88.45232000021497,True
negotiate,20,0.05,9,51,conflict,R0,1,1,0,1,0,0,2483,14,100.32656800103723,True
negotiate,20,0.05,9,51,conflict,R0,1,1,0,1,0,0,2483,14,130.70768499892438,True
negotiate,20,0.05,9,51,conflict,R0,1,1,0,1,0,0,2483,14,116.41099000007671,True
negotiate,20,0.05,9,51,conflict,R0,1,1,0,1,0,0,2483,14,162.89751899967087,True
negotiate,20,0.05,9,51,conflict,R0,1,1,0,1,0,0,2483,14,87.74967299905256,True
negotiate,20,0.05,9,51,conflict,R0,1,1,0,1,0,0,2483,14,86.14509799917869,True
negotiate,20,0.05,9,51,conflict,R0,1,1,0,1,0,0,2483,14,105.22825800035207,True
negotiate,20,0.05,9,51,conflict,R0,1,1,0,1,0,0,2483,14,176.7379989996698,True
negotiate,20,0.05,9,51,conflict,R0,1,1,0,1,0,0,2483,14,110.87307299931126,True
negotiate,20,0.05,9,51,conflict,R0,1,1,0,1,0,0,2483,14,132.40089000100852,True
negotiate,20,0.05,9,51,conflict,R0,1,1,0,1,0,0,2483,14,129.79731400082528,True
negotiate,20,0.05,9,51,conflict,R0,1,1,0,1,0,0,2483,14,137.50941199941735,True
negotiate,20,0.05,9,51,conflict,R0,1,1,0,1,0,0,2483,14,149.2354609999893,True
negotiate,20,0.05,9,51,conflict,R0,1,1,0,1,0,0,2483,14,135.88501900085248,True
negotiate,20,0.05,9,51,conflict,R0,1,1,0,1,0,0,2483,14,170.75928099984594,True
negotiate,20,0.05,9,51,conflict,R0,1,1,0,1,0,0,2483,14,130.8081850002054,True
negotiate,20,0.05,9,51,conflict,R0,1,1,0,1,0,0,2483,14,111.41542000041227,True
negotiate,20,0.05,9,51,conflict,R0,1,1,0,1,0,0,2483,14,197.24245600082213,True
negotiate,20,0.05,9,51,conflict,R0,1,1,0,1,0,0,2483,14,291.0526129999198,True
negotiate,20,0.05,9,51,conflict,R0,1,1,0,1,0,0,2483,14,353.0087100007222,True
negotiate,20,0.05,9,51,conflict,R0,1,1,0,1,0,0,2483,14,317.6073409995297,True
negotiate,20,0.05,9,51,conflict,R0,1,1,0,1,0,0,2483,14,459.5426910000242,True
negotiate,20,0.05,9,51,conflict,R0,1,1,0,1,0,0,2483,14,166.5679519992409,True
negotiate,20,0.05,9,51,conflict,R0,1,1,0,1,0,0,2483,14,83.90864099965256,True
negotiate,20,0.05,9,51,conflict,R0,1,1,0,1,0,0,2483,14,150.03785900080402,True
negotiate,20,0.05,9,51,conflict,R0,1,1,0,1,0,0,2483,14,76.73879299909458,True
negotiate,20,0.05,9,51,conflict,R0,1,1,0,1,0,0,2483,14,82.63918900047429,True
negotiate,20,0.05,9,51,conflict,R0,1,1,0,1,0,0,2483,14,80.46706599998288,True
negotiate,20,0.05,9,51,conflict,R0,1,1,0,1,0,0,2483,14,79.99728499999037,True
negotiate,20,0.05,9,51,conflict,R0,1,1,0,1,0,0,2483,14,66.58042599883629,True
negotiate,20,0.05,9,51,conflict,R0,1,1,0,1,0,0,2483,14,114.42308399819012,True
negotiate,20,0.05,9,51,conflict,R0,1,1,0,1,0,0,2483,14,99.69385200020042,True
negotiate,20,0.05,9,51,conflict,R0,1,1,0,1,0,0,2483,14,105.50462799983507,True
negotiate,20,0.05,9,51,conflict,R0,1,1,0,1,0,0,2483,14,106.48277899963432,True
negotiate,20,0.05,9,51,conflict,R0,1,1,0,1,0,0,2483,14,87.03937300015241,True
negotiate,20,0.05,9,51,conflict,R0,1,1,0,1,0,0,2483,14,87.81681100117567,True
negotiate,20,0.05,9,51,conflict,R0,1,1,0,1,0,0,2483,14,87.94730000045092,True
negotiate,20,0.05,9,51,conflict,R0,1,1,0,1,0,0,2483,14,122.09755799995037,True
negotiate,20,0.05,9,51,conflict,R0,1,1,0,1,0,0,2483,14,79.15782300005958,True
negotiate,20,0.05,9,51,conflict,R0,1,1,0,1,0,0,2483,14,72.46008299989626,True
negotiate,20,0.05,9,51,conflict,R0,1,1,0,1,0,0,2483,14,91.74541100037459,True
negotiate,20,0.05,9,51,conflict,R0,1,1,0,1,0,0,2483,14,86.65419799945084,True
negotiate,20,0.05,9,51,conflict,R0,1,1,0,1,0,0,2483,14,86.51190199998382,True
negotiate,20,0.05,9,51,conflict,R0,1,1,0,1,0,0,2483,14,86.48712699869066,True
negotiate,20,0.05,9,51,conflict,R0,1,1,0,1,0,0,2483,14,106.15552499984915,True
negotiate,20,0.05,9,51,conflict,R0,1,1,0,1,0,0,2483,14,91.39144700020552,True
negotiate,20,0.05,9,51,conflict,R0,1,1,0,1,0,0,2483,14,86.94891199957056,True
negotiate,20,0.05,9,51,conflict,R0,1,1,0,1,0,0,2483,14,103.84858699944743,True
negotiate,20,0.05,9,51,conflict,R0,1,1,0,1,0,0,2483,14,280.1872430009098,True
negotiate,20,0.05,9,51,conflict,R0,1,1,0,1,0,0,2483,14,192.13588599996,True
negotiate,20,0.05,9,51,conflict,R0,1,1,0,1,0,0,2483,14,109.22569599824783,True
negotiate,20,0.05,9,51,conflict,R0,1,1,0,1,0,0,2483,14,111.2995219991717,True
negotiate,20,0.05,9,51,conflict,R0,1,1,0,1,0,0,2483,14,119.67105800067657,True
negotiate,20,0.05,9,51,conflict,R0,1,1,0,1,0,0,2483,14,284.5886289996997,True
negotiate,20,0.05,9,51,conflict,R0,1,1,0,1,0,0,2483,14,252.88208900019526,True
negotiate,20,0.05,9,51,conflict,R0,1,1,0,1,0,0,2483,14,241.59332199997152,True
negotiate,20,0.05,9,51,conflict,R0,1,1,0,1,0,0,2483,14,172.6699760001793,True
negotiate,20,0.05,9,51,conflict,R0,1,1,0,1,0,0,2483,14,211.7502119999699,True
negotiate,20,0.05,9,51,conflict,R0,1,1,0,1,0,0,2483,14,102.08289500042156,True
negotiate,20,0.05,9,51,conflict,R0,1,1,0,1,0,0,2483,14,157.63983900069434,True
negotiate,20,0.05,9,51,conflict,R0,1,1,0,1,0,0,2483,14,99.62338300101692,True
negotiate,20,0.05,9,51,conflict,R0,1,1,0,1,0,0,2483,14,87.63963999990665,True
negotiate,20,0.05,9,51,conflict,R0,1,1,0,1,0,0,2483,14,111.41608300022199,True
negotiate,20,0.05,9,51,conflict,R0,1,1,0,1,0,0,2483,14,78.66946700050903,True
negotiate,20,0.05,9,51,conflict,R0,1,1,0,1,0,0,2483,14,83.78501599872834,True
negotiate,20,0.05,9,51,conflict,R0,1,1,0,1,0,0,2483,14,117.39002099966456,True
negotiate,20,0.05,9,51,conflict,R0,1,1,0,1,0,0,2483,14,96.93312700073875,True
negotiate,20,0.05,9,51,conflict,R0,1,1,0,1,0,0,2483,14,87.58316899911733,True
negotiate,20,0.05,9,51,conflict,R0,1,1,0,1,0,0,2483,14,87.55817800010846,True
negotiate,20,0.05,9,51,conflict,R0,1,1,0,1,0,0,2483,14,84.09884300090198,True
negotiate,20,0.05,9,51,conflict,R0,1,1,0,1,0,0,2483,14,84.28166699923167,True
negotiate,20,0.05,9,51,conflict,R0,1,1,0,1,0,0,2483,14,87.37410100002307,True
negotiate,20,0.05,9,51,conflict,R0,1,1,0,1,0,0,2483,14,182.1331739993184,True
negotiate,20,0.05,9,51,conflict,R0,1,1,0,1,0,0,2483,14,132.568672999696,True
negotiate,20,0.05,9,51,conflict,R0,1,1,0,1,0,0,2483,14,134.64308599941432,True
negotiate,20,0.05,9,51,conflict,R0,1,1,0,1,0,0,2483,14,85.17429899984563,True
negotiate,20,0.05,9,51,conflict,R0,1,1,0,1,0,0,2483,14,84.35981900038314,True
negotiate,20,0.05,9,51,conflict,R0,1,1,0,1,0,0,2483,14,85.21209399987129,True
negotiate,20,0.05,9,51,conflict,R0,1,1,0,1,0,0,2483,14,84.34446600040246,True
negotiate,20,0.05,9,51,conflict,R0,1,1,0,1,0,0,2483,14,84.24923299935472,True
negotiate,20,0.05,9,51,conflict,R0,1,1,0,1,0,0,2483,14,87.82585299923085,True
negotiate,20,0.05,9,51,conflict,R0,1,1,0,1,0,0,2483,14,86.00771000055829,True
negotiate,20,0.05,9,51,conflict,R0,1,1,0,1,0,0,2483,14,87.77874899897142,True
negotiate,20,0.05,9,51,conflict,R0,1,1,0,1,0,0,2483,14,115.25056800019229,True
negotiate,20,0.05,9,51,conflict,R0,1,1,0,1,0,0,2483,14,129.8424270007672,True
negotiate,20,0.05,9,51,conflict,R0,1,1,0,1,0,0,2483,14,210.59315400088963,True
negotiate,20,0.05,9,51,conflict,R0,1,1,0,1,0,0,2483,14,90.48318700115487,True
negotiate,20,0.05,9,51,conflict,R0,1,1,0,1,0,0,2483,14,103.32462900078099,True
negotiate,20,0.05,9,51,conflict,R0,1,1,0,1,0,0,2483,14,95.59962799903587,True
negotiate,20,0.05,9,51,conflict,R0,1,1,0,1,0,0,2483,14,88.64000500034308,True
negotiate,20,0.05,9,51,conflict,R0,1,1,0,1,0,0,2483,14,323.14330200097174,True
negotiate,20,0.05,9,51,conflict,R0,1,1,0,1,0,0,2483,14,109.64543399859394,True
negotiate,20,0.05,9,51,conflict,R0,1,1,0,1,0,0,2483,14,145.4388279998966,True
negotiate,20,0.05,9,51,conflict,R0,1,1,0,1,0,0,2483,14,128.096321999692,True
negotiate,20,0.05,9,51,conflict,R0,1,1,0,1,0,0,2483,14,182.17668299985235,True
negotiate,20,0.05,9,51,conflict,R0,1,1,0,1,0,0,2483,14,122.50312699870847,True
negotiate,20,0.05,9,51,conflict,R0,1,1,0,1,0,0,2483,14,69.23473400092917,True
negotiate,20,0.05,9,51,conflict,R0,1,1,0,1,0,0,2483,14,67.97791700046218,True
negotiate,20,0.05,9,51,conflict,R0,1,1,0,1,0,0,2483,14,161.38365299957513,True
negotiate,20,0.05,9,51,conflict,R0,1,1,0,1,0,0,2483,14,72.87800499943842,True
negotiate,20,0.05,9,51,conflict,R0,1,1,0,1,0,0,2483,14,69.42594599968288,True
negotiate,20,0.05,9,51,conflict,R0,1,1,0,1,0,0,2483,14,105.66660000040429,True
negotiate,20,0.05,9,51,conflict,R0,1,1,0,1,0,0,2483,14,108.30714599978819,True
negotiate,20,0.05,9,51,conflict,R0,1,1,0,1,0,0,2483,14,88.16851699884865,True
negotiate,20,0.05,9,51,conflict,R0,1,1,0,1,0,0,2483,14,78.01413299966953,True
negotiate,20,0.05,9,51,conflict,R0,1,1,0,1,0,0,2483,14,76.20818099894677,True
negotiate,20,0.05,9,51,conflict,R0,1,1,0,1,0,0,2483,14,71.79379999979574,True
negotiate,20,0.05,9,51,conflict,R0,1,1,0,1,0,0,2483,14,70.12786900122592,True
negotiate,20,0.05,9,51,conflict,R0,1,1,0,1,0,0,2483,14,76.37908099968627,True
negotiate,20,0.05,9,51,conflict,R0,1,1,0,1,0,0,2483,14,80.3667910004151,True
negotiate,20,0.05,9,51,conflict,R0,1,1,0,1,0,0,2483,14,104.30158300005132,True
negotiate,20,0.05,9,51,conflict,R0,1,1,0,1,0,0,2483,14,80.0823039990064,True
negotiate,20,0.05,9,51,conflict,R0,1,1,0,1,0,0,2483,14,94.15946599983727,True
negotiate,20,0.05,9,51,conflict,R0,1,1,0,1,0,0,2483,14,94.6264220001467,True
negotiate,20,0.05,9,51,conflict,R0,1,1,0,1,0,0,2483,14,78.73168900005112,True
negotiate,20,0.05,9,51,conflict,R0,1,1,0,1,0,0,2483,14,74.03844599866716,True
negotiate,20,0.05,9,51,conflict,R0,1,1,0,1,0,0,2483,14,72.97743399976753,True
negotiate,20,0.05,9,51,conflict,R0,1,1,0,1,0,0,2483,14,151.7067139993742,True
negotiate,20,0.05,9,51,conflict,R0,1,1,0,1,0,0,2483,14,85.3405890011345,True
negotiate,20,0.05,9,51,conflict,R0,1,1,0,1,0,0,2483,14,224.4084379999549,True
negotiate,20,0.05,9,51,conflict,R0,1,1,0,1,0,0,2483,14,87.86080899881199,True
negotiate,20,0.05,9,51,conflict,R0,1,1,0,1,0,0,2483,14,234.32995899929665,True
negotiate,20,0.05,9,51,conflict,R0,1,1,0,1,0,0,2483,14,248.7121459998889,True
negotiate,20,0.05,9,51,conflict,R0,1,1,0,1,0,0,2483,14,79.77986100013368,True
negotiate,20,0.05,9,51,conflict,R0,1,1,0,1,0,0,2483,14,128.84136699904047,True
negotiate,20,0.05,9,51,conflict,R0,1,1,0,1,0,0,2483,14,97.60060000007797,True
negotiate,20,0.05,9,51,conflict,R0,1,1,0,1,0,0,2483,14,78.03579400024319,True
negotiate,20,0.05,9,51,conflict,R0,1,1,0,1,0,0,2483,14,78.12427400131128,True
negotiate,20,0.05,9,51,conflict,R0,1,1,0,1,0,0,2483,14,112.40130599981057,True
negotiate,20,0.05,9,51,conflict,R0,1,1,0,1,0,0,2483,14,108.56069599867624,True
negotiate,20,0.05,9,51,conflict,R0,1,1,0,1,0,0,2483,14,108.90746099903481,True
negotiate,20,0.05,9,51,conflict,R0,1,1,0,1,0,0,2483,14,108.33944099977089,True
negotiate,20,0.05,9,51,conflict,R0,1,1,0,1,0,0,2483,14,81.49940099974629,True
negotiate,20,0.05,9,51,conflict,R0,1,1,0,1,0,0,2483,14,80.54930999969656,True
negotiate,20,0.05,9,51,conflict,R0,1,1,0,1,0,0,2483,14,114.84034700151824,True
negotiate,20,0.05,9,51,conflict,R0,1,1,0,1,0,0,2483,14,122.88210899896512,True
negotiate,20,0.05,9,51,conflict,R0,1,1,0,1,0,0,2483,14,81.81170600073528,True
negotiate,20,0.05,9,51,conflict,R0,1,1,0,1,0,0,2483,14,130.44121699931566,True
negotiate,20,0.05,9,51,conflict,R0,1,1,0,1,0,0,2483,14,124.4653779995133,True
negotiate,20,0.05,9,51,conflict,R0,1,1,0,1,0,0,2496,14,73.00380699962261,True
negotiate,20,0.05,9,51,conflict,R0,1,1,0,1,0,0,2496,14,75.45699500042247,True
negotiate,20,0.05,9,51,conflict,R0,1,1,0,1,0,0,2496,14,78.2498390017281,True
negotiate,20,0.05,9,51,conflict,R0,1,1,0,1,0,0,2496,14,76.45279999997001,True
negotiate,20,0.05,9,51,conflict,R0,1,1,0,1,0,0,2496,14,89.4258339994849,True
negotiate,20,0.05,9,51,conflict,R0,1,1,0,1,0,0,2496,14,168.49375099991448,True
negotiate,20,0.05,9,51,conflict,R0,1,1,0,1,0,0,2496,14,109.61801399935212,True
negotiate,20,0.05,9,51,conflict,R0,1,1,0,1,0,0,2496,14,78.03253700149071,True
negotiate,20,0.05,9,51,conflict,R0,1,1,0,1,0,0,2496,14,78.98292599929846,True
negotiate,20,0.05,9,51,conflict,R0,1,1,0,1,0,0,2496,14,92.2550310006045,True
negotiate,20,0.05,9,51,conflict,R0,1,1,0,1,0,0,2496,14,110.12985700108402,True
negotiate,20,0.05,9,51,conflict,R0,1,1,0,1,0,0,2496,14,85.02718100135098,True
negotiate,20,0.05,9,51,conflict,R0,1,1,0,1,0,0,2496,14,72.36818700039294,True
negotiate,20,0.05,9,51,conflict,R0,1,1,0,1,0,0,2496,14,69.60326199987321,True
negotiate,20,0.05,9,51,conflict,R0,1,1,0,1,0,0,2496,14,197.4744039998768,True
negotiate,20,0.05,9,51,conflict,R0,1,1,0,1,0,0,2496,14,75.25279800029239,True
negotiate,20,0.05,9,51,conflict,R0,1,1,0,1,0,0,2496,14,76.11855899995135,True
negotiate,20,0.05,9,51,conflict,R0,1,1,0,1,0,0,2496,14,76.18116899902816,True
negotiate,20,0.05,9,51,conflict,R0,1,1,0,1,0,0,2496,14,79.84705099988787,True
negotiate,20,0.05,9,51,conflict,R0,1,1,0,1,0,0,2496,14,88.29364400116901,True
negotiate,20,0.05,9,51,conflict,R0,1,1,0,1,0,0,2496,14,105.88011199979519,True
negotiate,20,0.05,9,51,conflict,R0,1,1,0,1,0,0,2496,14,107.66165899985936,True
negotiate,20,0.05,9,51,conflict,R0,1,1,0,1,0,0,2496,14,93.64925400041102,True
negotiate,20,0.05,9,51,conflict,R0,1,1,0,1,0,0,2496,14,73.86687200050801,True
negotiate,20,0.05,9,51,conflict,R0,1,1,0,1,0,0,2496,14,78.663153000889,True
negotiate,20,0.05,9,51,conflict,R0,1,1,0,1,0,0,2496,14,78.23946400094428,True
negotiate,20,0.05,9,51,conflict,R0,1,1,0,1,0,0,2496,14,79.55281199974706,True
negotiate,20,0.05,9,51,conflict,R0,1,1,0,1,0,0,2496,14,78.83427600063442,True
negotiate,20,0.05,9,51,conflict,R0,1,1,0,1,0,0,2496,14,77.15760899918678,True
negotiate,20,0.05,9,51,conflict,R0,1,1,0,1,0,0,2496,14,107.08660000091186,True
negotiate,20,0.05,9,51,conflict,R0,1,1,0,1,0,0,2496,14,75.97437399999762,True
negotiate,20,0.05,9,51,conflict,R0,1,1,0,1,0,0,2496,14,90.0635460002377,True
negotiate,20,0.05,9,51,conflict,R0,1,1,0,1,0,0,2496,14,162.22949500115647,True
negotiate,20,0.05,9,51,conflict,R0,1,1,0,1,0,0,2496,14,155.1735600005486,True
negotiate,20,0.05,9,51,conflict,R0,1,1,0,1,0,0,2496,14,190.5697099991812,True
negotiate,20,0.05,9,51,conflict,R0,1,1,0,1,0,0,2496,14,161.07533400099783,True
negotiate,20,0.05,9,51,conflict,R0,1,1,0,1,0,0,2496,14,158.14529199997196,True
negotiate,20,0.05,9,51,conflict,R0,1,1,0,1,0,0,2496,14,334.5043680001254,True
negotiate,20,0.05,9,51,conflict,R0,1,1,0,1,0,0,2496,14,121.72815400117543,True
negotiate,20,0.05,9,51,conflict,R0,1,1,0,1,0,0,2496,14,104.5968130001711,True
negotiate,20,0.05,9,51,conflict,R0,1,1,0,1,0,0,2496,14,129.9469509995106,True
negotiate,20,0.05,9,51,conflict,R0,1,1,0,1,0,0,2496,14,118.57121300090512,True
negotiate,20,0.05,9,51,conflict,R0,1,1,0,1,0,0,2496,14,134.67874400157598,True
negotiate,20,0.05,9,51,conflict,R0,1,1,0,1,0,0,2496,14,132.05515499976173,True
negotiate,20,0.05,9,51,conflict,R0,1,1,0,1,0,0,2496,14,131.19343500147806,True
negotiate,20,0.05,9,51,conflict,R0,1,1,0,1,0,0,2496,14,211.05445400098688,True
negotiate,20,0.05,9,51,conflict,R0,1,1,0,1,0,0,2496,14,211.37308300058066,True
negotiate,20,0.05,9,51,conflict,R0,1,1,0,1,0,0,2496,14,122.07917800151336,True
negotiate,20,0.05,9,51,conflict,R0,1,1,0,1,0,0,2496,14,85.45095000044967,True
negotiate,20,0.05,9,51,conflict,R0,1,1,0,1,0,0,2496,14,99.67159799998626,True
negotiate,20,0.05,9,51,conflict,R0,1,1,0,1,0,0,2496,14,174.7369400000025,True
negotiate,20,0.05,9,51,conflict,R0,1,1,0,1,0,0,2496,14,140.22443999965617,True
negotiate,20,0.05,9,51,conflict,R0,1,1,0,1,0,0,2496,14,158.5943819991371,True
negotiate,20,0.05,9,51,conflict,R0,1,1,0,1,0,0,2496,14,184.92059300115216,True
negotiate,20,0.05,9,51,conflict,R0,1,1,0,1,0,0,2496,14,88.36122299908311,True
negotiate,20,0.05,9,51,conflict,R0,1,1,0,1,0,0,2496,14,113.17145800057915,True
negotiate,20,0.05,9,51,conflict,R0,1,1,0,1,0,0,2496,14,93.57862300021225,True
negotiate,20,0.05,9,51,conflict,R0,1,1,0,1,0,0,2496,14,87.73786600067979,True
negotiate,20,0.05,9,51,conflict,R0,1,1,0,1,0,0,2496,14,88.59427999959735,True
negotiate,20,0.05,9,51,conflict,R0,1,1,0,1,0,0,2496,14,87.76490399941395,True
negotiate,20,0.05,9,51,conflict,R0,1,1,0,1,0,0,2496,14,155.80988700094167,True
negotiate,20,0.05,9,51,conflict,R0,1,1,0,1,0,0,2496,14,112.35819699868443,True
negotiate,20,0.05,9,51,conflict,R0,1,1,0,1,0,0,2496,14,133.16188599856105,True
negotiate,20,0.05,9,51,conflict,R0,1,1,0,1,0,0,2496,14,111.85010699955455,True
negotiate,20,0.05,9,51,conflict,R0,1,1,0,1,0,0,2496,14,112.36758000086411,True
negotiate,20,0.05,9,51,conflict,R0,1,1,0,1,0,0,2496,14,127.12943199949223,True
negotiate,20,0.05,9,51,conflict,R0,1,1,0,1,0,0,2496,14,112.72000800090609,True
negotiate,20,0.05,9,51,conflict,R0,1,1,0,1,0,0,2496,14,118.65764600042894,True
negotiate,20,0.05,9,51,conflict,R0,1,1,0,1,0,0,2496,14,161.4403340008721,True
negotiate,20,0.05,9,51,conflict,R0,1,1,0,1,0,0,2496,14,137.75022700065165,True
negotiate,20,0.05,9,51,conflict,R0,1,1,0,1,0,0,2496,14,133.98004800001218,True
negotiate,20,0.05,9,51,conflict,R0,1,1,0,1,0,0,2496,14,112.37727899970196,True
negotiate,20,0.05,9,51,conflict,R0,1,1,0,1,0,0,2496,14,135.936008000499,True
negotiate,20,0.05,9,51,conflict,R0,1,1,0,1,0,0,2496,14,118.26348199974746,True
negotiate,20,0.05,9,51,conflict,R0,1,1,0,1,0,0,2496,14,126.77619699934439,True
negotiate,20,0.05,9,51,conflict,R0,1,1,0,1,0,0,2496,14,123.73826300063229,True
negotiate,20,0.05,9,51,conflict,R0,1,1,0,1,0,0,2496,14,180.81312800131855,True
negotiate,20,0.05,9,51,conflict,R0,1,1,0,1,0,0,2496,14,116.53502500121249,True
negotiate,20,0.05,9,51,conflict,R0,1,1,0,1,0,0,2496,14,127.26402499902179,True
negotiate,20,0.05,9,51,conflict,R0,1,1,0,1,0,0,2496,14,178.8655589989503,True
negotiate,20,0.05,9,51,conflict,R0,1,1,0,1,0,0,2496,14,132.64588799938792,True
negotiate,20,0.05,9,51,conflict,R0,1,1,0,1,0,0,2496,14,104.87009699863847,True
negotiate,20,0.05,9,51,conflict,R0,1,1,0,1,0,0,2496,14,116.48573099955684,True
negotiate,20,0.05,9,51,conflict,R0,1,1,0,1,0,0,2496,14,193.35365000006277,True
negotiate,20,0.05,9,51,conflict,R0,1,1,0,1,0,0,2496,14,339.1880060007679,True
negotiate,20,0.05,9,51,conflict,R0,1,1,0,1,0,0,2496,14,137.95980800023244,True
negotiate,20,0.05,9,51,conflict,R0,1,1,0,1,0,0,2496,14,119.44531799963443,True
negotiate,20,0.05,9,51,conflict,R0,1,1,0,1,0,0,2496,14,124.28277099934348,True
negotiate,20,0.05,9,51,conflict,R0,1,1,0,1,0,0,2496,14,155.79649599931145,True
negotiate,20,0.05,9,51,conflict,R0,1,1,0,1,0,0,2496,14,151.96353500141413,True
negotiate,20,0.05,9,51,conflict,R0,1,1,0,1,0,0,2496,14,110.01849100102845,True
negotiate,20,0.05,9,51,conflict,R0,1,1,0,1,0,0,2496,14,129.5479800010071,True
negotiate,20,0.05,9,51,conflict,R0,1,1,0,1,0,0,2496,14,149.9864189991058,True
negotiate,20,0.05,9,51,conflict,R0,1,1,0,1,0,0,2496,14,124.49468900013017,True
negotiate,20,0.05,9,51,conflict,R0,1,1,0,1,0,0,2496,14,97.45951100012462,True
negotiate,20,0.05,9,51,conflict,R0,1,1,0,1,0,0,2496,14,251.2575939999806,True
negotiate,20,0.05,9,51,conflict,R0,1,1,0,1,0,0,2496,14,104.09379300108412,True
negotiate,20,0.05,9,51,conflict,R0,1,1,0,1,0,0,2496,14,104.14250200119568,True
negotiate,20,0.05,9,51,conflict,R0,1,1,0,1,0,0,2496,14,110.56720899978245,True
negotiate,20,0.05,9,51,conflict,R0,1,1,0,1,0,0,2496,14,113.67242800042732,True
negotiate,20,0.05,9,51,conflict,R0,1,1,0,1,0,0,2496,14,304.0645380006026,True
negotiate,20,0.05,9,51,conflict,R0,1,1,0,1,0,0,2496,14,128.7613179993059,True
negotiate,20,0.05,9,51,conflict,R0,1,1,0,1,0,0,2496,14,202.4769710005785,True
negotiate,20,0.05,9,51,conflict,R0,1,1,0,1,0,0,2496,14,111.44625399901997,True
negotiate,20,0.05,9,51,conflict,R0,1,1,0,1,0,0,2496,14,97.24348900090263,True
negotiate,20,0.05,9,51,conflict,R0,1,1,0,1,0,0,2496,14,120.47908700151311,True
negotiate,20,0.05,9,51,conflict,R0,1,1,0,1,0,0,2496,14,117.50132400084112,True
negotiate,20,0.05,9,51,conflict,R0,1,1,0,1,0,0,2496,14,194.80466700042598,True
negotiate,20,0.05,9,51,conflict,R0,1,1,0,1,0,0,2496,14,98.68334000020695,True
negotiate,20,0.05,9,51,conflict,R0,1,1,0,1,0,0,2496,14,95.9251200001745,True
negotiate,20,0.05,9,51,conflict,R0,1,1,0,1,0,0,2496,14,88.2425730014802,True
negotiate,20,0.05,9,51,conflict,R0,1,1,0,1,0,0,2496,14,116.776798000501,True
negotiate,20,0.05,9,51,conflict,R0,1,1,0,1,0,0,2496,14,114.98038500030816,True
negotiate,20,0.05,9,51,conflict,R0,1,1,0,1,0,0,2496,14,121.6804809992027,True
negotiate,20,0.05,9,51,conflict,R0,1,1,0,1,0,0,2496,14,110.67865499899199,True
negotiate,20,0.05,9,51,conflict,R0,1,1,0,1,0,0,2496,14,146.48300199951336,True
negotiate,20,0.05,9,51,conflict,R0,1,1,0,1,0,0,2496,14,104.23556200112216,True
negotiate,20,0.05,9,51,conflict,R0,1,1,0,1,0,0,2496,14,102.5453899983404,True
negotiate,20,0.05,9,51,conflict,R0,1,1,0,1,0,0,2496,14,113.97153600046295,True
negotiate,20,0.05,9,51,conflict,R0,1,1,0,1,0,0,2496,14,95.88497900040238,True
negotiate,20,0.05,9,51,conflict,R0,1,1,0,1,0,0,2496,14,92.63517100043828,True
negotiate,20,0.05,9,51,conflict,R0,1,1,0,1,0,0,2496,14,91.6442179986916,True
negotiate,20,0.05,9,51,conflict,R0,1,1,0,1,0,0,2496,14,219.31123600006686,True
negotiate,20,0.05,9,51,conflict,R0,1,1,0,1,0,0,2496,14,433.0300109995733,True
negotiate,20,0.05,9,51,conflict,R0,1,1,0,1,0,0,2496,14,333.75357200020517,True
negotiate,20,0.05,9,51,conflict,R0,1,1,0,1,0,0,2496,14,226.84522300005483,True
negotiate,20,0.05,9,51,conflict,R0,1,1,0,1,0,0,2496,14,370.31598700014,True
negotiate,20,0.05,9,51,conflict,R0,1,1,0,1,0,0,2496,14,190.30313200164528,True
negotiate,20,0.05,9,51,conflict,R0,1,1,0,1,0,0,2496,14,150.11515699916345,True
negotiate,20,0.05,9,51,conflict,R0,1,1,0,1,0,0,2496,14,168.8092290005443,True
negotiate,20,0.05,9,51,conflict,R0,1,1,0,1,0,0,2496,14,160.03491599985864,True
negotiate,20,0.05,9,51,conflict,R0,1,1,0,1,0,0,2496,14,186.00754200087977,True
negotiate,20,0.05,9,51,conflict,R0,1,1,0,1,0,0,2496,14,94.09287800008315,True
negotiate,20,0.05,9,51,conflict,R0,1,1,0,1,0,0,2496,14,137.08062600017,True
negotiate,20,0.05,9,51,conflict,R0,1,1,0,1,0,0,2496,14,71.79317400004948,True
negotiate,20,0.05,9,51,conflict,R0,1,1,0,1,0,0,2496,14,74.82424399859156,True
negotiate,20,0.05,9,51,conflict,R0,1,1,0,1,0,0,2496,14,145.85632099988288,True
negotiate,20,0.05,9,51,conflict,R0,1,1,0,1,0,0,2496,14,162.6032860003761,True
negotiate,20,0.05,9,51,conflict,R0,1,1,0,1,0,0,2496,14,156.53852300056315,True
negotiate,20,0.05,9,51,conflict,R0,1,1,0,1,0,0,2496,14,164.4795880001766,True
negotiate,20,0.05,9,51,conflict,R0,1,1,0,1,0,0,2496,14,75.92601800024568,True
negotiate,20,0.05,9,51,conflict,R0,1,1,0,1,0,0,2496,14,75.99895699968329,True
negotiate,20,0.05,9,51,conflict,R0,1,1,0,1,0,0,2496,14,102.43892399921606,True
negotiate,20,0.05,9,51,conflict,R0,1,1,0,1,0,0,2496,14,101.20031500082405,True
negotiate,20,0.05,9,51,conflict,R0,1,1,0,1,0,0,2496,14,152.23831799994514,True
negotiate,20,0.05,9,51,conflict,R0,1,1,0,1,0,0,2496,14,85.24285099883855,True
negotiate,20,0.05,9,51,conflict,R0,1,1,0,1,0,0,2496,14,141.40910600144707,True
negotiate,20,0.05,9,51,conflict,R0,1,1,0,1,0,0,2496,14,90.93097299955843,True
negotiate,20,0.05,9,51,conflict,R0,1,1,0,1,0,0,2496,14,71.71851500061166,True
negotiate,20,0.05,9,51,conflict,R0,1,1,0,1,0,0,2496,14,74.55187699997623,True
negotiate,20,0.05,9,51,conflict,R0,1,1,0,1,0,0,2496,14,92.39860299931024,True
negotiate,20,0.05,9,51,conflict,R0,1,1,0,1,0,0,2496,14,131.35888000033447,True
negotiate,20,0.05,9,51,conflict,R0,1,1,0,1,0,0,2496,14,73.3826349987794,True
negotiate,20,0.05,9,51,conflict,R0,1,1,0,1,0,0,2496,14,71.12494000102743,True
negotiate,20,0.05,9,51,conflict,R0,1,1,0,1,0,0,2496,14,105.53378599979624,True
negotiate,20,0.05,9,51,conflict,R0,1,1,0,1,0,0,2496,14,118.17201600024418,True
negotiate,20,0.05,9,51,conflict,R0,1,1,0,1,0,0,2496,14,84.3503950000013,True
negotiate,20,0.05,9,51,conflict,R0,1,1,0,1,0,0,2496,14,71.09112199941592,True
negotiate,20,0.05,9,51,conflict,R0,1,1,0,1,0,0,2496,14,71.55163300012646,True
negotiate,20,0.05,9,51,conflict,R0,1,1,0,1,0,0,2496,14,95.67146299923479,True
negotiate,20,0.05,9,53,accident,R1,1,1,0,1,6,0,533,15,97.31175300112227,True
negotiate,20,0.05,9,57,blockage,R1,3,3,0,3,0,0,11060,24,719.8687899999641,True
negotiate,20,0.05,9,78,blockage,R0,1,1,0,1,0,0,1969,10,66.93174999963958,True
negotiate,20,0.05,9,88,blockage,R1,4,4,0,4,6,0,976,19,45.47629099943151,True
negotiate,20,0.1,1,10,blockage,R1,2,3,0,3,1,0,1459,28,174.54909899970517,True
negotiate,20,0.1,1,14,conflict,R1,2,2,0,2,8,0,1052,21,96.66151999954309,True
negotiate,20,0.1,1,17,breakdown,R4,1,1,0,1,0,0,801836,9,42918.007517999285,False
negotiate,20,0.1,1,20,blockage,R2,3,3,0,3,16,0,1331,28,113.4881090001727,True
negotiate,20,0.1,1,22,emergency,R2,5,5,0,5,52,0,2928,44,388.2117829998606,True
negotiate,20,0.1,1,24,blockage,R1,3,3,0,3,0,0,35444,28,1876.1374399982742,True
negotiate,20,0.1,1,30,blockage,R1,2,2,0,2,11,0,937,26,63.13437199969485,True
negotiate,20,0.1,1,31,conflict,R1,5,5,0,5,3,0,1872,49,134.99816000148712,True
negotiate,20,0.1,1,32,emergency,R2,4,4,0,4,53,0,1535,37,91.16466799969203,True
negotiate,20,0.1,1,39,accident,R2,1,1,0,1,12,0,466,14,31.775831999766524,True
negotiate,20,0.1,1,49,blockage,R0,1,1,0,1,0,0,716,14,38.48041699893656,True
negotiate,20,0.1,1,55,blockage,R1,6,7,0,7,4,0,2456,50,161.84508799960895,True
negotiate,20,0.1,1,56,blockage,R1,1,1,0,1,0,0,1068,10,52.01663300067594,True
negotiate,20,0.1,1,66,blockage,R1,1,1,0,1,0,0,336,10,42.602741999871796,True
negotiate,20,0.1,1,67,blockage,R1,2,2,0,2,8,0,978,21,56.64348299978883,True
negotiate,20,0.1,1,72,blockage,R1,4,4,0,4,1,0,796,30,78.30787599959876,True
negotiate,20,0.1,1,82,blockage,R1,1,1,0,1,5,0,382,6,26.697590001276694,True
negotiate,20,0.1,1,88,blockage,R2,2,4,0,4,115,0,756,19,58.06244299856189,True
negotiate,20,0.1,1,91,blockage,R1,4,4,0,4,2,0,36284,22,1626.8345849985053,True
negotiate,20,0.1,1,93,blockage,R1,2,2,0,2,1,0,558,13,53.62273399987316,True
negotiate,20,0.1,2,1,blockage,R1,3,3,0,3,3,0,2697,42,170.78425399995467,True
negotiate,20,0.1,2,12,blockage,R1,2,4,0,4,9,0,1560,35,208.3462350001355,True
negotiate,20,0.1,2,15,blockage,R1,2,2,0,2,2,0,8473,28,884.8087400001532,True
negotiate,20,0.1,2,17,blockage,R1,4,4,0,4,15,0,4715,35,329.11309500013886,True
negotiate,20,0.1,2,19,blockage,R1,4,4,0,4,3,0,4153,35,225.89434600013192,True
negotiate,20,0.1,2,22,blockage,R1,2,2,0,2,3,0,1483,21,124.64719299896387,True
negotiate,20,0.1,2,25,emergency,R2,2,2,0,2,45,0,1485,23,94.55902000081551,True
negotiate,20,0.1,2,32,accident,R2,7,7,0,7,25,0,2557,54,189.5628679994843,True
negotiate,20,0.1,2,44,blockage+emergency,R2,6,6,0,6,108,0,5165,56,409.56299099889293,True
negotiate,20,0.1,2,51,blockage,R1,2,2,0,2,7,0,1245,17,114.35693300154526,True
negotiate,20,0.1,2,59,accident,R2,1,1,0,1,9,0,803,10,57.1912239993253,True
negotiate,20,0.1,2,61,blockage,R2,7,8,0,8,51,0,20750,55,1185.610447999352,True
negotiate,20,0.1,2,63,blockage,R1,2,2,1,3,0,0,18132,23,965.9585779991176,True
negotiate,20,0.1,2,70,blockage,R1,4,4,0,4,5,0,14625,26,720.3153840000596,True
negotiate,20,0.1,2,84,blockage,R1,1,1,0,1,3,0,142,6,96.19793699857837,True
negotiate,20,0.1,2,90,blockage,R1,1,1,0,1,3,0,1032,10,250.66867699933937,True
negotiate,20,0.1,4,9,accident,R2,1,1,0,1,10,0,822,21,61.57679599891708,True
negotiate,20,0.1,4,10,blockage,R0,1,1,0,1,0,0,820,21,32.05051900113176,True
negotiate,20,0.1,4,16,blockage,R1,2,3,0,3,9,0,1943,28,137.9992679994757,True
negotiate,20,0.1,4,22,emergency,R2,6,7,0,7,135,0,5159,67,839.5365779997519,True
negotiate,20,0.1,4,27,blockage,R2,5,8,0,8,14,0,3058,61,204.65751700066903,True
negotiate,20,0.1,4,31,accident,R1,5,5,0,5,14,0,2359,38,138.35822399960307,True
negotiate,20,0.1,4,50,blockage,R1,2,3,0,3,0,0,1383,26,84.67474200006109,True
negotiate,20,0.1,4,59,blockage,R1,6,6,0,6,17,0,1907,40,115.41845599822409,True
negotiate,20,0.1,4,60,blockage,R1,3,3,0,3,4,0,996,25,60.08691699935298,True
negotiate,20,0.1,4,66,blockage,R1,4,4,0,4,6,0,1286,30,118.66851800004952,True
negotiate,20,0.1,4,68,blockage,R0,1,1,0,1,0,0,884,10,46.771441000601044,True
negotiate,20,0.1,4,79,blockage,R1,1,1,0,1,0,0,850,19,50.366383000437054,True
negotiate,20,0.1,4,90,blockage,R1,5,5,0,5,6,0,2260,31,105.90854699876218,True
negotiate,20,0.1,5,4,emergency,R2,1,1,0,1,22,0,1160,16,82.55747099974542,True
negotiate,20,0.1,5,11,accident,R2,2,3,0,3,11,0,2300,28,172.4264710010175,True
negotiate,20,0.1,5,13,blockage+emergency,R2,4,5,0,5,72,0,4630,51,378.09399499928986,True
negotiate,20,0.1,5,16,blockage,R1,1,1,0,1,0,0,2999,14,191.16080200001306,True
negotiate,20,0.1,5,21,blockage,R1,2,2,0,2,0,0,2618,21,134.93092200042156,True
negotiate,20,0.1,5,25,blockage,R1,2,2,0,2,1,0,11576,20,773.423783999533,True
negotiate,20,0.1,5,31,blockage,R1,5,5,0,5,7,0,1619,47,199.23963000110234,True
negotiate,20,0.1,5,33,blockage,R1,2,3,0,3,0,0,4444,32,318.4548919998633,True
negotiate,20,0.1,5,38,blockage,R1,6,6,0,6,2,0,3521,46,264.7429579992604,True
negotiate,20,0.1,5,46,accident,R1,6,6,0,6,12,0,1819,37,160.64574799929687,True
negotiate,20,0.1,5,57,blockage,R1,1,1,0,1,1,0,594,10,60.780523001085385,True
negotiate,20,0.1,5,66,blockage,R0,1,1,0,1,0,0,570,6,37.14877299898944,True
negotiate,20,0.1,5,70,blockage,R1,5,5,0,5,3,0,994,26,105.55244399984076,True
negotiate,20,0.1,5,87,blockage,R4,1,1,0,1,28,0,2053825,14,99168.85728700072,False
negotiate,20,0.1,5,93,blockage,R1,1,1,0,1,1,0,540,6,32.430526000098325,True
negotiate,20,0.1,5,94,blockage,R1,3,3,0,3,0,0,958,15,54.94455799998832,True
negotiate,20,0.1,5,103,conflict,R1,4,4,0,4,9,0,816,14,47.68933600098535,True
negotiate,20,0.1,7,10,emergency,R2,2,4,0,4,28,0,2970,44,260.6490649995976,True
negotiate,20,0.1,7,13,accident,R2,2,2,0,2,20,0,1549,21,294.29475699907925,True
negotiate,20,0.1,7,14,accident+blockage,R2,4,5,0,5,16,0,7268,50,472.58787299870164,True
negotiate,20,0.1,7,16,blockage,R1,1,2,0,2,3,0,1872,21,343.3635460005462,True
negotiate,20,0.1,7,17,blockage,R1,3,3,0,3,0,0,2147,28,227.60316000130842,True
negotiate,20,0.1,7,21,blockage,R1,1,1,0,1,3,0,1383,21,69.6722270004102,True
negotiate,20,0.1,7,22,emergency,R1,1,1,0,1,4,0,726,16,42.79126800065569,True
negotiate,20,0.1,7,33,blockage,R1,3,3,0,3,4,0,1812,31,70.32981000156724,True
negotiate,20,0.1,7,34,blockage,R0,2,2,0,2,0,0,1080,17,128.63075499990373,True
negotiate,20,0.1,7,37,blockage,R1,2,2,0,2,5,0,2316,21,96.15221800049767,True
negotiate,20,0.1,7,45,blockage,R2,4,4,1,5,72,0,34920,43,1800.1358799992886,True
negotiate,20,0.1,7,51,blockage,R1,1,3,0,3,0,0,1065,20,84.35902500059456,True
negotiate,20,0.1,7,70,blockage,R1,1,1,0,1,1,0,662,10,45.96405299889739,True
negotiate,20,0.1,7,73,blockage,R1,8,9,0,9,5,0,32544,55,1513.0323360008333,True
negotiate,20,0.1,7,92,blockage,R1,3,4,0,4,2,0,662,19,47.53533900111506,True
negotiate,20,0.1,9,9,blockage+emergency,R2,8,8,0,8,56,0,19180,72,707.0077270000183,True
negotiate,20,0.1,9,13,blockage,R1,2,2,0,2,6,0,932,21,81.5054170016083,True
negotiate,20,0.1,9,16,blockage,R1,2,2,0,2,4,0,1165,21,165.43614599868306,True
negotiate,20,0.1,9,19,emergency,R2,3,3,0,3,50,0,4116,26,167.36939899965364,True
negotiate,20,0.1,9,21,accident,R1,4,5,0,5,18,0,5542,41,229.487094000433,True
negotiate,20,0.1,9,28,blockage,R1,1,1,0,1,0,0,532,10,32.82365300037782,True
negotiate,20,0.1,9,31,blockage,R1,4,4,0,4,15,0,2413,40,113.11524700067821,True
negotiate,20,0.1,9,40,blockage,R1,6,7,0,7,7,0,15233,55,519.6681850011373,True
negotiate,20,0.1,9,47,blockage,R1,3,3,0,3,8,0,2165,24,97.95071500047925,True
negotiate,20,0.1,9,55,accident,R0,1,1,0,1,13,0,200,10,22.034148998500314,True
negotiate,20,0.1,9,57,blockage,R1,3,4,0,4,1,0,1230,27,61.01183000100718,True
negotiate,20,0.1,9,64,blockage,R1,2,2,0,2,3,0,1160,20,54.47904200082121,True
negotiate,20,0.1,9,66,blockage,R1,2,4,0,4,0,0,1192,29,59.16506399989885,True
negotiate,20,0.1,9,71,blockage,R2,4,5,0,5,18,0,3672,35,142.44767600030173,True
negotiate,20,0.1,9,78,blockage,R1,1,1,0,1,0,0,417,10,25.59390100032033,True
negotiate,20,0.1,9,88,blockage,R1,3,4,0,4,7,0,998,20,81.61258900145185,True
negotiate,20,0.15,2,1,blockage,R1,3,3,0,3,3,0,2675,42,314.1604140000709,True
negotiate,20,0.15,2,5,emergency,R2,3,3,0,3,38,3,1934,30,250.9710840004118,True
negotiate,20,0.15,2,12,blockage,R1,2,3,0,3,6,3,1991,37,313.0298979995132,True
negotiate,20,0.15,2,15,blockage,R1,2,2,0,2,2,3,8407,28,1038.5949139999866,True
negotiate,20,0.15,2,16,blockage,R0,1,1,0,1,0,3,1195,29,142.73551000042062,True
negotiate,20,0.15,2,17,blockage,R1,4,4,0,4,15,3,4688,35,545.3432129997964,True
negotiate,20,0.15,2,19,blockage,R1,4,4,0,4,3,3,4191,35,195.12044200018863,True
negotiate,20,0.15,2,21,accident,R1,1,2,0,2,0,3,875,21,94.14394899977196,True
negotiate,20,0.15,2,22,blockage,R1,2,2,0,2,2,3,1463,21,96.24379700107966,True
negotiate,20,0.15,2,25,emergency,R2,4,4,0,4,68,3,1273,35,442.5503969996498,True
negotiate,20,0.15,2,27,breakdown,R4,2,2,0,2,0,3,806293,15,44905.486904999634,False
negotiate,20,0.15,2,35,blockage,R1,1,1,0,1,1,3,504,14,35.85928999928001,True
negotiate,20,0.15,2,41,blockage,R1,5,5,0,5,4,3,1803,44,135.63763500133064,True
negotiate,20,0.15,2,42,blockage,R1,2,2,0,2,2,3,1257,27,68.51524800003972,True
negotiate,20,0.15,2,44,blockage,R1,3,3,0,3,3,3,1120,32,77.11466300133907,True
negotiate,20,0.15,2,51,blockage,R2,2,2,0,2,78,3,675,21,69.74284999887459,True
negotiate,20,0.15,2,61,blockage,R2,7,8,0,8,28,3,12105,62,783.9529690008931,True
negotiate,20,0.15,2,62,blockage,R1,2,2,0,2,0,3,281,13,34.057562001180486,True
negotiate,20,0.15,2,63,blockage,R1,1,1,0,1,1,3,626,10,91.63208500103792,True
negotiate,20,0.15,2,70,blockage,R1,3,3,0,3,2,3,9163,19,739.146931000505,True
negotiate,20,0.15,2,84,blockage,R1,3,3,0,3,1,3,772,16,42.06356299982872,True
negotiate,20,0.15,2,90,blockage,R1,2,2,0,2,7,3,877,15,52.00981199959642,True
self_only,20,0.0,0,24,emergency,R2,1,1,0,1,54,0,588,8,60.884536998855765,True
self_only,20,0.0,0,28,accident,R2,1,1,0,1,13,0,390,7,53.28765500053123,True
self_only,20,0.0,0,32,emergency,R2,1,1,0,1,39,0,366,8,61.37532799948531,True
self_only,20,0.0,0,34,accident,R1,1,1,0,1,5,0,239,7,122.75524299911922,True
self_only,20,0.0,0,34,conflict,R1,2,2,0,2,13,0,993,14,160.21303299930878,True
self_only,20,0.0,1,8,conflict,R1,2,2,0,2,0,0,550,14,97.81315100008214,True
self_only,20,0.0,1,9,emergency,R2,1,1,0,1,47,0,829,8,81.27340299870411,True
self_only,20,0.0,1,22,accident,R2,2,2,0,2,38,0,853,14,141.64123500086134,True
self_only,20,0.0,1,22,conflict,R1,2,2,0,2,5,0,757,14,132.9362129999936,True
self_only,20,0.0,1,47,emergency,R2,1,1,0,1,65,0,482,8,96.8405530002201,True
self_only,20,0.0,2,14,emergency,R2,1,1,0,1,79,0,1717,8,219.278436001332,True
self_only,20,0.0,2,31,emergency,R2,1,1,0,1,54,0,479,8,76.11898199866118,True
self_only,20,0.0,2,48,accident+breakdown,R4,3,3,0,3,78,0,766,28,700.6439139986469,True
self_only,20,0.0,2,98,conflict,R2,2,2,0,2,116,0,815,12,86.18004399977508,True
self_only,20,0.0,3,21,emergency,R2,1,1,0,1,39,0,378,8,52.85377600011998,True
self_only,20,0.0,3,23,accident,R1,1,1,0,1,7,0,271,5,44.26719500042964,True
self_only,20,0.0,3,26,emergency,R2,1,1,0,1,31,0,263,6,49.57723699953931,True
self_only,20,0.0,3,56,accident,R2,1,1,0,1,19,0,387,5,45.62586999963969,True
self_only,20,0.0,4,22,accident,R1,1,1,0,1,6,0,157,7,27.62757500022417,True
self_only,20,0.0,4,25,emergency,R2,1,1,0,1,47,0,633,6,34.52920699965034,True
self_only,20,0.0,4,39,emergency,R2,1,1,0,1,67,0,439,8,36.17593799936003,True
self_only,20,0.0,4,53,accident,R2,1,1,0,1,15,0,427,5,28.715124000882497,True
self_only,20,0.0,5,11,emergency,R2,1,1,0,1,77,0,866,8,74.57882099879498,True
self_only,20,0.0,5,23,accident,R2,1,1,0,1,19,0,321,7,41.213754999262164,True
self_only,20,0.0,5,31,emergency,R2,1,1,0,1,33,0,371,8,46.99851799887256,True
self_only,20,0.0,5,43,accident,R1,1,1,0,1,0,0,324,5,54.51345300025423,True
self_only,20,0.0,5,43,conflict,R2,2,2,0,2,9,0,754,12,59.00195200047165,True
self_only,20,0.0,6,7,emergency,R2,1,1,0,1,12,0,314,8,58.874811000350746,True
self_only,20,0.0,6,14,emergency,R1,1,1,0,1,0,0,986,8,89.75179499975638,True
self_only,20,0.0,6,27,breakdown,R4,2,2,0,2,137,0,1467,40,7536.840886999926,True
self_only,20,0.0,6,39,breakdown,R4,1,1,0,1,0,0,0,0,49.54308900050819,False
self_only,20,0.0,6,78,conflict,R2,2,2,0,2,62,0,299,10,51.41639599969494,True
self_only,20,0.0,6,161,conflict,R2,2,2,0,2,567,0,662,8,53.12956799934909,True
self_only,20,0.0,7,2,emergency,R2,1,1,0,1,13,0,555,8,48.21333699874231,True
self_only,20,0.0,7,29,accident,R1,1,1,0,1,8,0,440,7,40.68448600082775,True
self_only,20,0.0,7,40,emergency,R2,1,1,0,1,53,0,680,6,53.413738000017474,True
self_only,20,0.0,7,52,accident,R1,1,1,0,1,4,0,125,5,32.114008001371985,True
self_only,20,0.0,7,53,conflict,R1,2,2,0,2,5,0,849,10,47.56357499900332,True
self_only,20,0.0,7,55,conflict,R1,2,2,0,2,1,0,750,10,114.55711700000393,True
self_only,20,0.0,8,3,emergency,R2,1,1,0,1,33,0,528,8,51.26387199925375,True
self_only,20,0.0,8,7,accident,R1,1,1,0,1,0,0,651,7,87.99255299891229,True
self_only,20,0.0,8,9,conflict,R1,2,2,0,2,0,0,1178,14,129.22804099980567,True
self_only,20,0.0,8,10,conflict,R1,2,2,0,2,5,0,1162,14,81.61390100030985,True
self_only,20,0.0,8,21,emergency,R2,1,1,0,1,20,0,517,8,40.60641900105111,True
self_only,20,0.0,8,48,accident,R2,1,1,0,1,14,0,349,7,70.20266600011382,True
self_only,20,0.0,8,48,conflict,R1,2,2,0,2,4,0,641,12,101.2375130012515,True
self_only,20,0.0,9,16,emergency,R2,1,1,0,1,46,0,676,8,73.08411700068973,True
self_only,20,0.0,9,23,accident,R1,1,1,0,1,8,0,445,7,50.56629399950907,True
self_only,20,0.0,9,26,conflict,R1,2,2,0,2,0,0,600,14,66.09689200013236,True
self_only,20,0.0,9,29,accident,R2,1,1,0,1,13,0,287,7,44.91985599997861,True
self_only,20,0.0,9,41,emergency,R2,1,1,0,1,59,0,322,6,56.05590900086099,True
self_only,20,0.02,0,21,accident,R2,1,1,0,1,15,0,146,7,41.685112000777735,True
self_only,20,0.02,0,37,emergency,R2,1,1,0,1,45,0,464,6,55.53059200065036,True
self_only,20,0.02,0,40,emergency,R2,1,1,0,1,75,0,1035,6,82.47596999899542,True
self_only,20,0.02,0,49,accident,R1,1,1,0,1,0,0,825,5,115.64753099992231,True
self_only,20,0.02,0,50,blockage,R1,1,1,0,1,0,0,291,6,27.53740699881746,True
self_only,20,0.02,1,2,emergency,R2,1,1,0,1,12,0,384,8,97.13419000036083,True
self_only,20,0.02,1,18,accident,R2,1,1,0,1,23,0,235,7,89.31329500046559,True
self_only,20,0.02,1,31,emergency,R2,1,1,0,1,33,0,446,8,124.27646799915237,True
self_only,20,0.02,1,43,accident,R2,1,1,0,1,18,0,817,7,55.809831001170096,True
self_only,20,0.02,1,55,blockage,R1,3,3,0,3,4,0,635,13,56.49886599894671,True
self_only,20,0.02,2,27,emergency,R2,1,1,0,1,34,0,532,8,73.52265100053046,True
self_only,20,0.02,2,28,conflict,R1,1,1,0,1,0,0,157,7,108.30184199949144,True
self_only,20,0.02,2,35,accident,R1,1,1,0,1,7,0,117,5,38.4177539999655,True
self_only,20,0.02,2,42,accident,R1,1,1,0,1,7,0,201,7,45.65892399841687,True
self_only,20,0.02,2,44,blockage,R1,1,1,0,1,3,0,395,7,53.199277999738115,True
self_only,20,0.02,2,46,emergency,R2,1,1,0,1,31,0,474,6,70.90880699979607,True
self_only,20,0.02,2,70,blockage,R1,1,1,0,1,3,0,293,3,40.814994001266314,True
self_only,20,0.02,3,11,accident,R2,1,1,0,1,15,0,415,7,39.74438399927749,True
self_only,20,0.02,3,12,conflict,R1,2,2,0,2,0,0,30769,14,1836.795549001181,True
self_only,20,0.02,3,13,accident,R2,1,1,0,1,11,0,150,7,98.51241400065192,True
self_only,20,0.02,3,15,emergency,R2,1,1,0,1,81,0,543,8,76.3579349986685,True
self_only,20,0.02,3,18,emergency,R2,1,1,0,1,64,0,1585,8,118.65193999983603,True
self_only,20,0.02,3,72,blockage,R1,1,1,0,1,0,0,127,5,31.064699000125984,True
self_only,20,0.02,3,72,conflict,R1,1,1,0,1,0,0,185,3,37.720913998782635,True
self_only,20,0.02,4,2,accident,R2,1,1,0,1,15,0,433,7,54.584084000453004,True
self_only,20,0.02,4,16,blockage+emergency,R2,2,2,0,2,98,0,1658,15,124.45925000065472,True
self_only,20,0.02,4,23,emergency,R2,1,1,0,1,60,0,582,8,53.66239300019515,True
self_only,20,0.02,4,27,breakdown,R4,1,1,0,1,0,0,1612833,14,84155.44927500014,False
self_only,20,0.02,4,38,conflict,R2,2,2,0,2,83,0,829,15,139.8186220012576,True
self_only,20,0.02,4,60,blockage,R1,1,1,0,1,1,0,113,5,40.72534499937319,True
self_only,20,0.02,6,4,blockage,R1,1,1,0,1,0,0,344,7,44.39509499934502,True
self_only,20,0.02,6,9,emergency,R2,1,1,0,1,55,0,593,8,49.923361000765,True
self_only,20,0.02,6,11,accident,R1,1,1,0,1,7,0,406,7,47.58405599932303,True
self_only,20,0.02,6,11,conflict,R1,2,2,0,2,0,0,693,14,35.40458299903548,True
self_only,20,0.02,6,17,accident,R2,1,1,0,1,12,0,302,7,41.13853200033191,True
self_only,20,0.02,6,19,blockage+emergency,R2,2,2,0,2,44,0,872,16,67.9502439998032,True
self_only,20,0.02,6,23,conflict,R1,2,2,0,2,3,0,630,14,62.11218499993265,True
self_only,20,0.02,6,26,blockage,R0,1,1,0,1,4,0,252,7,41.968031000578776,True
self_only,20,0.02,6,26,conflict,R1,2,2,0,2,0,0,839,14,57.009191001270665,True
self_only,20,0.02,6,54,blockage,R0,1,1,0,1,0,0,246,7,29.20922100020107,True
self_only,20,0.02,7,13,emergency,R2,1,1,0,1,38,0,274,8,61.07742499989399,True
self_only,20,0.02,7,15,accident,R2,1,1,0,1,9,0,481,7,67.58914199963328,True
self_only,20,0.02,7,34,emergency,R2,1,1,0,1,46,0,351,6,63.872909000565414,True
self_only,20,0.02,7,46,accident,R1,1,1,0,1,0,0,6970,7,412.92911599884974,True
self_only,20,0.02,7,73,blockage,R1,4,4,0,4,4,0,1045,18,145.0281659999746,True
self_only,20,0.02,7,92,blockage,R1,1,1,0,1,4,0,88,3,72.53041200056032,True
self_only,20,0.02,8,19,emergency,R2,1,1,0,1,44,0,580,8,70.13828299932356,True
self_only,20,0.02,8,27,blockage,R1,3,3,0,3,4,0,3151,21,317.47281400021166,True
self_only,20,0.02,8,30,accident,R1,1,1,0,1,7,0,530,7,49.19769700063625,True
self_only,20,0.02,8,34,accident,R1,1,1,0,1,1,0,340,7,24.133588000040618,True
self_only,20,0.02,8,36,conflict,R1,2,2,0,2,0,0,468,12,39.8645690002013,True
self_only,20,0.02,8,42,emergency,R2,1,1,0,1,56,0,856,6,55.14936100007617,True
self_only,20,0.02,8,77,blockage,R1,1,1,0,1,0,0,218,3,26.57799600092403,True
self_only,20,0.02,9,29,emergency,R2,1,1,0,1,60,0,587,8,111.63527200005774,True
self_only,20,0.02,9,37,accident,R2,1,1,0,1,13,0,302,7,40.41913299988664,True
self_only,20,0.02,9,41,conflict,R1,2,2,0,2,3,0,571,12,56.05767699853459,True
self_only,20,0.02,9,44,emergency,R2,1,1,0,1,50,0,521,6,61.08552399928158,True
self_only,20,0.02,9,46,conflict,R1,1,1,0,1,2,0,190,5,30.500066000968218,True
self_only,20,0.02,9,57,blockage+breakdown,R4,2,2,0,2,1,0,192,5,89.52909900108352,False
self_only,20,0.02,9,78,blockage,R1,1,1,0,1,0,0,5609,5,218.84220500032825,True
self_only,20,0.02,9,88,blockage,R1,1,1,0,1,3,0,199,5,30.85910699883243,True
self_only,20,0.05,0,24,emergency,R2,1,1,0,1,64,0,811,8,130.28728700010106,True
self_only,20,0.05,0,25,emergency,R2,1,1,0,1,34,0,281,8,49.29337699832104,True
self_only,20,0.05,0,30,blockage,R1,1,1,0,1,0,0,151,7,51.702675000342424,True
self_only,20,0.05,0,33,accident,R2,1,1,0,1,17,0,207,7,28.15386799920816,True
self_only,20,0.05,0,38,blockage,R1,1,1,0,1,5,0,502,5,62.749079001150676,True
self_only,20,0.05,0,50,blockage,R1,1,1,0,1,3,0,87,5,40.079070000501815,True
self_only,20,0.05,0,52,breakdown,R4,1,1,0,1,0,0,1629786,17,78570.00216600136,False
self_only,20,0.05,0,54,blockage,R1,1,1,0,1,4,0,330,5,48.815954998644884,True
self_only,20,0.05,0,57,conflict,R2,2,2,0,2,91,0,364,12,51.430530000288854,True
self_only,20,0.05,0,67,blockage,R0,1,1,0,1,0,0,45,3,17.88975700037554,True
self_only,20,0.05,0,77,blockage,R1,1,1,0,1,2,0,94,3,50.86044499876152,True
self_only,20,0.05,2,9,accident,R2,1,1,0,1,15,0,424,7,60.26850799935346,True
self_only,20,0.05,2,10,accident,R1,1,1,0,1,7,0,473,7,61.5796540005249,True
self_only,20,0.05,2,16,emergency,R2,1,1,0,1,74,0,789,8,71.1084739996295,True
self_only,20,0.05,2,19,blockage,R0,1,1,0,1,0,0,756,8,57.272290001492365,True
self_only,20,0.05,2,22,emergency,R2,1,1,0,1,54,0,739,8,86.31573200000275,True
self_only,20,0.05,2,28,conflict,R1,1,1,0,1,0,0,154,7,36.34498200153757,True
self_only,20,0.05,2,44,blockage,R1,1,1,0,1,0,0,262,7,27.83790400098951,True
self_only,20,0.05,2,44,conflict,R1,2,2,0,2,7,0,771,14,171.97285199836188,True
self_only,20,0.05,2,51,blockage,R1,1,1,0,1,2,0,189,5,79.00366799913172,True
self_only,20,0.05,2,55,conflict,R1,1,1,0,1,2,0,373,5,101.86174199952802,True
self_only,20,0.05,2,61,blockage,R1,3,3,0,3,5,0,1066,19,217.44439499889268,True
self_only,20,0.05,2,62,conflict,R1,2,2,0,2,0,0,707,10,70.24831999842718,True
self_only,20,0.05,2,63,blockage,R1,1,1,0,1,0,0,476,7,47.16082499908225,True
self_only,20,0.05,2,63,conflict,R1,2,2,0,2,0,0,565,8,119.13602499953413,True
self_only,20,0.05,2,64,conflict,R1,1,1,0,1,6,0,290,3,38.222315999519196,True
self_only,20,0.05,2,70,blockage,R1,1,1,0,1,1,0,278,3,29.557128998931148,True
self_only,20,0.05,2,84,blockage,R1,1,1,0,1,4,0,87,3,25.014242999532144,True
self_only,20,0.05,2,90,blockage,R1,1,1,0,1,9,0,441,7,37.40687599929515,True
self_only,20,0.05,3,2,blockage,R1,1,1,0,1,0,0,440,7,74.62792699880083,True
self_only,20,0.05,3,7,emergency,R1,1,1,0,1,0,0,9620,8,588.7596409993421,True
self_only,20,0.05,3,8,accident,R2,1,1,0,1,27,0,608,7,82.46620800127857,True
self_only,20,0.05,3,27,blockage,R1,1,1,0,1,0,0,216,7,36.84981299920764,True
self_only,20,0.05,3,33,conflict,R1,1,1,0,1,7,0,201,7,45.642649000001256,True
self_only,20,0.05,3,36,emergency,R2,1,1,0,1,36,0,245,8,59.90422800095985,True
self_only,20,0.05,3,39,blockage,R1,1,1,0,1,0,0,352,5,65.12426399967808,True
self_only,20,0.05,3,43,blockage,R1,1,1,0,1,4,0,250,5,42.202171998724225,True
self_only,20,0.05,3,48,accident,R2,1,1,0,1,17,0,203,7,38.46503299973847,True
self_only,20,0.05,3,72,blockage,R1,1,1,0,1,0,0,127,5,35.34072200091032,True
self_only,20,0.05,3,72,conflict,R1,1,1,0,1,0,0,186,3,34.18259200043394,True
self_only,20,0.05,3,74,blockage,R1,1,1,0,1,2,0,136,5,23.957545001394465,True
self_only,20,0.05,3,77,blockage,R1,1,1,0,1,4,0,207,5,54.96429400045599,True
self_only,20,0.05,3,96,conflict,R1,1,1,0,1,0,0,70,3,28.77954200084787,True
self_only,20,0.05,4,16,blockage,R1,1,1,0,1,1,0,250,7,53.852344999540946,True
self_only,20,0.05,4,17,emergency,R2,1,1,0,1,50,0,501,8,67.69348499983607,True
self_only,20,0.05,4,35,accident,R2,1,1,0,1,11,0,206,5,45.9824870013108,True
self_only,20,0.05,4,35,conflict,R1,2,2,0,2,6,0,464,12,66.09195300006832,True
self_only,20,0.05,4,35,conflict,R1,1,1,0,1,8,0,768,7,61.39462300052401,True
self_only,20,0.05,4,38,accident,R2,1,1,0,1,26,0,603,7,102.34863100049552,True
self_only,20,0.05,4,38,conflict,R1,2,2,0,2,5,0,508,12,63.624596999943606,True
self_only,20,0.05,4,40,conflict,R1,2,2,0,2,4,0,974,14,83.47920500091277,True
self_only,20,0.05,4,41,conflict,R2,2,2,0,2,11,0,1815,14,85.08514399909473,True
self_only,20,0.05,4,41,emergency,R2,1,1,0,1,54,0,466,6,64.58354699861957,True
self_only,20,0.05,4,43,conflict,R1,1,1,0,1,0,0,493,7,37.620703000357025,True
self_only,20,0.05,4,43,conflict,R0,1,1,0,1,0,0,493,7,32.994564000546234,True
self_only,20,0.05,4,43,conflict,R0,1,1,0,1,0,0,493,7,34.412970999255776,True
self_only,20,0.05,4,43,conflict,R0,1,1,0,1,0,0,493,7,43.6347430004389,True
self_only,20,0.05,4,43,conflict,R0,1,1,0,1,0,0,493,7,54.170155999599956,True
self_only,20,0.05,4,43,conflict,R0,1,1,0,1,0,0,493,7,39.56979299982777,True
self_only,20,0.05,4,43,conflict,R0,1,1,0,1,0,0,493,7,41.4243710001756,True
self_only,20,0.05,4,43,conflict,R0,1,1,0,1,0,0,493,7,41.38012200019148,True
self_only,20,0.05,4,43,conflict,R0,1,1,0,1,0,0,493,7,33.34297699984745,True
self_only,20,0.05,4,43,conflict,R0,1,1,0,1,0,0,493,7,35.603218000687775,True
self_only,20,0.05,4,43,conflict,R0,1,1,0,1,0,0,493,7,32.83059200111893,True
self_only,20,0.05,4,43,conflict,R0,1,1,0,1,0,0,493,7,32.56294700076978,True
self_only,20,0.05,4,43,conflict,R0,1,1,0,1,0,0,493,7,32.472794999193866,True
self_only,20,0.05,4,43,conflict,R0,1,1,0,1,0,0,493,7,34.09066600033839,True
self_only,20,0.05,4,43,conflict,R0,1,1,0,1,0,0,493,7,32.33767100027762,True
self_only,20,0.05,4,43,conflict,R0,1,1,0,1,0,0,493,7,33.31686000092304,True
self_only,20,0.05,4,43,conflict,R0,1,1,0,1,0,0,493,7,33.90636999938579,True
self_only,20,0.05,4,43,conflict,R0,1,1,0,1,0,0,493,7,32.850246998350485,True
self_only,20,0.05,4,43,conflict,R0,1,1,0,1,0,0,493,7,31.645114000639296,True
self_only,20,0.05,4,43,conflict,R0,1,1,0,1,0,0,493,7,42.2832339991146,True
self_only,20,0.05,4,43,conflict,R0,1,1,0,1,0,0,493,7,29.557003999798326,True
self_only,20,0.05,4,43,conflict,R0,1,1,0,1,0,0,493,7,30.23807099998521,True
self_only,20,0.05,4,43,conflict,R0,1,1,0,1,0,0,493,7,30.308733999845572,True
self_only,20,0.05,4,43,conflict,R0,1,1,0,1,0,0,493,7,32.3913709999033,True
self_only,20,0.05,4,43,conflict,R0,1,1,0,1,0,0,493,7,48.60596000071382,True
self_only,20,0.05,4,43,conflict,R0,1,1,0,1,0,0,493,7,40.425283999866224,True
self_only,20,0.05,4,43,conflict,R0,1,1,0,1,0,0,493,7,34.75397900001553,True
self_only,20,0.05,4,43,conflict,R0,1,1,0,1,0,0,493,7,57.917068001188454,True
self_only,20,0.05,4,43,conflict,R0,1,1,0,1,0,0,493,7,73.03321700055676,True
self_only,20,0.05,4,43,conflict,R0,1,1,0,1,0,0,493,7,81.21877000121458,True
self_only,20,0.05,4,43,conflict,R0,1,1,0,1,0,0,493,7,82.18207199934113,True
self_only,20,0.05,4,43,conflict,R0,1,1,0,1,0,0,493,7,78.6579729992809,True
self_only,20,0.05,4,43,conflict,R0,1,1,0,1,0,0,493,7,90.86422399923322,True
self_only,20,0.05,4,43,conflict,R0,1,1,0,1,0,0,493,7,72.34660799986159,True
self_only,20,0.05,4,43,conflict,R0,1,1,0,1,0,0,493,7,71.92107499940903,True
self_only,20,0.05,4,43,conflict,R0,1,1,0,1,0,0,493,7,33.95525300038571,True
self_only,20,0.05,4,43,conflict,R0,1,1,0,1,0,0,493,7,40.46618599932117,True
self_only,20,0.05,4,43,conflict,R0,1,1,0,1,0,0,493,7,36.6054450005322,True
self_only,20,0.05,4,43,conflict,R0,1,1,0,1,0,0,493,7,39.10580099909566,True
self_only,20,0.05,4,43,conflict,R0,1,1,0,1,0,0,493,7,40.412850999928196,True
self_only,20,0.05,4,43,conflict,R0,1,1,0,1,0,0,493,7,40.341299998544855,True
self_only,20,0.05,4,43,conflict,R0,1,1,0,1,0,0,493,7,35.856878999766195,True
self_only,20,0.05,4,43,conflict,R0,1,1,0,1,0,0,493,7,42.27463000097487,True
self_only,20,0.05,4,43,conflict,R0,1,1,0,1,0,0,493,7,75.05105899872433,True
self_only,20,0.05,4,43,conflict,R0,1,1,0,1,0,0,493,7,63.29838600140647,True
self_only,20,0.05,4,43,conflict,R0,1,1,0,1,0,0,493,7,78.56273300058092,True
self_only,20,0.05,4,43,conflict,R0,1,1,0,1,0,0,493,7,31.701848000011523,True
self_only,20,0.05,4,43,conflict,R0,1,1,0,1,0,0,493,7,31.29173900015303,True
self_only,20,0.05,4,43,conflict,R0,1,1,0,1,0,0,493,7,29.952606000733795,True
self_only,20,0.05,4,43,conflict,R0,1,1,0,1,0,0,493,7,30.50476700082072,True
self_only,20,0.05,4,43,conflict,R0,1,1,0,1,0,0,493,7,31.789120999746956,True
self_only,20,0.05,4,43,conflict,R0,1,1,0,1,0,0,493,7,34.484836000046926,True
self_only,20,0.05,4,43,conflict,R0,1,1,0,1,0,0,493,7,36.22443200038106,True
self_only,20,0.05,4,43,conflict,R0,1,1,0,1,0,0,493,7,34.7449550008605,True
self_only,20,0.05,4,43,conflict,R0,1,1,0,1,0,0,493,7,31.91463199982536,True
self_only,20,0.05,4,43,conflict,R0,1,1,0,1,0,0,493,7,35.37810099987837,True
self_only,20,0.05,4,43,conflict,R0,1,1,0,1,0,0,493,7,33.29912899971532,True
self_only,20,0.05,4,43,conflict,R0,1,1,0,1,0,0,493,7,35.772933000771445,True
self_only,20,0.05,4,43,conflict,R0,1,1,0,1,0,0,493,7,32.34008900108165,True
self_only,20,0.05,4,43,conflict,R0,1,1,0,1,0,0,493,7,31.11674700085132,True
self_only,20,0.05,4,43,conflict,R0,1,1,0,1,0,0,493,7,28.587544000401977,True
self_only,20,0.05,4,43,conflict,R0,1,1,0,1,0,0,493,7,28.73212600024999,True
self_only,20,0.05,4,43,conflict,R0,1,1,0,1,0,0,493,7,29.932632000054582,True
self_only,20,0.05,4,43,conflict,R0,1,1,0,1,0,0,493,7,28.598888999113115,True
self_only,20,0.05,4,43,conflict,R0,1,1,0,1,0,0,493,7,29.01978699992469,True
self_only,20,0.05,4,43,conflict,R0,1,1,0,1,0,0,493,7,28.47094000026118,True
self_only,20,0.05,4,43,conflict,R0,1,1,0,1,0,0,493,7,48.98234599932039,True
self_only,20,0.05,4,43,conflict,R0,1,1,0,1,0,0,493,7,53.583787001116434,True
self_only,20,0.05,4,43,conflict,R0,1,1,0,1,0,0,493,7,54.48277400137158,True
self_only,20,0.05,4,43,conflict,R0,1,1,0,1,0,0,493,7,32.74437000072794,True
self_only,20,0.05,4,43,conflict,R0,1,1,0,1,0,0,493,7,27.10752299935848,True
self_only,20,0.05,4,43,conflict,R0,1,1,0,1,0,0,493,7,37.93737599880842,True
self_only,20,0.05,4,43,conflict,R0,1,1,0,1,0,0,493,7,46.63551800149435,True
self_only,20,0.05,4,43,conflict,R0,1,1,0,1,0,0,493,7,36.33022700159927,True
self_only,20,0.05,4,43,conflict,R0,1,1,0,1,0,0,493,7,32.04091800034803,True
self_only,20,0.05,4,43,conflict,R0,1,1,0,1,0,0,493,7,27.97963500051992,True
self_only,20,0.05,4,43,conflict,R0,1,1,0,1,0,0,493,7,23.252839000633685,True
self_only,20,0.05,4,43,conflict,R0,1,1,0,1,0,0,493,7,23.40089999961492,True
self_only,20,0.05,4,43,conflict,R0,1,1,0,1,0,0,494,7,44.22374699970533,True
self_only,20,0.05,4,43,conflict,R0,1,1,0,1,0,0,494,7,46.98281600030896,True
self_only,20,0.05,4,43,conflict,R0,1,1,0,1,0,0,494,7,29.369529000177863,True
self_only,20,0.05,4,43,conflict,R0,1,1,0,1,0,0,494,7,22.911387000931427,True
self_only,20,0.05,4,43,conflict,R0,1,1,0,1,0,0,494,7,23.41465600147785,True
self_only,20,0.05,4,43,conflict,R0,1,1,0,1,0,0,494,7,21.815950000018347,True
self_only,20,0.05,4,43,conflict,R0,1,1,0,1,0,0,494,7,21.479996999914874,True
self_only,20,0.05,4,43,conflict,R0,1,1,0,1,0,0,494,7,22.64289800041297,True
self_only,20,0.05,4,43,conflict,R0,1,1,0,1,0,0,494,7,23.858962000304018,True
self_only,20,0.05,4,43,conflict,R0,1,1,0,1,0,0,494,7,41.3846100000228,True
self_only,20,0.05,4,43,conflict,R0,1,1,0,1,0,0,494,7,59.2703040001652,True
self_only,20,0.05,4,43,conflict,R0,1,1,0,1,0,0,494,7,72.3026720006601,True
self_only,20,0.05,4,43,conflict,R0,1,1,0,1,0,0,494,7,77.66755599914177,True
self_only,20,0.05,4,43,conflict,R0,1,1,0,1,0,0,494,7,70.45737500084215,True
self_only,20,0.05,4,43,conflict,R0,1,1,0,1,0,0,494,7,72.58608499978436,True
self_only,20,0.05,4,43,conflict,R0,1,1,0,1,0,0,494,7,38.71280999919691,True
self_only,20,0.05,4,43,conflict,R0,1,1,0,1,0,0,494,7,51.099984999382286,True
self_only,20,0.05,4,43,conflict,R0,1,1,0,1,0,0,494,7,122.14418300027319,True
self_only,20,0.05,4,43,conflict,R0,1,1,0,1,0,0,494,7,159.7325450002245,True
self_only,20,0.05,4,43,conflict,R0,1,1,0,1,0,0,494,7,149.6282070002053,True
self_only,20,0.05,4,43,conflict,R0,1,1,0,1,0,0,494,7,174.67426500115835,True
self_only,20,0.05,4,43,conflict,R0,1,1,0,1,0,0,494,7,52.50369199893612,True
self_only,20,0.05,4,43,conflict,R0,1,1,0,1,0,0,494,7,42.91070200088143,True
self_only,20,0.05,4,43,conflict,R0,1,1,0,1,0,0,494,7,45.41819599944574,True
self_only,20,0.05,4,43,conflict,R0,1,1,0,1,0,0,494,7,47.79889299970819,True
self_only,20,0.05,4,43,conflict,R0,1,1,0,1,0,0,494,7,51.486874999682186,True
self_only,20,0.05,4,43,conflict,R0,1,1,0,1,0,0,494,7,31.687440001405776,True
self_only,20,0.05,4,43,conflict,R0,1,1,0,1,0,0,494,7,30.5153249992145,True
self_only,20,0.05,4,43,conflict,R0,1,1,0,1,0,0,494,7,70.87811900055385,True
self_only,20,0.05,4,43,conflict,R0,1,1,0,1,0,0,494,7,38.846395998916705,True
self_only,20,0.05,4,43,conflict,R0,1,1,0,1,0,0,494,7,39.32598899882578,True
self_only,20,0.05,4,43,conflict,R0,1,1,0,1,0,0,494,7,33.93965700161061,True
self_only,20,0.05,4,43,conflict,R0,1,1,0,1,0,0,494,7,37.55051100051787,True
self_only,20,0.05,4,43,conflict,R0,1,1,0,1,0,0,494,7,82.00022700111731,True
self_only,20,0.05,4,43,conflict,R0,1,1,0,1,0,0,494,7,52.574467999875196,True
self_only,20,0.05,4,43,conflict,R0,1,1,0,1,0,0,494,7,45.40940600054455,True
self_only,20,0.05,4,43,conflict,R0,1,1,0,1,0,0,494,7,43.926346999796806,True
self_only,20,0.05,4,43,conflict,R0,1,1,0,1,0,0,494,7,155.49291299976176,True
self_only,20,0.05,4,43,conflict,R0,1,1,0,1,0,0,494,7,58.82350700085226,True
self_only,20,0.05,4,43,conflict,R0,1,1,0,1,0,0,494,7,85.73711799908779,True
self_only,20,0.05,4,43,conflict,R0,1,1,0,1,0,0,494,7,62.88501100061694,True
self_only,20,0.05,4,43,conflict,R0,1,1,0,1,0,0,494,7,63.31635299829941,True
self_only,20,0.05,4,43,conflict,R0,1,1,0,1,0,0,494,7,30.41807299996435,True
self_only,20,0.05,4,43,conflict,R0,1,1,0,1,0,0,494,7,30.1411359996564,True
self_only,20,0.05,4,43,conflict,R0,1,1,0,1,0,0,494,7,35.3945240003668,True
self_only,20,0.05,4,43,conflict,R0,1,1,0,1,0,0,494,7,59.79964800098969,True
self_only,20,0.05,4,43,conflict,R0,1,1,0,1,0,0,494,7,31.877948000328615,True
self_only,20,0.05,4,43,conflict,R0,1,1,0,1,0,0,494,7,31.59315199991397,True
self_only,20,0.05,4,43,conflict,R0,1,1,0,1,0,0,494,7,92.67398300107743,True
self_only,20,0.05,4,43,conflict,R0,1,1,0,1,0,0,494,7,112.63534399950004,True
self_only,20,0.05,4,43,conflict,R0,1,1,0,1,0,0,494,7,35.39770200040948,True
self_only,20,0.05,4,43,conflict,R0,1,1,0,1,0,0,494,7,27.500799000335974,True
self_only,20,0.05,4,43,conflict,R0,1,1,0,1,0,0,494,7,24.04312500038941,True
self_only,20,0.05,4,43,conflict,R0,1,1,0,1,0,0,494,7,24.306741001055343,True
self_only,20,0.05,4,43,conflict,R0,1,1,0,1,0,0,494,7,23.80021399949328,True
self_only,20,0.05,4,43,conflict,R0,1,1,0,1,0,0,494,7,23.44965699921886,True
self_only,20,0.05,4,43,conflict,R0,1,1,0,1,0,0,494,7,23.49535300163552,True
self_only,20,0.05,4,43,conflict,R0,1,1,0,1,0,0,494,7,27.009150999219855,True
self_only,20,0.05,4,43,conflict,R0,1,1,0,1,0,0,494,7,26.04013599921018,True
self_only,20,0.05,4,43,conflict,R0,1,1,0,1,0,0,494,7,23.982254999282304,True
self_only,20,0.05,4,43,conflict,R0,1,1,0,1,0,0,494,7,23.344834000454284,True
self_only,20,0.05,4,43,conflict,R0,1,1,0,1,0,0,494,7,23.88536299986299,True
self_only,20,0.05,4,43,conflict,R0,1,1,0,1,0,0,494,7,23.814760001187096,True
self_only,20,0.05,4,43,conflict,R0,1,1,0,1,0,0,494,7,38.101853999251034,True
self_only,20,0.05,4,43,conflict,R0,1,1,0,1,0,0,494,7,45.465142000466585,True
self_only,20,0.05,4,43,conflict,R0,1,1,0,1,0,0,494,7,72.56777099973988,True
self_only,20,0.05,4,43,conflict,R0,1,1,0,1,0,0,494,7,64.14133300131653,True
self_only,20,0.05,4,43,conflict,R0,1,1,0,1,0,0,494,7,55.804476998673636,True
self_only,20,0.05,4,43,conflict,R0,1,1,0,1,0,0,494,7,60.706993001076626,True
self_only,20,0.05,4,43,conflict,R0,1,1,0,1,0,0,494,7,49.01413300103741,True
self_only,20,0.05,4,43,conflict,R0,1,1,0,1,0,0,494,7,49.881542001458,True
self_only,20,0.05,4,43,conflict,R0,1,1,0,1,0,0,494,7,41.39026300072146,True
self_only,20,0.05,4,43,conflict,R0,1,1,0,1,0,0,494,7,23.634293000213802,True
self_only,20,0.05,4,43,conflict,R0,1,1,0,1,0,0,494,7,45.57939599908423,True
self_only,20,0.05,4,43,conflict,R0,1,1,0,1,0,0,494,7,28.912387999298517,True
self_only,20,0.05,4,43,conflict,R0,1,1,0,1,0,0,494,7,31.89630599990778,True
self_only,20,0.05,4,43,conflict,R0,1,1,0,1,0,0,494,7,29.228264998891973,True
self_only,20,0.05,4,43,conflict,R0,1,1,0,1,0,0,494,7,28.568085999722825,True
self_only,20,0.05,4,43,conflict,R0,1,1,0,1,0,0,494,7,30.160772001181613,True
self_only,20,0.05,4,43,conflict,R0,1,1,0,1,0,0,494,7,27.78790499905881,True
self_only,20,0.05,4,43,conflict,R0,1,1,0,1,0,0,494,7,29.719187999944552,True
self_only,20,0.05,4,43,conflict,R0,1,1,0,1,0,0,494,7,35.8611559986457,True
self_only,20,0.05,4,43,conflict,R0,1,1,0,1,0,0,494,7,48.23739499988733,True
self_only,20,0.05,4,43,conflict,R0,1,1,0,1,0,0,494,7,51.90618699998595,True
self_only,20,0.05,4,43,conflict,R0,1,1,0,1,0,0,494,7,49.931089000892825,True
self_only,20,0.05,4,43,conflict,R0,1,1,0,1,0,0,494,7,24.133275999702164,True
self_only,20,0.05,4,43,conflict,R0,1,1,0,1,0,0,494,7,23.911049998787348,True
self_only,20,0.05,4,43,conflict,R0,1,1,0,1,0,0,494,7,21.95777900124085,True
self_only,20,0.05,4,43,conflict,R0,1,1,0,1,0,0,494,7,22.522663999552606,True
self_only,20,0.05,4,43,conflict,R0,1,1,0,1,0,0,494,7,21.99066700086405,True
self_only,20,0.05,4,43,conflict,R0,1,1,0,1,0,0,494,7,21.632173000398325,True
self_only,20,0.05,4,43,conflict,R0,1,1,0,1,0,0,494,7,22.60626799943566,True
self_only,20,0.05,4,43,conflict,R0,1,1,0,1,0,0,494,7,22.342866001054063,True
self_only,20,0.05,4,43,conflict,R0,1,1,0,1,0,0,494,7,58.37240499931795,True
self_only,20,0.05,4,43,conflict,R0,1,1,0,1,0,0,494,7,47.66897999979847,True
self_only,20,0.05,4,43,conflict,R0,1,1,0,1,0,0,494,7,31.221229999573552,True
self_only,20,0.05,4,43,conflict,R0,1,1,0,1,0,0,494,7,22.392306000256212,True
self_only,20,0.05,4,43,conflict,R0,1,1,0,1,0,0,494,7,23.952978999659535,True
self_only,20,0.05,4,43,conflict,R0,1,1,0,1,0,0,494,7,24.18672699968738,True
self_only,20,0.05,4,43,conflict,R0,1,1,0,1,0,0,494,7,23.64046700131439,True
self_only,20,0.05,4,43,conflict,R0,1,1,0,1,0,0,494,7,23.399551999318646,True
self_only,20,0.05,4,43,conflict,R0,1,1,0,1,0,0,494,7,23.63341399905039,True
self_only,20,0.05,4,43,conflict,R0,1,1,0,1,0,0,494,7,23.408373999700416,True
self_only,20,0.05,4,43,conflict,R0,1,1,0,1,0,0,494,7,22.606552000070224,True
self_only,20,0.05,4,43,conflict,R0,1,1,0,1,0,0,494,7,21.91049400062184,True
self_only,20,0.05,4,43,conflict,R0,1,1,0,1,0,0,494,7,21.508538999114535,True
self_only,20,0.05,4,43,conflict,R0,1,1,0,1,0,0,494,7,21.528123999814852,True
self_only,20,0.05,4,43,conflict,R0,1,1,0,1,0,0,494,7,22.361317998729646,True
self_only,20,0.05,4,43,conflict,R0,1,1,0,1,0,0,494,7,21.878885998376063,True
self_only,20,0.05,4,43,conflict,R0,1,1,0,1,0,0,494,7,22.347837999404874,True
self_only,20,0.05,4,43,conflict,R0,1,1,0,1,0,0,494,7,22.615077999944333,True
self_only,20,0.05,4,43,conflict,R0,1,1,0,1,0,0,494,7,21.960647000014433,True
self_only,20,0.05,4,43,conflict,R0,1,1,0,1,0,0,494,7,23.995167999601108,True
self_only,20,0.05,4,43,conflict,R0,1,1,0,1,0,0,494,7,22.49236799980281,True
self_only,20,0.05,4,43,conflict,R0,1,1,0,1,0,0,494,7,22.306639000817086,True
self_only,20,0.05,4,43,conflict,R0,1,1,0,1,0,0,494,7,22.73847200012824,True
self_only,20,0.05,4,43,conflict,R0,1,1,0,1,0,0,494,7,25.018361999173067,True
self_only,20,0.05,4,43,conflict,R0,1,1,0,1,0,0,494,7,24.43562199914595,True
self_only,20,0.05,4,43,conflict,R0,1,1,0,1,0,0,494,7,24.890257000151905,True
self_only,20,0.05,4,43,conflict,R0,1,1,0,1,0,0,494,7,25.237808000383666,True
self_only,20,0.05,4,43,conflict,R0,1,1,0,1,0,0,494,7,24.939531000200077,True
self_only,20,0.05,4,43,conflict,R0,1,1,0,1,0,0,494,7,24.656640000102925,True
self_only,20,0.05,4,43,conflict,R0,1,1,0,1,0,0,494,7,23.817589999453048,True
self_only,20,0.05,4,43,conflict,R0,1,1,0,1,0,0,494,7,22.629627001151675,True
self_only,20,0.05,4,43,conflict,R0,1,1,0,1,0,0,494,7,47.57935700035887,True
self_only,20,0.05,4,43,conflict,R0,1,1,0,1,0,0,494,7,32.83302199997706,True
self_only,20,0.05,4,43,conflict,R0,1,1,0,1,0,0,494,7,39.5846609990258,True
self_only,20,0.05,4,43,conflict,R0,1,1,0,1,0,0,494,7,36.876643000141485,True
self_only,20,0.05,4,43,conflict,R0,1,1,0,1,0,0,494,7,89.03058899886673,True
self_only,20,0.05,4,43,conflict,R0,1,1,0,1,0,0,494,7,28.76739499879477,True
self_only,20,0.05,4,43,conflict,R0,1,1,0,1,0,0,494,7,28.27143700051238,True
self_only,20,0.05,4,43,conflict,R0,1,1,0,1,0,0,494,7,28.240456000276026,True
self_only,20,0.05,4,43,conflict,R0,1,1,0,1,0,0,494,7,30.438887000855175,True
self_only,20,0.05,4,43,conflict,R0,1,1,0,1,0,0,494,7,31.39531899978465,True
self_only,20,0.05,4,43,conflict,R0,1,1,0,1,0,0,494,7,78.47251099883579,True
self_only,20,0.05,4,43,conflict,R0,1,1,0,1,0,0,494,7,32.271063999360194,True
self_only,20,0.05,4,43,conflict,R0,1,1,0,1,0,0,494,7,28.82195899837825,True
self_only,20,0.05,4,43,conflict,R0,1,1,0,1,0,0,494,7,30.66362599929562,True
self_only,20,0.05,4,43,conflict,R0,1,1,0,1,0,0,494,7,33.654435001153615,True
self_only,20,0.05,4,43,conflict,R0,1,1,0,1,0,0,494,7,41.59744199932902,True
self_only,20,0.05,4,43,conflict,R0,1,1,0,1,0,0,494,7,63.79536299937172,True
self_only,20,0.05,4,43,conflict,R0,1,1,0,1,0,0,494,7,53.16835899975558,True
self_only,20,0.05,4,43,conflict,R0,1,1,0,1,0,0,494,7,39.2767779994756,True
self_only,20,0.05,4,43,conflict,R0,1,1,0,1,0,0,494,7,33.237161000215565,True
self_only,20,0.05,4,43,conflict,R0,1,1,0,1,0,0,494,7,31.4729100009572,True
self_only,20,0.05,4,43,conflict,R0,1,1,0,1,0,0,494,7,30.74809400095546,True
self_only,20,0.05,4,43,conflict,R0,1,1,0,1,0,0,494,7,29.48710599957849,True
self_only,20,0.05,4,43,conflict,R0,1,1,0,1,0,0,494,7,32.88809999867226,True
self_only,20,0.05,4,43,conflict,R0,1,1,0,1,0,0,494,7,32.903217999773915,True
self_only,20,0.05,4,43,conflict,R0,1,1,0,1,0,0,494,7,31.595854999977746,True
self_only,20,0.05,4,43,conflict,R0,1,1,0,1,0,0,494,7,47.727174998726696,True
self_only,20,0.05,4,43,conflict,R0,1,1,0,1,0,0,494,7,27.077051001469954,True
self_only,20,0.05,4,43,conflict,R0,1,1,0,1,0,0,494,7,28.708125000775908,True
self_only,20,0.05,4,43,conflict,R0,1,1,0,1,0,0,494,7,28.342408000753494,True
self_only,20,0.05,4,43,conflict,R0,1,1,0,1,0,0,494,7,85.0374780002312,True
self_only,20,0.05,4,43,conflict,R0,1,1,0,1,0,0,494,7,39.91136699914932,True
self_only,20,0.05,4,43,conflict,R0,1,1,0,1,0,0,494,7,33.44957099943713,True
self_only,20,0.05,4,43,conflict,R0,1,1,0,1,0,0,494,7,36.80175000044983,True
self_only,20,0.05,4,43,conflict,R0,1,1,0,1,0,0,494,7,34.19285899872193,True
self_only,20,0.05,4,43,conflict,R0,1,1,0,1,0,0,494,7,30.421649000345496,True
self_only,20,0.05,4,43,conflict,R0,1,1,0,1,0,0,494,7,31.01510899978166,True
self_only,20,0.05,4,43,conflict,R0,1,1,0,1,0,0,494,7,39.741332999255974,True
self_only,20,0.05,4,43,conflict,R0,1,1,0,1,0,0,494,7,45.22984599861957,True
self_only,20,0.05,4,43,conflict,R0,1,1,0,1,0,0,494,7,56.80776699955459,True
self_only,20,0.05,4,43,conflict,R0,1,1,0,1,0,0,494,7,32.95250299925101,True
self_only,20,0.05,4,43,conflict,R0,1,1,0,1,0,0,494,7,33.97845599829452,True
self_only,20,0.05,4,43,conflict,R0,1,1,0,1,0,0,494,7,26.34493700134044,True
self_only,20,0.05,4,43,conflict,R0,1,1,0,1,0,0,494,7,26.444311000886955,True
self_only,20,0.05,4,43,conflict,R0,1,1,0,1,0,0,494,7,26.4371419998497,True
self_only,20,0.05,4,43,conflict,R0,1,1,0,1,0,0,494,7,25.993016999564134,True
self_only,20,0.05,4,43,conflict,R0,1,1,0,1,0,0,494,7,25.808258000324713,True
self_only,20,0.05,4,43,conflict,R0,1,1,0,1,0,0,494,7,30.014656998901046,True
self_only,20,0.05,4,43,conflict,R0,1,1,0,1,0,0,494,7,33.48881599958986,True
self_only,20,0.05,4,43,conflict,R0,1,1,0,1,0,0,494,7,25.708625000333996,True
self_only,20,0.05,4,43,conflict,R0,1,1,0,1,0,0,494,7,24.631222999232705,True
self_only,20,0.05,4,43,conflict,R0,1,1,0,1,0,0,494,7,24.868557000445435,True
self_only,20,0.05,4,43,conflict,R0,1,1,0,1,0,0,494,7,26.36304299994663,True
self_only,20,0.05,4,43,conflict,R0,1,1,0,1,0,0,494,7,27.183735999642522,True
self_only,20,0.05,4,43,conflict,R0,1,1,0,1,0,0,494,7,28.82403900002828,True
self_only,20,0.05,4,43,conflict,R0,1,1,0,1,0,0,494,7,28.277093000724562,True
self_only,20,0.05,4,43,conflict,R0,1,1,0,1,0,0,494,7,27.054217000113567,True
self_only,20,0.05,4,43,conflict,R0,1,1,0,1,0,0,494,7,30.428341000515502,True
self_only,20,0.05,4,43,conflict,R0,1,1,0,1,0,0,494,7,27.20788800070295,True
self_only,20,0.05,4,43,conflict,R0,1,1,0,1,0,0,494,7,25.58066599885933,True
self_only,20,0.05,4,43,conflict,R0,1,1,0,1,0,0,494,7,25.64754000013636,True
self_only,20,0.05,4,43,conflict,R0,1,1,0,1,0,0,494,7,35.79495600024529,True
self_only,20,0.05,4,43,conflict,R0,1,1,0,1,0,0,494,7,29.612279999128077,True
self_only,20,0.05,4,43,conflict,R0,1,1,0,1,0,0,494,7,26.455159999386524,True
self_only,20,0.05,4,43,conflict,R0,1,1,0,1,0,0,494,7,27.16868199968303,True
self_only,20,0.05,4,43,conflict,R0,1,1,0,1,0,0,494,7,26.397304998681648,True
self_only,20,0.05,4,43,conflict,R0,1,1,0,1,0,0,494,7,31.032441998831928,True
self_only,20,0.05,4,43,conflict,R0,1,1,0,1,0,0,494,7,39.18278600031044,True
self_only,20,0.05,4,43,conflict,R0,1,1,0,1,0,0,494,7,33.1548260001,True
self_only,20,0.05,4,43,conflict,R0,1,1,0,1,0,0,494,7,35.91816900006961,True
self_only,20,0.05,4,43,conflict,R0,1,1,0,1,0,0,494,7,38.54438899907109,True
self_only,20,0.05,4,43,conflict,R0,1,1,0,1,0,0,494,7,30.79512799922668,True
self_only,20,0.05,4,43,conflict,R0,1,1,0,1,0,0,494,7,28.238566999789327,True
self_only,20,0.05,4,43,conflict,R0,1,1,0,1,0,0,494,7,59.05351699948369,True
self_only,20,0.05,4,43,conflict,R0,1,1,0,1,0,0,494,7,26.128850999157294,True
self_only,20,0.05,4,43,conflict,R0,1,1,0,1,0,0,494,7,29.269405000377446,True
self_only,20,0.05,4,43,conflict,R0,1,1,0,1,0,0,494,7,28.013070001179585,True
self_only,20,0.05,4,43,conflict,R0,1,1,0,1,0,0,494,7,27.20946699992055,True
self_only,20,0.05,4,43,conflict,R0,1,1,0,1,0,0,494,7,26.673484999264474,True
self_only,20,0.05,4,43,conflict,R0,1,1,0,1,0,0,494,7,28.118791000451893,True
self_only,20,0.05,4,43,conflict,R0,1,1,0,1,0,0,494,7,27.731195999876945,True
self_only,20,0.05,4,43,conflict,R0,1,1,0,1,0,0,494,7,27.868036000654683,True
self_only,20,0.05,4,43,conflict,R0,1,1,0,1,0,0,494,7,35.51701099968341,True
self_only,20,0.05,4,43,conflict,R0,1,1,0,1,0,0,494,7,37.60751699883258,True
self_only,20,0.05,4,43,conflict,R0,1,1,0,1,0,0,494,7,39.4805500000075,True
self_only,20,0.05,4,43,conflict,R0,1,1,0,1,0,0,494,7,46.290824000607245,True
self_only,20,0.05,4,43,conflict,R0,1,1,0,1,0,0,494,7,32.88676500051224,True
self_only,20,0.05,4,43,conflict,R0,1,1,0,1,0,0,494,7,32.13808200052881,True
self_only,20,0.05,4,43,conflict,R0,1,1,0,1,0,0,494,7,30.349120999744628,True
self_only,20,0.05,4,43,conflict,R0,1,1,0,1,0,0,494,7,25.380007000421756,True
self_only,20,0.05,4,43,conflict,R0,1,1,0,1,0,0,494,7,38.40355600004841,True
self_only,20,0.05,4,43,conflict,R0,1,1,0,1,0,0,494,7,27.548849999220693,True
self_only,20,0.05,4,43,conflict,R0,1,1,0,1,0,0,494,7,25.500247000309173,True
self_only,20,0.05,4,43,conflict,R0,1,1,0,1,0,0,494,7,25.496984999335837,True
self_only,20,0.05,4,43,conflict,R0,1,1,0,1,0,0,494,7,26.87268400040921,True
self_only,20,0.05,4,43,conflict,R0,1,1,0,1,0,0,494,7,26.299485998606542,True
self_only,20,0.05,4,43,conflict,R0,1,1,0,1,0,0,494,7,25.76145499915583,True
self_only,20,0.05,4,43,conflict,R0,1,1,0,1,0,0,494,7,27.565985999899567,True
self_only,20,0.05,4,43,conflict,R0,1,1,0,1,0,0,494,7,25.904779000484268,True
self_only,20,0.05,4,43,conflict,R0,1,1,0,1,0,0,494,7,25.85493900005531,True
self_only,20,0.05,4,43,conflict,R0,1,1,0,1,0,0,494,7,26.11945900025603,True
self_only,20,0.05,4,43,conflict,R0,1,1,0,1,0,0,494,7,28.732775999742444,True
self_only,20,0.05,4,43,conflict,R0,1,1,0,1,0,0,494,7,27.654980000079377,True
self_only,20,0.05,4,43,conflict,R0,1,1,0,1,0,0,494,7,26.93193499908375,True
self_only,20,0.05,4,43,conflict,R0,1,1,0,1,0,0,494,7,26.140861000385485,True
self_only,20,0.05,4,43,conflict,R0,1,1,0,1,0,0,494,7,26.299002000087057,True
self_only,20,0.05,4,43,conflict,R0,1,1,0,1,0,0,494,7,36.29614899909939,True
self_only,20,0.05,4,43,conflict,R0,1,1,0,1,0,0,494,7,32.574877001025015,True
self_only,20,0.05,4,43,conflict,R0,1,1,0,1,0,0,494,7,26.13593999922159,True
self_only,20,0.05,4,43,conflict,R0,1,1,0,1,0,0,494,7,26.0560919996351,True
self_only,20,0.05,4,43,conflict,R0,1,1,0,1,0,0,494,7,25.879879998683464,True
self_only,20,0.05,4,43,conflict,R0,1,1,0,1,0,0,494,7,26.81216500059236,True
self_only,20,0.05,4,43,conflict,R0,1,1,0,1,0,0,494,7,26.86567100136017,True
self_only,20,0.05,4,43,conflict,R0,1,1,0,1,0,0,494,7,25.596088000384043,True
self_only,20,0.05,4,43,conflict,R0,1,1,0,1,0,0,494,7,25.367095000547124,True
self_only,20,0.05,4,43,conflict,R0,1,1,0,1,0,0,494,7,35.41258699988248,True
self_only,20,0.05,4,60,blockage,R1,1,1,0,1,1,0,131,5,15.624207000655588,True
self_only,20,0.05,4,79,blockage,R1,1,1,0,1,0,0,72,1,20.1027660004911,True
self_only,20,0.05,5,16,blockage,R1,1,1,0,1,0,0,1702,7,89.00887399977364,True
self_only,20,0.05,5,19,emergency,R2,1,1,0,1,42,0,497,8,73.63399600035336,True
self_only,20,0.05,5,25,blockage,R1,2,2,0,2,2,0,5686,10,285.38697799922375,True
self_only,20,0.05,5,31,blockage,R1,1,1,0,1,3,0,173,7,55.28663000040979,True
self_only,20,0.05,5,33,blockage,R2,1,1,0,1,9,0,726,7,67.05020099980175,True
self_only,20,0.05,5,41,emergency,R2,1,1,0,1,49,0,379,6,46.55744800038519,True
self_only,20,0.05,5,50,accident,R2,1,1,0,1,15,0,208,7,46.374436000405694,True
self_only,20,0.05,5,52,accident,R1,1,1,0,1,0,0,2537,3,109.83668599874363,True
self_only,20,0.05,5,57,blockage,R1,1,1,0,1,1,0,294,5,37.28563500044402,True
self_only,20,0.05,5,66,blockage,R0,1,1,0,1,0,0,282,3,30.62289499939652,True
self_only,20,0.05,5,70,blockage,R1,1,1,0,1,0,0,88,5,24.655396000525798,True
self_only,20,0.05,5,87,blockage,R1,1,1,0,1,0,0,181,3,27.91397200053325,True
self_only,20,0.05,5,94,blockage,R1,2,2,0,2,2,0,243,6,33.53960800086497,True
self_only,20,0.05,6,3,accident,R2,1,1,0,1,18,0,248,7,58.143474998360034,True
self_only,20,0.05,6,4,blockage,R1,1,1,0,1,0,0,349,7,80.68045199979679,True
self_only,20,0.05,6,7,conflict,R1,1,1,0,1,0,0,323,7,37.312200000087614,True
self_only,20,0.05,6,10,conflict,R1,2,2,0,2,7,0,825,14,54.695999999239575,True
self_only,20,0.05,6,12,blockage,R0,1,1,0,1,0,0,257,7,17.858373001217842,True
self_only,20,0.05,6,19,blockage,R1,1,1,0,1,3,0,335,7,51.8486019991542,True
self_only,20,0.05,6,26,blockage,R0,1,1,0,1,0,0,246,7,20.333693999418756,True
self_only,20,0.05,6,30,emergency,R2,1,1,0,1,20,0,402,8,81.03398399907746,True
self_only,20,0.05,6,44,emergency,R2,1,1,0,1,67,0,519,6,56.93537300066964,True
self_only,20,0.05,6,50,accident,R1,1,1,0,1,0,0,16141,3,633.442586999081,True
self_only,20,0.05,6,51,conflict,R1,2,2,0,2,0,0,18905,8,865.7251149998046,True
self_only,20,0.05,6,53,conflict,R1,2,2,0,2,5,0,625,12,51.72819299878029,True
self_only,20,0.05,6,54,blockage,R1,1,1,0,1,0,0,211,7,23.769241999616497,True
self_only,20,0.05,6,69,blockage,R1,2,2,0,2,0,0,1760,8,116.09195200071554,True
self_only,20,0.05,6,78,blockage,R1,1,1,0,1,1,0,194,5,36.33986200111394,True
self_only,20,0.05,7,10,emergency,R2,1,1,0,1,48,0,735,8,42.49081999842019,True
self_only,20,0.05,7,14,blockage,R1,1,1,0,1,4,0,254,7,27.010186999177677,True
self_only,20,0.05,7,17,blockage,R0,1,1,0,1,0,0,726,8,26.608543999827816,True
self_only,20,0.05,7,19,emergency,R2,1,1,0,1,23,0,402,8,36.03448200010462,True
self_only,20,0.05,7,21,blockage,R1,1,1,0,1,5,0,557,7,37.27841399995668,True
self_only,20,0.05,7,23,accident,R2,1,1,0,1,17,0,473,7,36.22601299866801,True
self_only,20,0.05,7,41,accident,R2,1,1,0,1,9,0,283,5,46.19846999958099,True
self_only,20,0.05,7,45,blockage,R1,1,1,0,1,6,0,690,7,68.80372599880502,True
self_only,20,0.05,7,70,blockage,R1,1,1,0,1,1,0,327,5,31.695702000433812,True
self_only,20,0.05,7,73,blockage,R1,4,4,0,4,7,0,1028,16,62.53911500061804,True
self_only,20,0.05,7,92,blockage,R1,1,1,0,1,0,0,93,5,16.72779399996216,True
self_only,20,0.05,8,18,accident,R1,1,1,0,1,0,0,658,7,54.898169000807684,True
self_only,20,0.05,8,27,blockage,R1,3,3,0,3,5,0,3033,21,266.4725790000375,True
self_only,20,0.05,8,34,blockage,R1,2,2,0,2,0,0,1031,12,72.49858599971049,True
self_only,20,0.05,8,35,emergency,R2,1,1,0,1,72,0,702,6,41.36340500008373,True
self_only,20,0.05,8,41,accident,R1,1,1,0,1,0,0,631,5,35.37950300051307,True
self_only,20,0.05,8,42,conflict,R1,2,2,0,2,4,0,772,12,69.81902199913748,True
self_only,20,0.05,8,42,emergency,R2,1,1,0,1,74,0,709,8,51.73025899966888,True
self_only,20,0.05,8,77,blockage,R1,1,1,0,1,0,0,210,3,55.83619000026374,True
self_only,20,0.05,9,16,conflict,R1,1,1,0,1,0,0,1906,7,199.15083599880745,True
self_only,20,0.05,9,22,emergency,R2,1,1,0,1,70,0,316,8,95.55220100082806,True
self_only,20,0.05,9,28,emergency,R2,1,1,0,1,77,0,1063,6,145.60576199983188,True
self_only,20,0.05,9,31,accident,R2,1,1,0,1,11,0,196,7,81.42920099999174,True
self_only,20,0.05,9,34,conflict,R1,2,2,0,2,5,0,691,12,214.8853489998146,True
self_only,20,0.05,9,39,conflict,R1,2,2,0,2,0,0,637,12,98.50681300122233,True
self_only,20,0.05,9,40,blockage,R1,2,2,0,2,5,0,544,15,228.00182799983304,True
self_only,20,0.05,9,47,blockage,R0,1,1,0,1,0,0,185,5,40.820677000738215,True
self_only,20,0.05,9,48,conflict,R1,2,2,0,2,0,0,455,12,55.25978300101997,True
self_only,20,0.05,9,49,conflict,R1,1,1,0,1,5,0,157,5,104.01498099963646,True
self_only,20,0.05,9,53,accident,R1,1,1,0,1,6,0,136,5,35.113439998895046,True
self_only,20,0.05,9,57,blockage,R0,1,1,0,1,0,0,1018,6,83.48555100019439,True
self_only,20,0.05,9,78,blockage,R1,1,1,0,1,0,0,5832,5,165.2340529999492,True
self_only,20,0.05,9,88,blockage,R1,1,1,0,1,1,0,125,5,19.92162799979269,True
self_only,20,0.1,1,10,blockage,R1,1,1,0,1,1,0,414,7,58.8284580007894,True
self_only,20,0.1,1,14,conflict,R2,1,1,0,1,11,0,443,7,54.91614600032335,True
self_only,20,0.1,1,17,breakdown,R4,1,1,0,1,0,0,801244,2,42931.316098000025,False
self_only,20,0.1,1,20,blockage,R2,1,1,0,1,16,0,422,7,43.474762000187184,True
self_only,20,0.1,1,22,emergency,R2,1,1,0,1,46,0,659,8,34.92087700033153,True
self_only,20,0.1,1,24,blockage,R1,1,1,0,1,3,0,436,7,48.909029999776976,True
self_only,20,0.1,1,30,blockage,R1,1,1,0,1,4,0,287,7,65.61691900060396,True
self_only,20,0.1,1,32,conflict,R1,1,1,0,1,1,0,203,7,43.93912799969257,True
self_only,20,0.1,1,32,emergency,R2,1,1,0,1,60,0,379,8,49.259613999311114,True
self_only,20,0.1,1,39,accident,R2,1,1,0,1,13,0,238,7,34.71380399969348,True
self_only,20,0.1,1,49,blockage,R0,1,1,0,1,0,0,551,7,48.0804149992764,True
self_only,20,0.1,1,55,blockage,R1,3,3,0,3,2,0,488,15,78.80055799978436,True
self_only,20,0.1,1,56,blockage,R1,1,1,0,1,0,0,560,5,67.56075599878386,True
self_only,20,0.1,1,66,blockage,R1,1,1,0,1,4,0,310,5,49.12055299973872,True
self_only,20,0.1,1,67,blockage,R2,1,1,0,1,9,0,254,5,57.5755219997518,True
self_only,20,0.1,1,72,blockage,R1,2,2,0,2,5,0,336,10,66.99563500114891,True
self_only,20,0.1,1,82,blockage,R1,1,1,0,1,5,0,123,5,30.86503300073673,True
self_only,20,0.1,1,88,blockage,R1,1,1,0,1,7,0,94,3,29.36765199956426,True
self_only,20,0.1,1,91,blockage,R0,1,1,0,1,3,0,122,3,25.91013400160591,True
self_only,20,0.1,1,93,blockage,R0,1,1,0,1,2,0,141,3,42.174131000138004,True
self_only,20,0.1,2,1,blockage,R1,3,3,0,3,3,0,1307,21,155.26604700062308,True
self_only,20,0.1,2,12,blockage,R1,1,1,0,1,3,0,476,7,53.657021999242716,True
self_only,20,0.1,2,15,blockage,R1,2,2,0,2,2,0,2991,14,188.9523999998346,True
self_only,20,0.1,2,17,blockage,R1,1,1,0,1,1,0,467,7,47.60464199898706,True
self_only,20,0.1,2,19,blockage,R1,1,1,0,1,3,0,571,7,66.19718899855798,True
self_only,20,0.1,2,22,blockage,R1,1,1,0,1,1,0,435,7,45.620495000548544,True
self_only,20,0.1,2,25,emergency,R2,1,1,0,1,45,0,649,8,59.209035000094445,True
self_only,20,0.1,2,32,accident,R2,1,1,0,1,11,0,190,7,44.619767999392934,True
self_only,20,0.1,2,32,conflict,R1,2,2,0,2,3,0,585,14,46.54146599932574,True
self_only,20,0.1,2,44,blockage+emergency,R2,2,2,0,2,87,0,936,15,91.52132800045365,True
self_only,20,0.1,2,51,blockage,R1,1,1,0,1,6,0,256,5,58.861102999799186,True
self_only,20,0.1,2,59,accident,R2,1,1,0,1,9,0,373,5,37.746158999652835,True
self_only,20,0.1,2,61,blockage,R1,3,3,0,3,5,0,1139,17,83.05182100048114,True
self_only,20,0.1,2,63,blockage,R1,1,1,0,1,0,0,318,7,81.42864399997052,True
self_only,20,0.1,2,63,conflict,R1,2,2,0,2,0,0,608,8,74.33197499995003,True
self_only,20,0.1,2,64,conflict,R1,1,1,0,1,6,0,268,3,28.49364599933324,True
self_only,20,0.1,2,70,blockage,R1,1,1,0,1,2,0,289,3,58.093963998544496,True
self_only,20,0.1,2,84,blockage,R1,1,1,0,1,4,0,82,3,93.48690000115312,True
self_only,20,0.1,2,90,blockage,R1,1,1,0,1,9,0,343,5,30.479805000140914,True
self_only,20,0.1,4,9,accident,R2,1,1,0,1,10,0,193,7,38.32203700039827,True
self_only,20,0.1,4,10,blockage,R0,1,1,0,1,0,0,193,7,20.42607300063537,True
self_only,20,0.1,4,16,blockage,R1,1,1,0,1,1,0,238,7,49.2940140011342,True
self_only,20,0.1,4,22,emergency,R2,2,2,0,2,116,0,987,16,181.12999199911428,True
self_only,20,0.1,4,27,blockage,R1,1,1,0,1,6,0,310,7,84.23068500087538,True
self_only,20,0.1,4,31,accident,R2,1,1,0,1,9,0,153,5,42.43922300156555,True
self_only,20,0.1,4,35,conflict,R1,1,1,0,1,8,0,772,7,108.92780600079277,True
self_only,20,0.1,4,50,blockage,R1,1,1,0,1,8,0,461,7,51.59775100037223,True
self_only,20,0.1,4,59,blockage,R1,2,2,0,2,1,0,480,10,52.61279700062005,True
self_only,20,0.1,4,60,blockage,R1,2,2,0,2,4,0,239,10,101.98769099952187,True
self_only,20,0.1,4,66,blockage,R1,2,2,0,2,6,0,376,10,81.09976800005825,True
self_only,20,0.1,4,68,blockage,R1,1,1,0,1,0,0,379,7,32.23133999927086,True
self_only,20,0.1,4,79,blockage,R1,1,1,0,1,0,0,256,7,28.71740100090392,True
self_only,20,0.1,4,90,blockage,R0,1,1,0,1,0,0,346,5,36.14861400092195,True
self_only,20,0.1,5,4,emergency,R2,1,1,0,1,22,0,580,8,51.51809000017238,True
self_only,20,0.1,5,11,accident,R2,1,1,0,1,10,0,523,7,46.77660199922684,True
self_only,20,0.1,5,13,blockage+emergency,R2,2,2,0,2,71,0,1078,15,84.58156899905589,True
self_only,20,0.1,5,16,blockage,R1,1,1,0,1,0,0,1661,7,91.86943799977598,True
self_only,20,0.1,5,21,blockage,R0,1,1,0,1,0,0,358,7,27.747113999794237,True
self_only,20,0.1,5,25,blockage,R1,2,2,0,2,1,0,5671,10,201.34626899925934,True
self_only,20,0.1,5,28,conflict,R1,1,1,0,1,0,0,214,7,32.355617000575876,True
self_only,20,0.1,5,31,blockage,R1,1,1,0,1,3,0,172,7,30.51142299955245,True
self_only,20,0.1,5,33,blockage,R1,1,1,0,1,4,0,436,7,41.69555000044056,True
self_only,20,0.1,5,38,blockage,R1,2,2,0,2,3,0,1042,10,80.5603600001632,True
self_only,20,0.1,5,46,accident,R1,1,1,0,1,8,0,135,5,32.491713000126765,True
self_only,20,0.1,5,50,conflict,R1,2,2,0,2,0,0,671,10,38.865280999743845,True
self_only,20,0.1,5,50,conflict,R1,2,2,0,2,0,0,551,10,38.760727999033406,True
self_only,20,0.1,5,51,conflict,R2,2,2,0,2,10,0,315,10,22.7188720000413,True
self_only,20,0.1,5,57,blockage,R1,1,1,0,1,1,0,286,5,30.418451999139506,True
self_only,20,0.1,5,66,blockage,R0,1,1,0,1,0,0,274,3,19.368085000678548,True
self_only,20,0.1,5,70,blockage,R1,1,1,0,1,0,0,86,5,16.363871000066865,True
self_only,20,0.1,5,87,blockage,R4,1,1,0,1,11,0,1224491,5,57573.68076000057,False
self_only,20,0.1,5,93,blockage,R1,1,1,0,1,3,0,235,3,59.79127699902165,True
self_only,20,0.1,5,94,blockage,R1,2,2,0,2,1,0,416,6,84.56923399899097,True
self_only,20,0.1,5,103,conflict,R1,2,2,0,2,7,0,69,4,72.76291100060917,True
self_only,20,0.1,7,10,emergency,R2,1,1,0,1,22,0,697,8,44.46911400009412,True
self_only,20,0.1,7,13,accident,R2,1,1,0,1,13,0,649,7,43.914107998716645,True
self_only,20,0.1,7,14,accident+blockage,R2,2,2,0,2,18,0,783,14,76.41672600038873,True
self_only,20,0.1,7,16,blockage,R2,1,1,0,1,10,0,1271,7,82.1778549998271,True
self_only,20,0.1,7,17,blockage,R1,1,1,0,1,7,0,252,7,46.352859999387874,True
self_only,20,0.1,7,21,blockage,R1,1,1,0,1,3,0,529,7,76.90705899949535,True
self_only,20,0.1,7,22,emergency,R1,1,1,0,1,4,0,224,8,62.53153399848088,True
self_only,20,0.1,7,33,blockage,R1,2,2,0,2,4,0,551,12,54.94572099996731,True
self_only,20,0.1,7,34,blockage,R0,1,1,0,1,0,0,512,5,90.60675399996398,True
self_only,20,0.1,7,37,blockage,R1,1,1,0,1,3,0,1029,7,137.23382300122466,True
self_only,20,0.1,7,45,blockage,R1,1,1,0,1,2,0,469,7,130.98709800033248,True
self_only,20,0.1,7,51,blockage,R1,1,1,0,1,0,0,229,5,89.27230600056646,True
self_only,20,0.1,7,70,blockage,R1,1,1,0,1,1,0,339,5,101.94555299858621,True
self_only,20,0.1,7,73,blockage,R1,4,4,0,4,2,0,922,18,169.58616999909282,True
self_only,20,0.1,7,92,blockage,R1,1,1,0,1,4,0,91,3,90.96992699960538,True
self_only,20,0.1,9,9,blockage+emergency,R2,2,2,0,2,27,0,871,15,82.36604900048405,True
self_only,20,0.1,9,13,blockage,R1,1,1,0,1,0,0,270,7,41.028147001270554,True
self_only,20,0.1,9,16,blockage,R1,1,1,0,1,3,0,507,7,50.170909000371466,True
self_only,20,0.1,9,16,conflict,R1,1,1,0,1,0,0,1906,7,88.64463600002637,True
self_only,20,0.1,9,19,emergency,R2,1,1,0,1,45,0,423,6,40.93604400077311,True
self_only,20,0.1,9,21,accident,R1,1,1,0,1,8,0,385,7,37.81328799959738,True
self_only,20,0.1,9,28,blockage,R1,1,1,0,1,3,0,179,5,33.91571200154431,True
self_only,20,0.1,9,31,blockage,R1,1,1,0,1,8,0,423,7,43.20576500140305,True
self_only,20,0.1,9,34,conflict,R1,1,1,0,1,7,0,573,7,44.64756000015768,True
self_only,20,0.1,9,39,conflict,R1,2,2,0,2,0,0,563,12,46.23092700057896,True
self_only,20,0.1,9,40,blockage,R1,2,2,0,2,11,0,534,12,61.40307600071537,True
self_only,20,0.1,9,45,conflict,R1,1,1,0,1,4,0,405,7,36.98773599899141,True
self_only,20,0.1,9,47,blockage,R1,1,1,0,1,4,0,222,5,34.17861600064498,True
self_only,20,0.1,9,55,accident,R2,1,1,0,1,12,0,126,5,21.666926999387215,True
self_only,20,0.1,9,57,blockage,R1,1,1,0,1,1,0,288,5,22.76760999848193,True
self_only,20,0.1,9,64,blockage,R1,1,1,0,1,0,0,206,5,20.467927999561653,True
self_only,20,0.1,9,66,blockage,R1,1,1,0,1,2,0,233,7,21.866007999051362,True
self_only,20,0.1,9,71,blockage,R1,1,1,0,1,0,0,194,5,20.019960998979514,True
self_only,20,0.1,9,78,blockage,R1,1,1,0,1,0,0,119,5,29.138193998733186,True
self_only,20,0.1,9,87,conflict,R1,2,2,0,2,4,0,534,8,33.66316000028746,True
self_only,20,0.1,9,88,blockage,R1,1,1,0,1,3,0,134,5,14.842460999716423,True
self_only,20,0.15,2,1,blockage,R1,3,3,0,3,3,0,1301,21,116.33398099911574,True
self_only,20,0.15,2,5,emergency,R4,3,3,0,3,86,0,2568,79,17565.063726000517,True
self_only,20,0.15,2,12,blockage,R2,1,1,0,1,153,0,1154,8,65.8115429996542,True
self_only,20,0.15,2,15,blockage,R1,2,2,0,2,4,0,2977,14,208.65775999845937,True
self_only,20,0.15,2,16,blockage,R1,1,1,0,1,0,0,87,7,22.948882999116904,True
self_only,20,0.15,2,17,blockage,R1,1,1,0,1,1,0,463,7,59.0512070011755,True
self_only,20,0.15,2,19,blockage,R1,1,1,0,1,3,0,565,7,64.2610680006328,True
self_only,20,0.15,2,21,accident,R1,1,1,0,1,0,0,176,7,33.80117499909829,True
self_only,20,0.15,2,22,blockage,R1,1,1,0,1,1,0,431,7,46.64061900075467,True
self_only,20,0.15,2,25,emergency,R2,1,1,0,1,71,0,365,8,106.80289400079346,True
self_only,20,0.15,2,27,breakdown,R4,1,1,0,1,0,0,805612,8,38312.88819100155,False
self_only,20,0.15,2,35,blockage,R1,1,1,0,1,1,0,222,7,35.924746000091545,True
self_only,20,0.15,2,41,blockage,R1,1,1,0,1,4,0,537,5,58.62313500074379,True
self_only,20,0.15,2,42,blockage,R1,1,1,0,1,1,0,236,7,49.148243000672664,True
self_only,20,0.15,2,44,blockage,R1,1,1,0,1,2,0,275,7,53.67274099990027,True
self_only,20,0.15,2,51,blockage,R2,1,1,0,1,79,0,281,7,49.017491000995506,True
self_only,20,0.15,2,61,blockage,R1,4,4,0,4,3,0,1603,22,205.0787259995559,True
self_only,20,0.15,2,62,blockage,R1,1,1,0,1,2,0,182,7,30.194233999282005,True
self_only,20,0.15,2,63,blockage,R1,1,1,0,1,2,0,366,5,39.94484000031662,True
self_only,20,0.15,2,64,conflict,R1,1,1,0,1,5,0,329,3,87.10592300121789,True
self_only,20,0.15,2,70,blockage,R1,1,1,0,1,1,0,286,3,80.01979300024686,True
self_only,20,0.15,2,84,blockage,R1,1,1,0,1,0,0,135,7,26.980996000929736,True
self_only,20,0.15,2,90,blockage,R1,1,1,0,1,9,0,457,5,84.67744500012486,True
